pl_name,hostname,ra,dec,pl_orbper,pl_orbsmax,pl_rade,pl_bmasse,pl_eqt,disc_year,discoverymethod,pl_orbeccen
"HD 2039 b","HD 2039",6.0851069,-56.6499880,1120.00000000000,2.2000000000,12.70000000,1999.15070000,210.84,2002,"Radial Velocity",0.710000
"HAT-P-8 b","HAT-P-8",343.0414932,35.4471778,3.07634000000,0.0449600000,15.69260000,406.82240000,1713.00,2008,"Transit",0.000000
"K2-43 b","K2-43",169.1170280,-3.9754405,3.47114900000,0.0378400000,4.51000000,18.50000000,939.30,2016,"Transit",0.070000
"Kepler-1753 b","Kepler-1753",288.2366640,46.6058744,16.00460052000,0.1179000000,2.22678077,5.59000000,583.00,2021,"Transit",0.000000
"Kepler-1176 b","Kepler-1176",297.9197240,45.2742038,24.17385790000,0.1589000000,2.45000000,6.57000000,595.00,2016,"Transit",0.000000
"K2-126 b","K2-126",203.5467021,-13.5769705,7.38565500000,0.0656000000,1.97000000,4.54000000,601.00,2017,"Transit",0.060000
"Kepler-1263 b","Kepler-1263",286.4836260,46.7526182,4.55139967000,0.0499000000,1.14000000,1.55000000,907.00,2016,"Transit",0.000000
"Kepler-1416 b","Kepler-1416",298.6634624,43.8940593,1.49514952000,0.0257000000,0.88000000,0.61500000,1870.00,2016,"Transit",0.000000
"Kepler-1542 c","Kepler-1542",285.7284757,42.6544651,2.89223021000,0.0387000000,0.65000000,0.20800000,1287.00,2016,"Transit",0.000000
"K2-85 b","K2-85",59.4648290,18.4649505,0.68453862616,0.0130000000,1.40000000,3.20000000,1355.00,2016,"Transit",0.240000
"Kepler-368 c","Kepler-368",291.8800180,45.3878419,72.37933400000,0.3600000000,3.88000000,14.30000000,575.00,2014,"Transit",0.000000
"K2-123 b","K2-123",134.4441404,21.4532748,30.95152400000,0.1649000000,2.76000000,8.05000000,338.00,2017,"Transit",0.060000
"Kepler-770 b","Kepler-770",286.4904589,38.3748720,18.92540274000,0.1694000000,2.30000000,5.90000000,1171.00,2016,"Transit",0.000000
"Kepler-1399 b","Kepler-1399",293.3116962,46.0416516,1.63865305800,0.0276000000,1.25000000,2.10000000,1610.00,2016,"Transit",0.000000
"Kepler-723 b","Kepler-723",284.8304434,44.6580932,4.08227506800,0.0479000000,12.19000000,,1016.00,2016,"Transit",0.000000
"K2-107 b","K2-107",284.9853550,-22.2934206,3.31395900000,0.0475000000,15.98000000,266.97720000,1649.00,2017,"Transit",0.000000
"K2-45 b","K2-45",169.6327547,-1.7740582,1.72926840000,0.0224000000,6.71000000,36.40000000,1073.56,2016,"Transit",0.100000
"K2-365 b","K2-365",238.8197061,-21.0269691,23.44817200000,,2.90600000,8.78000000,,2022,"Transit",
"K2-127 b","K2-127",207.0782895,-11.5889878,3.58816300000,0.0411000000,8.37000000,52.90000000,809.00,2017,"Transit",0.120000
"K2-195 b","K2-195",199.8315191,-8.5095364,15.85297500000,0.1208000000,3.13000000,9.96000000,720.00,2018,"Transit",
"K2-80 c","K2-80",59.0374860,13.5590288,5.60500000000,0.0596000000,1.47000000,2.76000000,1002.42,2016,"Transit",
"K2-229 c","K2-229",186.8729195,-6.7218474,8.32727000000,0.0769000000,2.03000000,7.00000000,750.00,2018,"Transit",0.000000
"HAT-P-3 b","HAT-P-3",206.0940142,48.0285650,2.89970000000,0.0386600000,10.53646000,206.58950000,1189.00,2007,"Transit",0.000000
"WASP-32 b","WASP-32",3.9617073,1.2005122,2.71866000000,0.0394000000,10.76064000,835.89290000,1388.00,2010,"Transit",0.000000
"WASP-24 b","WASP-24",227.2154975,2.3432860,2.34121000000,0.0365100000,15.46842000,394.10920000,1772.00,2010,"Transit",0.000000
"Kepler-65 c","Kepler-65",288.6887221,41.1511076,5.85994400000,0.0680000000,2.58000000,5.40000000,1246.00,2012,"Transit",0.020000
"TrES-2 b","TrES-2",286.8085258,49.3164211,2.47063000000,0.0356800000,15.24424000,473.56670000,1466.00,2006,"Transit",0.000000
"Kepler-939 b","Kepler-939",293.8656181,47.0268148,14.87829600000,0.1153000000,1.75000000,3.71000000,692.00,2016,"Transit",0.000000
"Kepler-1028 b","Kepler-1028",289.5931004,49.7812447,2.51462432000,0.0354000000,1.33000000,2.33000000,1217.00,2016,"Transit",0.000000
"HAT-P-67 b","HAT-P-67",256.6107279,44.7768849,4.81010690000,0.0650500000,23.98721870,143.02278315,1903.00,2017,"Transit",0.000000
"Kepler-1101 b","Kepler-1101",294.5693544,45.6711623,81.31510590000,0.3483000000,2.47000000,6.66000000,393.00,2016,"Transit",0.000000
"Kepler-1388 b","Kepler-1388",283.3360156,47.1744499,12.28546030000,0.0882000000,2.59000000,7.22000000,434.00,2016,"Transit",0.000000
"Kepler-768 b","Kepler-768",294.1156858,38.3934378,11.39100250000,0.0920000000,1.79000000,3.86000000,618.00,2016,"Transit",0.000000
"Kepler-796 b","Kepler-796",287.3078999,39.1447097,6.40087618000,0.0731700000,1.30000000,2.24000000,1109.00,2016,"Transit",0.000000
"Kepler-110 b","Kepler-110",292.9291693,48.6028303,12.69111200000,0.1070000000,1.83000000,4.01000000,1008.00,2014,"Transit",0.000000
"Kepler-1042 b","Kepler-1042",288.6689428,39.8239935,10.13202575000,0.0756000000,2.19000000,5.43000000,574.00,2016,"Transit",0.000000
"Kepler-334 c","Kepler-334",287.1406177,47.1151153,12.75800500000,0.1070000000,1.43000000,2.63000000,822.00,2014,"Transit",0.000000
"Kepler-937 b","Kepler-937",294.1688142,46.7146161,67.66882700000,0.3214000000,3.72000000,13.40000000,495.00,2016,"Transit",0.000000
"Kepler-1117 b","Kepler-1117",292.0847866,49.2374206,4.79028459000,0.0548500000,1.11000000,1.41000000,938.00,2016,"Transit",0.000000
"Kepler-1789 b","Kepler-1789",282.8631419,41.7966332,80.23190308000,0.3543000000,2.83137505,8.40000000,380.00,2021,"Transit",0.000000
"Kepler-1831 b","Kepler-1831",295.3024604,49.5890456,5.78387022000,0.0655000000,1.97019818,4.54000000,1051.00,2021,"Transit",0.000000
"Kepler-1245 b","Kepler-1245",290.7443078,43.2607530,4.35409304000,0.0484000000,1.44000000,2.67000000,1043.00,2016,"Transit",0.000000
"Kepler-114 b","Kepler-114",294.1214820,48.3497977,5.18854900000,0.0530000000,1.26000000,1.09000000,586.00,2014,"Transit",0.000000
"Kepler-1105 b","Kepler-1105",281.1117588,42.4549698,4.42157218200,0.0471000000,2.01000000,4.70000000,729.00,2016,"Transit",0.000000
"Kepler-187 b","Kepler-187",299.7964955,44.0892448,4.93886400000,0.0590000000,1.41000000,2.57000000,1244.00,2014,"Transit",0.000000
"Kepler-1379 b","Kepler-1379",293.6704404,41.4102105,0.88184114600,0.0171000000,1.30000000,2.24000000,1564.00,2016,"Transit",0.000000
"Kepler-304 c","Kepler-304",294.4418031,40.5575408,5.31594600000,0.0540000000,2.17000000,5.35000000,746.00,2014,"Transit",0.000000
"Kepler-1291 b","Kepler-1291",289.3770051,40.0010791,8.63043276000,0.0779000000,1.66000000,3.39000000,739.00,2016,"Transit",0.000000
"Kepler-304 e","Kepler-304",294.4418031,40.5575408,1.49914695300,0.0231700000,1.20000000,1.87000000,1137.00,2016,"Transit",0.000000
"Kepler-461 b","Kepler-461",292.2490563,46.1647909,8.31378305900,0.0789500000,2.58000000,7.18000000,886.00,2016,"Transit",0.000000
"Kepler-1894 b","Kepler-1894",295.5864604,49.6668523,2.76266002700,0.0385000000,1.20117759,1.87000000,1231.00,2021,"Transit",0.000000
"Kepler-576 b","Kepler-576",295.1828896,38.6542028,29.91136794000,0.1790000000,3.27000000,10.70000000,541.00,2016,"Transit",0.000000
"Kepler-1893 b","Kepler-1893",298.4012866,44.8381709,4.17936992600,0.0504000000,1.70557445,3.55000000,1194.00,2021,"Transit",0.000000
"Kepler-1601 b","Kepler-1601",285.5129496,38.0798390,2.20921951000,0.0328100000,0.82000000,0.47700000,1507.00,2016,"Transit",0.000000
"Kepler-1922 b","Kepler-1922",292.3303706,37.9970696,13.22259998000,0.1077000000,2.29064904,5.86000000,740.00,2021,"Transit",0.000000
"HD 80653 b","HD 80653",140.3390845,14.3678691,0.71957926000,0.0165700000,1.62100000,5.61000000,2438.00,2020,"Transit",0.000000
"Kepler-1542 d","Kepler-1542",285.7284757,42.6544651,5.99273738000,0.0629000000,0.87000000,0.59000000,1010.00,2016,"Transit",0.000000
"Kepler-666 b","Kepler-666",298.4568899,48.7915925,4.49876092000,0.0542000000,2.40000000,6.35000000,1133.00,2016,"Transit",0.000000
"Kepler-211 c","Kepler-211",285.4391183,43.1685051,6.04045000000,0.0620000000,1.29000000,18.30000000,841.00,2014,"Transit",0.000000
"Kepler-203 c","Kepler-203",297.0899590,41.3880686,5.37064700000,0.0610000000,2.47000000,749.90000000,1096.00,2014,"Transit",0.000000
"GJ 674 b","GJ 674",262.1700476,-46.8989826,4.69380000000,0.0390000000,3.33000000,11.09000000,530.80,2007,"Radial Velocity",0.200000
"OGLE-TR-182 b","OGLE-TR-182",167.3279228,-61.0952624,3.97910000000,0.0510000000,12.66600000,320.99500000,1550.00,2007,"Transit",0.000000
"HD 69830 c","HD 69830",124.6010091,-12.6364246,31.56000000000,0.1860000000,3.46000000,11.80000000,567.04,2006,"Radial Velocity",0.130000
"GJ 3021 b","GJ 3021",4.0634323,-79.8514218,133.71000000000,0.4900000000,13.10000000,1071.04000000,350.00,2000,"Radial Velocity",0.511000
"HD 221287 b","HD 221287",352.8362230,-58.2097540,456.10000000000,1.2500000000,13.10000000,982.05000000,290.13,2007,"Radial Velocity",0.080000
"HD 47536 b","HD 47536",99.4489580,-32.3394531,712.13000000000,1.9300000000,12.60000000,2330.00000000,736.52,2002,"Radial Velocity",0.200000
"HD 107148 b","HD 107148",184.8059773,-3.3199927,48.05600000000,0.2690000000,9.60000000,66.74100000,582.78,2005,"Radial Velocity",0.050000
"HD 179949 b","HD 179949",288.8890182,-24.1797939,3.09251400000,0.0443000000,13.90000000,291.12000000,1590.53,2000,"Radial Velocity",0.022000
"HD 188015 b","HD 188015",298.0191857,28.0999769,461.20000000000,1.2030000000,13.60000000,476.72000000,267.98,2004,"Radial Velocity",0.137000
"HD 27442 b","HD 27442",64.1205476,-59.3028771,428.10000000000,1.2710000000,13.50000000,495.80000000,369.62,2000,"Radial Velocity",0.060000
"HD 46375 b","HD 46375",98.3030763,5.4625071,3.02357300000,0.0398000000,10.00000000,71.80000000,1221.40,2000,"Radial Velocity",0.063000
"HAT-P-2 b","HAT-P-2",245.1514324,41.0479601,5.63351580000,0.0681400000,10.65975900,2866.81223114,1540.00,2007,"Transit",0.517200
"HD 109749 b","HD 109749",189.3173489,-40.8121458,5.23989100000,0.0615000000,11.10000000,85.81410000,1250.83,2005,"Radial Velocity",0.000000
"HD 149143 b","HD 149143",248.2126715,2.0844547,4.07182000000,0.0530000000,13.60000000,422.71390000,1471.90,2005,"Radial Velocity",0.016700
"HD 224693 b","HD 224693",359.9749837,-22.4279999,26.69040000000,0.1910000000,14.00000000,222.48100000,903.45,2006,"Radial Velocity",0.104000
"HD 231701 b","HD 231701",293.0176220,16.4743566,141.63000000000,0.5670000000,13.70000000,359.14790000,483.27,2007,"Radial Velocity",0.130000
"HIP 14810 b","HIP 14810",47.8092750,21.0971302,6.67389200000,0.0696000000,13.00000000,1239.53700000,1048.20,2005,"Radial Velocity",0.143990
"HIP 14810 d","HIP 14810",47.8092750,21.0971302,981.80000000000,1.9400000000,14.10000000,187.51970000,198.54,2009,"Radial Velocity",0.185000
"HD 207832 b","HD 207832",328.1517893,-26.0271749,160.07000000000,0.5860000000,14.20000000,177.98480000,340.28,2012,"Radial Velocity",0.197000
"HD 37605 c","HD 37605",85.0074276,6.0595116,2720.00000000000,3.7400000000,13.10000000,1013.87770000,126.75,2012,"Radial Velocity",0.030000
"HD 1605 c","HD 1605",5.1317548,30.9750611,2149.00000000000,3.5840000000,13.00000000,1150.54460000,233.88,2015,"Radial Velocity",0.099000
"HD 55696 b","HD 55696",108.0622029,-38.1746390,1827.00000000000,3.1800000000,12.90000000,1357.12729789,200.43,2018,"Radial Velocity",0.705000
"HD 148164 c","HD 148164",246.4351678,11.9190729,5062.00000000000,6.1500000000,12.80000000,1640.00280000,135.77,2018,"Radial Velocity",0.125000
"HD 211810 b","HD 211810",334.5286724,61.1349912,1558.00000000000,2.6560000000,14.00000000,212.94610000,177.77,2018,"Radial Velocity",0.680000
"HD 221416 b","HD 221416",353.0331863,-21.8012007,14.27670000000,0.1228000000,9.17000000,60.50000000,1314.67,2019,"Transit",0.115000
"Kepler-595 c","Kepler-595",294.5703593,50.6730147,12.38602000000,0.0983000000,1.00900000,3.30000000,679.00,2020,"Transit",0.000000
"Kepler-595 b","Kepler-595",294.5703593,50.6730147,25.30290920000,0.1582000000,3.70800000,17.40000000,535.00,2016,"Transit",0.000000
"PSR B1257+12 b","PSR B1257+12",195.0149029,12.6823534,25.26200000000,0.1900000000,0.33800000,0.02000000,,1994,"Pulsar Timing",0.000000
"PSR B1257+12 c","PSR B1257+12",195.0149029,12.6823534,66.54190000000,0.3600000000,1.91000000,4.30000000,,1992,"Pulsar Timing",0.018600
"OGLE-TR-211 b","OGLE-TR-211",160.0598236,-62.4555353,3.67724000000,0.0510000000,15.24400000,327.35100000,1686.00,2007,"Transit",0.000000
"Lupus-TR-3 b","Lupus-TR-3",232.5774696,-42.9799461,3.91405000000,0.0464000000,9.97600000,257.43100000,1013.56,2007,"Transit",0.000000
"2MASS J04414489+2301513 b","2MASS J04414489+2301513",70.4371079,23.0308544,,15.0000000000,12.60000000,2383.60000000,17.60,2010,"Imaging",
"WASP-21 b","WASP-21",347.4928024,18.3961597,4.32248200000,0.0520000000,11.99000000,95.34500000,1333.00,2010,"Transit",0.000000
"CoRoT-10 b","CoRoT-10",291.0636813,0.7460143,13.24060000000,0.1055000000,10.87000000,874.00000000,600.00,2010,"Transit",0.530000
"CoRoT-12 b","CoRoT-12",100.7656871,-1.2964437,2.82804200000,0.0401600000,16.14000000,291.43800000,1442.00,2010,"Transit",0.070000
"CoRoT-13 b","CoRoT-13",102.7211432,-5.0864557,4.03519000000,0.0510000000,9.92000000,415.70400000,1700.00,2010,"Transit",0.000000
"HD 285968 b","HD 285968",70.7353853,18.9533580,8.78360000000,0.0660000000,2.83000000,8.40000000,450.00,2008,"Radial Velocity",0.000000
"HD 205739 b","HD 205739",324.5351273,-31.7378373,279.80000000000,0.8960000000,13.60000000,435.41000000,362.84,2008,"Radial Velocity",0.270000
"CoRoT-3 b","CoRoT-3",292.0552827,0.1218359,4.25680000000,0.0578300000,11.32000000,6883.91000000,1695.00,2008,"Transit",0.000000
"HD 16417 b","HD 16417",39.2441029,-34.5790905,17.24000000000,0.1400000000,5.00000000,22.10000000,964.00,2008,"Radial Velocity",0.200000
"AB Pic b","AB Pic",94.8039208,-58.0541184,,260.0000000000,12.30000000,4290.50000000,15.80,2005,"Imaging",
"CT Cha b","CT Cha",166.0375038,-76.4553693,,440.0000000000,24.66000000,5403.00000000,2600.00,2007,"Imaging",
"HD 9446 b","HD 9446",23.3350424,29.2649187,30.05200000000,0.1890000000,14.00000000,222.47200000,642.55,2009,"Radial Velocity",0.200000
"Kepler-4 b","Kepler-4",285.6154492,50.1357712,3.21346000000,0.0456000000,4.00200000,24.47200000,1650.00,2009,"Transit",0.000000
"GJ 876 c","GJ 876",343.3239737,-14.2665958,30.08810000000,0.1295900000,14.00000000,226.98460000,241.66,2000,"Radial Velocity",0.255910
"HIP 79431 b","HIP 79431",243.1742467,-18.8764247,111.70000000000,0.3600000000,13.40000000,667.41500000,177.42,2009,"Radial Velocity",0.290000
"TOI-907.01","TOI-907",262.1834072,-62.8403830,4.58491290000,0.0552254810,9.61588510,67.00000000,1846.60,2024,"Transit",
"WASP-31 b","WASP-31",169.4388603,-19.0547781,3.40590960000,0.0465900000,17.36300000,151.91600000,1423.70,2010,"Transit",0.000000
"24 Sex b","24 Sex",155.8684866,-0.9023998,452.80000000000,1.3330000000,13.40000000,632.46000000,471.32,2010,"Radial Velocity",0.090000
"WASP-37 b","WASP-37",221.9438866,1.0650227,3.57746900000,0.0446000000,13.00200000,572.07000000,1232.50,2010,"Transit",0.000000
"Kepler-9 d","Kepler-9",285.5739904,38.4008192,1.59285100000,0.0273000000,1.64000000,8.41466053,2026.00,2010,"Transit",0.000000
"KOI-217 b","KOI-217",294.8654667,46.2858128,3.90512000000,0.0477000000,12.44200000,,1046.00,2010,"Transit",0.000000
"HD 90156 b","HD 90156",155.9801144,-29.6451030,49.77000000000,0.2500000000,4.43000000,17.98000000,518.01,2011,"Radial Velocity",0.310000
"HD 177830 c","HD 177830",286.3363574,25.9204327,110.90000000000,0.5137000000,7.87000000,47.67250000,538.95,2010,"Radial Velocity",0.300000
"ups And b","ups And",24.1983534,41.4038147,4.61703300000,0.0592216600,14.00000000,218.53100000,1523.73,1996,"Radial Velocity",0.021500
"ups And d","ups And",24.1983534,41.4038147,1276.46000000000,2.5132900000,12.50000000,3257.74117175,233.90,1999,"Radial Velocity",0.298700
"OGLE-2017-BLG-0373L b","OGLE-2017-BLG-0373L",269.3294067,-31.9517231,,2.4240000000,14.00000000,127.00000000,,2018,"Microlensing",
"Kepler-1737 b","Kepler-1737",297.0148111,47.4864170,64.61750031000,0.2970000000,5.39500000,25.10000000,383.00,2021,"Transit",0.000000
"K2-269 b","K2-269",130.1551381,13.0146799,4.14496500000,0.0531000000,1.57000000,3.09000000,1429.00,2018,"Transit",
"TOI-1249 b","TOI-1249",200.5615762,66.3085331,13.07915100000,0.1090000000,3.27103010,11.90000000,726.89,2024,"Transit",0.000000
"Kepler-106 d","Kepler-106",300.8640060,44.3375497,23.98020000000,0.1606300000,0.95000000,8.10000000,649.00,2014,"Transit",0.000000
"Kepler-1031 b","Kepler-1031",296.0898796,48.9554121,1.22621732000,0.0218000000,0.87000000,0.59000000,2024.00,2016,"Transit",0.000000
"CD-35 2722 B b","CD-35 2722 B",92.3300000,-35.8255389,171.11000000000,0.2000000000,13.90000000,292.40213444,77.39,2026,"Radial Velocity",0.270000
"Kepler-948 b","Kepler-948",293.3002774,41.5233244,7.76846622000,0.0749000000,1.85000000,4.08000000,841.00,2016,"Transit",0.000000
"OGLE-2014-BLG-0319L b","OGLE-2014-BLG-0319L",266.9611667,-33.9350444,,3.4900000000,14.10000000,181.16219199,,2022,"Microlensing",
"OGLE-2018-BLG-1011L b","OGLE-2018-BLG-1011L",269.0140000,-29.0828889,,1.8000000000,13.50000000,570.00000000,,2019,"Microlensing",
"WASP-61 b","WASP-61",75.2996637,-26.0541438,3.85590000000,0.0521000000,15.80469000,851.78440000,1624.40,2012,"Transit",0.000000
"KMT-2022-BLG-0303L b","KMT-2022-BLG-0303L",268.0331250,-22.6890806,,4.8100000000,14.20000000,163.04597279,,2024,"Microlensing",
"OGLE-2019-BLG-0954L b","OGLE-2019-BLG-0954L",267.9132500,-29.6110000,,2.6500000000,12.30000000,4513.16337940,,2021,"Microlensing",
"WASP-123 b","WASP-123",289.4792124,-32.8601244,2.97764359000,0.0426300000,15.13212395,285.72917000,1500.00,2016,"Transit",0.000000
"Kepler-1882 b","Kepler-1882",290.6640856,43.4997866,13.78730011000,0.1163600000,1.48674404,2.81000000,894.00,2021,"Transit",0.000000
"KOI-984 b","KOI-984",291.0489438,36.8400772,4.28817850000,0.0504000000,4.30000000,17.10000000,1022.00,2022,"Transit",0.120000
"Kepler-1573 b","Kepler-1573",292.9883129,49.4849664,2.61575540000,0.0364000000,1.20000000,1.87000000,1379.00,2016,"Transit",0.000000
"Kepler-802 b","Kepler-802",286.0157998,45.0077413,40.05874730000,0.2265000000,3.54000000,12.30000000,489.00,2016,"Transit",0.000000
"KMT-2023-BLG-1454L b","KMT-2023-BLG-1454L",267.6200833,-29.6227500,,1.1800000000,14.10000000,200.23189641,,2024,"Microlensing",
"Kepler-1440 b","Kepler-1440",285.3469737,48.3122283,39.85948400000,0.2343100000,1.26000000,2.13000000,597.00,2016,"Transit",0.000000
"WASP-130 b","WASP-130",203.1060194,-42.4752733,11.55098000000,0.1012000000,9.97601000,390.93090000,833.00,2016,"Transit",0.000000
"OGLE-2017-BLG-1049L b","OGLE-2017-BLG-1049L",269.5335420,-27.1442222,,3.9200000000,12.80000000,1760.00000000,,2020,"Microlensing",
"Kepler-949 b","Kepler-949",298.6079128,46.4536600,8.68930729600,0.0773900000,2.91000000,8.80000000,782.00,2016,"Transit",0.000000
"Kepler-1964 b","Kepler-1964",297.0588033,49.4784362,2.44082999200,0.0322000000,1.78105870,3.83000000,986.00,2021,"Transit",0.000000
"KMT-2023-BLG-1592L b","KMT-2023-BLG-1592L",268.6786667,-29.0084194,,3.9000000000,14.10000000,184.34047606,,2026,"Microlensing",
"OGLE-2019-BLG-0362L b","OGLE-2019-BLG-0362L",263.4652500,-24.8103611,,2.1800000000,13.10000000,1036.12060682,,2022,"Microlensing",
"KMT-2017-BLG-1057L b","KMT-2017-BLG-1057L",265.4860000,-22.3351111,,2.3600000000,5.19000000,23.50000000,,2024,"Microlensing",
"KMT-2025-BLG-1616L b","KMT-2025-BLG-1616L",267.7788750,-30.1391111,,1.6000000000,7.34000000,42.32000000,,2026,"Microlensing",
"Wolf 327 b","Wolf 327",148.3783199,35.5705480,0.57347450000,0.0100000000,1.24000000,2.53000000,996.00,2024,"Transit",0.000000
"Kepler-62 f","Kepler-62",283.2125621,45.3496992,267.29100000000,0.7180000000,1.41000000,35.00000000,208.00,2013,"Transit",0.000000
"WASP-53 c","WASP-53",31.9091639,-20.6618430,2840.00000000000,3.7300000000,,5196.52050000,110.47,2017,"Radial Velocity",0.836900
"KMT-2023-BLG-1743L b","KMT-2023-BLG-1743L",269.1652500,-28.8549194,,1.1600000000,12.10000000,6356.56814000,,2024,"Microlensing",
"TOI-5789 c","TOI-5789",302.7734475,16.1897138,12.92774800000,0.1009000000,2.86000000,5.00000000,718.00,2026,"Transit",0.067000
"MOA-2019-BLG-008L b","MOA-2019-BLG-008L",267.9828750,-29.9897306,,,12.20000000,5720.91132600,,2022,"Microlensing",
"OGLE-2016-BLG-1598L b","OGLE-2016-BLG-1598L",270.1907500,-29.1754389,,2.5000000000,13.60000000,120.77479466,,2024,"Microlensing",
"OGLE-2017-BLG-1275L b","OGLE-2017-BLG-1275L",267.9154167,-29.4979694,,2.0900000000,12.80000000,1875.18760130,,2024,"Microlensing",
"HATS-44 b","HATS-44",84.3267559,-27.9725758,2.74390040000,0.0364900000,11.96000300,177.98480000,1161.00,2018,"Transit",0.279000
"HD 160691 b","HD 160691",266.0361585,-51.8348751,645.00000000000,1.5000000000,,1366.66215010,262.13,2000,"Radial Velocity",0.050500
"Kepler-132 b","Kepler-132",283.2358100,41.3430370,6.17819600000,0.0670000000,1.21000000,1.92000000,1082.00,2014,"Transit",0.000000
"KMT-2021-BLG-0192L b","KMT-2021-BLG-0192L",268.1049583,-30.0086889,,1.6200000000,6.56000000,34.96112477,,2022,"Microlensing",
"Kepler-49 b","Kepler-49",292.2945208,40.5918123,7.20000000000,0.0592900000,2.57900000,9.77000000,509.00,2012,"Transit",0.000000
"KMT-2016-BLG-2364L b","KMT-2016-BLG-2364L",265.7156670,-27.4355611,,2.6300000000,13.00000000,1250.00000000,,2020,"Microlensing",
"Kepler-218 c","Kepler-218",295.4128785,46.2665801,44.69957600000,0.2480000000,3.14000000,10.00000000,500.00,2014,"Transit",0.000000
"GJ 328 c","GJ 328",133.7819507,1.5420011,241.80000000000,0.6570000000,4.91000000,21.40000000,184.01,2023,"Radial Velocity",
"K2-212 b","K2-212",18.4241015,3.0970732,9.79564700000,0.0785000000,2.65000000,7.51000000,542.00,2018,"Transit",
"KMT-2022-BLG-1818L c","KMT-2022-BLG-1818L",270.7986250,-27.4811111,,12.6000000000,13.20000000,114.41822652,,2026,"Microlensing",
"Qatar-8 b","Qatar-8",157.4123405,70.5270835,3.71495000000,0.0474000000,14.40356500,117.91493000,1457.00,2019,"Transit",0.000000
"KMT-2018-BLG-0885L b","KMT-2018-BLG-0885L",268.9663333,-28.5133611,,1.0700000000,11.90000000,9217.02380300,,2023,"Microlensing",
"KMT-2016-BLG-2321L b","KMT-2016-BLG-2321L",264.0579167,-25.5248806,,3.5800000000,13.80000000,301.93698665,,2024,"Microlensing",
"Kepler-74 b","Kepler-74",293.0925275,41.3555095,7.34071100000,0.0781000000,10.76000000,200.22000000,1078.00,2013,"Transit",0.000000
"OGLE-2017-BLG-0482L b","OGLE-2017-BLG-0482L",269.0488890,-30.5283604,,1.8000000000,2.95000000,9.00000000,,2018,"Microlensing",
"PSR B0329+54 b","PSR B0329+54",53.2472749,54.5791636,10140.00000000000,10.2600000000,1.22000000,1.97000000,,2017,"Pulsar Timing",0.236000
"K2-140 b","K2-140",188.1373172,-9.6076115,6.56918800000,0.0680000000,13.56286665,295.58041851,962.00,2017,"Transit",0.000000
"HD 184010 c","HD 184010",292.8401421,26.6172796,484.30000000000,1.3340000000,11.80000000,95.34852210,457.53,2022,"Radial Velocity",0.000000
"EPIC 201595106 b","EPIC 201595106",183.7203635,1.9681688,0.87724000000,0.0177000000,1.56500000,7.67000000,2038.00,2021,"Transit",0.000000
"TOI-1203 e","TOI-1203",168.2267358,-34.4069371,204.59000000000,,7.31000000,42.10000000,,2025,"Radial Velocity",0.152000
"Kepler-1503 b","Kepler-1503",293.7271604,42.8067119,96.16987000000,0.3771000000,2.27000000,5.77000000,321.00,2016,"Transit",0.000000
"Kepler-1781 b","Kepler-1781",291.7114906,42.3415097,4.88752985000,0.0574000000,2.38091029,6.26000000,1003.00,2021,"Transit",0.000000
"Kepler-57 c","Kepler-57",293.6413146,44.6570692,11.60000000000,0.0958800000,2.19600000,6.86000000,671.00,2012,"Transit",0.072500
"Kepler-1124 b","Kepler-1124",286.5942529,37.8912836,2.85234897500,0.0305000000,1.28000000,2.18000000,621.00,2016,"Transit",0.000000
"Kepler-1581 b","Kepler-1581",287.3713199,39.6036225,6.28385491000,0.0686500000,0.80000000,0.43700000,1108.00,2016,"Transit",0.000000
"K2-136 c","K2-136",67.4128615,22.8825674,17.30723000000,0.1185000000,3.00000000,18.10000000,470.00,2017,"Transit",0.047000
"HD 39091 b","HD 39091",84.2992798,-80.4646041,2088.80000000000,3.2800000000,12.30000000,4481.38053870,172.74,2001,"Radial Velocity",0.642000
"LHS 1815 b","LHS 1815",91.0899861,-55.3115376,3.81433400000,0.0404000000,1.08800000,1.58000000,617.00,2020,"Transit",0.000000
"Kepler-464 b","Kepler-464",294.8351052,48.9823204,7.25696522400,0.0793100000,3.30000000,10.90000000,1163.00,2016,"Transit",0.000000
"Kepler-1580 b","Kepler-1580",285.9687099,41.3635264,56.64492790000,0.3357100000,2.11000000,5.10000000,733.00,2016,"Transit",0.000000
"Kepler-198 d","Kepler-198",290.6731326,38.6910045,1.31184443000,0.0234200000,1.53000000,2.96000000,1562.00,2016,"Transit",0.000000
"HD 50554 b","HD 50554",103.6782730,24.2451409,1240.00000000000,2.3390000000,12.80000000,1859.29618095,192.65,2002,"Radial Velocity",0.482000
"HD 73267 c","HD 73267",129.0735123,-34.4594469,17071.78045000000,12.6880000000,12.80000000,1630.77755632,69.53,2022,"Radial Velocity",0.089000
"Kepler-580 b","Kepler-580",283.4997537,40.5528053,8.22241965600,0.0683000000,2.57000000,7.13000000,558.00,2016,"Transit",0.000000
"KOI-12 b","KOI-12",297.4537402,41.0110188,17.85518200000,0.1540000000,13.78707000,349.61300000,911.00,2015,"Transit",0.340000
"Kepler-637 b","Kepler-637",292.4172566,41.4168384,23.20584623000,0.1661900000,4.75000000,20.20000000,1002.00,2016,"Transit",0.000000
"HD 29985 b","HD 29985",70.5216589,-33.9210696,20608.14049000000,13.3900000000,12.80000000,1739.47487151,46.73,2022,"Radial Velocity",0.261000
"HD 165155 b","HD 165155",271.4893395,-29.9172536,434.50000000000,1.1300000000,13.20000000,918.52870000,239.90,2016,"Radial Velocity",0.200000
"HD 22946 d","HD 22946",54.8195380,-42.7630276,47.42489000000,0.2958000000,2.60700000,26.57000000,546.00,2023,"Transit",
"Kepler-1697 b","Kepler-1697",287.6633310,43.4713782,33.49690000000,0.2008000000,1.25954761,2.12000000,630.00,2020,"Transit",0.000000
"Kepler-674 b","Kepler-674",285.1761864,50.1496897,2.24338184700,0.0280000000,1.69000000,3.50000000,822.00,2016,"Transit",0.000000
"Kepler-873 b","Kepler-873",296.4031319,51.2712773,20.55338440000,0.1542000000,3.75000000,13.50000000,749.00,2016,"Transit",0.000000
"Kepler-783 b","Kepler-783",291.0628615,47.4847890,4.29264638000,0.0495800000,0.78000000,0.39900000,991.00,2016,"Transit",0.000000
"HD 31527 c","HD 31527",73.9096193,-23.2413163,51.20530000000,0.2663000000,3.85000000,14.16000000,571.07,2019,"Radial Velocity",0.040000
"Kepler-1955 b","Kepler-1955",299.5347603,40.4777528,14.26519966000,0.1195900000,1.16654878,1.69000000,853.00,2021,"Transit",0.000000
"Kepler-1684 b","Kepler-1684",294.0054181,46.3106625,47.70550000000,0.2253000000,2.87084792,8.60000000,347.00,2020,"Transit",0.000000
"Kepler-322 c","Kepler-322",281.3487514,44.2952525,4.33723400000,0.0510000000,1.67000000,3.43000000,996.00,2014,"Transit",0.000000
"Qatar-5 b","Qatar-5",7.0539375,42.0613451,2.87923190000,0.0412700000,12.40836300,1373.02560000,1415.00,2017,"Transit",0.000000
"Kepler-399 c","Kepler-399",299.5017242,40.6707669,26.67569000000,0.1550000000,1.43000000,2.63000000,630.00,2014,"Transit",0.000000
"DMPP-2 c","DMPP-2",27.4077310,-34.4590985,3.16800000000,0.0478900000,8.26000000,51.79000000,1910.88,2026,"Radial Velocity",0.280000
"TOI-1062 b","TOI-1062",38.1209678,-78.0236828,4.11296000000,0.0520000000,2.26500000,10.15000000,1077.00,2021,"Transit",0.177000
"TOI-1759 b","TOI-1759",326.8516615,62.7538164,18.85019000000,0.1177000000,3.14000000,10.80000000,443.00,2022,"Transit",0.000000
"TOI-2285 b","TOI-2285",332.5632644,58.7060934,13.63510900000,0.1363000000,1.77000000,19.50000000,358.00,2021,"Transit",0.300000
"Kepler-546 b","Kepler-546",283.2575730,40.9904095,4.14702025800,0.0502000000,7.00000000,39.10000000,1258.00,2016,"Transit",0.000000
"Kepler-682 b","Kepler-682",289.1122204,51.7373589,12.61190667200,0.1058000000,7.37000000,42.60000000,753.00,2016,"Transit",0.000000
"TOI-220 b","TOI-220",91.7996988,-61.9972098,10.69526400000,0.0891100000,3.03000000,13.80000000,805.00,2021,"Transit",0.032000
"TOI-5624 f","TOI-5624",180.8443476,49.2512257,45.37000000000,0.2366000000,3.66000000,13.00000000,478.50,2026,"Transit Timing Variations",0.000000
"Kepler-242 b","Kepler-242",286.5656932,41.8084168,8.20395000000,0.0750000000,2.61000000,7.32000000,742.00,2014,"Transit",0.000000
"Kepler-258 b","Kepler-258",294.0684116,46.5791357,13.19722000000,0.1030000000,4.06000000,15.50000000,642.00,2014,"Transit",0.000000
"TOI-4898 b","TOI-4898",197.3416711,-32.8294537,2.76520470167,,3.71979540,13.40000000,667.00,2026,"Transit",
"Kepler-1292 b","Kepler-1292",284.9057222,43.9491434,3.27646405000,0.0443000000,1.82000000,3.97000000,1195.00,2016,"Transit",0.000000
"HD 128717 b","HD 128717",219.0881687,57.5609512,3420.00000000000,4.8500000000,12.10000000,6293.00245860,151.90,2025,"Astrometry",0.850000
"TOI-3278 b","TOI-3278",291.8668611,-62.0948769,3.24645600000,0.0430000000,13.89913607,95.34852210,1561.00,2026,"Transit",0.000000
"Kepler-103 b","Kepler-103",288.9845512,40.0644857,15.96532870000,0.1330000000,3.48570000,11.67000000,973.00,2014,"Transit",0.171000
"TOI-4492 b","TOI-4492",308.6508000,29.2381016,4.43318240000,0.0535000000,11.78063872,1881.54416944,1207.00,2026,"Transit",
"pi Men d","HD 39091",84.2992798,-80.4646041,124.64000000000,0.5060000000,3.72000000,13.38000000,443.55,2022,"Radial Velocity",0.220000
"Kepler-1058 b","Kepler-1058",294.5956256,45.8750556,110.96546000000,0.3679000000,2.72000000,7.85000000,239.00,2016,"Transit",0.000000
"Kepler-160 b","Kepler-160",287.7735730,42.8692755,4.30939700000,0.0551100000,1.71500000,3.59000000,1134.00,2014,"Transit",0.000000
"Kepler-1365 b","Kepler-1365",292.1996573,42.0459944,7.69993485000,0.0783900000,0.92000000,0.72100000,969.00,2016,"Transit",0.000000
"Kepler-346 c","Kepler-346",288.0119248,46.1176003,23.85154900000,0.1680000000,3.07000000,9.64000000,654.00,2014,"Transit",0.000000
"Kepler-1489 b","Kepler-1489",281.2957984,44.4654063,82.29475100000,0.3679000000,1.77000000,3.78000000,400.00,2016,"Transit",0.000000
"Kepler-1126 b","Kepler-1126",285.6919550,45.6893993,108.59332900000,0.4125100000,1.73000000,3.64000000,374.00,2016,"Transit",0.000000
"Kepler-1914 b","Kepler-1914",291.4314024,38.6543635,30.82789993000,0.1954000000,2.94298030,8.97000000,585.00,2021,"Transit",0.000000
"HATS-43 b","HATS-43",80.5382418,-30.9708179,4.38884970000,0.0494400000,13.22662000,82.95363000,1003.00,2018,"Transit",0.173000
"Kepler-685 b","Kepler-685",293.8719143,38.4229184,1.62552220000,0.0265000000,10.58000000,78.80000000,1579.00,2016,"Transit",0.000000
"Kepler-1303 b","Kepler-1303",284.2871470,42.3555784,7.56127224000,0.0751000000,1.42000000,2.60000000,891.00,2016,"Transit",0.000000
"Kepler-1016 b","Kepler-1016",294.6136890,45.9846265,1.95452434200,0.0304400000,2.18000000,5.39000000,1540.00,2016,"Transit",0.000000
"HIP 54373 c","HIP 54373",166.8643532,-19.2916857,15.14400000000,0.0990000000,3.57000000,12.44000000,463.20,2019,"Radial Velocity",0.200000
"L 363-38 b","L 363-38",10.8555443,-41.2952926,8.78100000000,0.0480000000,2.00000000,4.67000000,330.00,2023,"Radial Velocity",
"HAT-P-46 b","HAT-P-46",270.4441831,-2.9709800,4.46312900000,0.0577000000,14.39200000,156.68400000,1458.00,2014,"Transit",0.123000
"K2-396 c","K2-396",74.6928607,17.2690562,25.76051000000,,3.12400000,9.93000000,,2022,"Transit",
"TOI-1107 b","TOI-1107",155.6078632,-82.2188693,4.07823870000,0.0561000000,14.57167491,1064.72516345,1728.00,2022,"Transit",0.025000
"KOI-319 c","KOI-319",290.1174980,44.8729586,80.09900000000,,11.90000000,8803.84687390,,2014,"Transit Timing Variations",0.032000
"Kepler-1992 b","Kepler-1992",295.0902409,45.0811045,15.61122380000,0.1169000000,0.91000000,0.69300000,637.00,2023,"Transit",0.000000
"Kepler-134 b","Kepler-134",284.7391156,49.5984448,5.31742900000,0.0600000000,2.00000000,4.66000000,1105.00,2014,"Transit",0.000000
"TOI-912 b","TOI-912",229.3285665,-80.4733446,4.67806910000,0.0410000000,1.93000000,5.10000000,551.00,2025,"Transit",0.580000
"TOI-913 b","TOI-913",234.5723244,-80.8034265,11.09864400000,,2.45280000,6.59000000,712.01,2023,"Transit",
"TOI-1105 b","TOI-1105",146.0539694,-89.4715133,10.86818410933,,3.05823658,9.58000000,756.37,2026,"Transit",
"Kepler-559 b","Kepler-559",296.6368878,43.8027948,17.58752333000,0.1277000000,3.61000000,12.70000000,706.00,2016,"Transit",0.000000
"WASP-34 b","WASP-34",165.3993679,-23.8609457,4.31768000000,0.0524000000,11.20900000,177.98480000,1250.00,2010,"Transit",0.040000
"Kepler-1426 b","Kepler-1426",292.5457096,49.4168981,14.25632270000,0.1187000000,1.56000000,3.05000000,797.00,2016,"Transit",0.000000
"OGLE-2014-BLG-0676L b","OGLE-2014-BLG-0676L",268.1020833,-30.5483889,,2.0400000000,13.10000000,988.44634577,,2016,"Microlensing",
"TOI-1135 b","TOI-1135",193.3963704,85.1294952,8.02773270000,0.0815000000,9.91994792,58.79825529,1171.00,2024,"Transit",0.062000
"TOI-1246 b","TOI-1246",251.1158702,70.4299917,4.30744000000,0.0490000000,3.01000000,8.10000000,955.00,2022,"Transit",
"TOI-1246 c","TOI-1246",251.1158702,70.4299917,5.90413700000,0.0610000000,2.45109846,9.10000000,862.49,2022,"Transit",0.000000
"TOI-1452 b","TOI-1452",290.1739741,73.1951082,11.06201000000,0.0610000000,1.67200000,4.82000000,326.00,2022,"Transit",0.000000
"TOI-1695 b","TOI-1695",21.9217346,72.2966148,3.13427910000,0.0335480000,1.90000000,6.36000000,698.00,2022,"Transit",0.097000
"Kepler-156 b","Kepler-156",290.2964214,37.7494271,4.97345600000,0.0540000000,2.30000000,5.90000000,867.00,2014,"Transit",0.000000
"HATS-64 b","HATS-64",144.2876092,-29.8004440,4.90889700000,0.0656200000,18.81991100,305.11680000,1793.00,2018,"Transit",0.151000
"Kepler-610 b","Kepler-610",293.1713241,45.0655934,6.99692655400,0.0719000000,4.19000000,16.30000000,888.00,2016,"Transit",0.000000
"TOI-1246 d","TOI-1246",251.1158702,70.4299917,18.65487400000,0.1320000000,3.43139739,5.40000000,587.77,2022,"Transit",0.000000
"TOI-2025 b","TOI-2025",282.7952558,82.2454143,8.87209820000,0.0892000000,11.89272852,1144.18226520,1166.00,2022,"Transit",0.394000
"TOI-1246 e","TOI-1246",251.1158702,70.4299917,37.92548000000,0.2120000000,3.51418750,14.50000000,463.98,2022,"Transit",0.000000
"TOI-3688 A b","TOI-3688 A",39.2823371,54.8512152,3.24607500000,0.0456000000,13.08088048,311.47183886,1534.00,2023,"Transit",0.000000
"TOI-2322 c","TOI-2322",116.9731027,-71.0019671,20.22552800000,0.1362000000,1.87400000,18.10000000,496.80,2025,"Transit",0.000000
"TOI-2322 b","TOI-2322",116.9731027,-71.0019671,11.30717000000,0.0924000000,0.99400000,2.31000000,603.10,2025,"Transit",0.000000
"Kepler-524 c","Kepler-524",296.8591787,49.1620125,1.88897906000,0.0304600000,0.96000000,0.84000000,1574.00,2016,"Transit",0.000000
"Kepler-398 c","Kepler-398",291.4688524,40.3437001,11.41941200000,0.0870000000,1.01000000,1.01000000,536.00,2014,"Transit",0.000000
"Kepler-1916 b","Kepler-1916",293.0705754,48.3876790,31.25429916000,0.2053000000,2.61757235,7.35000000,635.00,2021,"Transit",0.000000
"TIC 320419023 b","TIC 320419023",118.0726215,11.8241773,5.26375651589,,2.77280763,8.11000000,,2026,"Transit",
"HD 108236 f","HD 108236",186.5740627,-51.3630519,29.54115000000,0.1758000000,2.01700000,4.72000000,609.59,2021,"Transit",0.051000
"Kepler-1617 b","Kepler-1617",287.9371747,46.4184781,27.47855720000,0.1770700000,1.20000000,1.87000000,736.00,2016,"Transit",0.000000
"HD 206893 c","HD 206893",326.3416874,-12.7833522,2290.00000000000,3.7400000000,16.36511182,3527.89531770,1181.90,2022,"Imaging",0.283000
"TOI-4527.01","TOI-4527",19.4722574,5.4711996,0.39944450000,0.0083323530,0.90866170,0.68900000,1362.93,2024,"Transit",
"K2-255 b","K2-255",189.9128532,-3.3705631,1.96417000000,0.0274000000,2.90000000,8.75000000,1034.00,2018,"Transit",
"Kepler-1678 b","Kepler-1678",292.5916297,38.3995629,147.97400000000,0.5302000000,3.30422249,10.90000000,329.00,2020,"Transit",0.000000
"HD 224018 b","HD 224018",358.6390056,-4.7233362,10.64130000000,0.0952000000,0.91000000,4.10000000,968.00,2025,"Radial Velocity",0.060000
"Kepler-1334 b","Kepler-1334",289.3115320,51.3209059,15.64591713000,0.1229000000,2.29000000,5.86000000,710.00,2016,"Transit",0.000000
"Kepler-480 b","Kepler-480",294.4639165,49.7650473,4.91958379500,0.0602400000,2.78000000,8.15000000,1312.00,2016,"Transit",0.000000
"Kepler-1382 b","Kepler-1382",295.3774182,39.0480365,16.35830550000,0.1402300000,1.88000000,4.19000000,959.00,2016,"Transit",0.000000
"TOI-2068 b","TOI-2068",186.2735600,60.4183455,7.76891500000,0.0632000000,1.82100000,3.97000000,520.62,2024,"Transit",
"Kepler-1030 b","Kepler-1030",293.6819098,45.8175241,19.32952416000,0.1338000000,2.48000000,6.71000000,529.00,2016,"Transit",0.000000
"HD 153950 b","HD 153950",256.1292826,-43.3103753,499.39999000000,1.2800000000,13.20000000,937.59850000,295.30,2008,"Radial Velocity",0.340000
"CoRoT-11 b","CoRoT-11",280.6872998,5.9376586,2.99433000000,0.0436000000,16.03000000,740.51000000,1657.00,2010,"Transit",0.000000
"TOI-4600 b","TOI-4600",258.4503674,64.5661727,82.68690000000,0.3490000000,6.80000000,959.84178914,347.00,2023,"Transit",0.250000
"TOI-286 c","TOI-286",90.9842762,-60.6663348,39.36182600000,0.2130000000,1.88000000,3.72000000,475.00,2024,"Transit",0.000000
"TOI-2449 b","TOI-2449",67.9843710,-34.4555327,106.14468000000,0.4500000000,11.24000000,222.00000000,400.00,2025,"Transit",0.098000
"TOI-4600 c","TOI-4600",258.4503674,64.5661727,482.81910000000,1.1520000000,9.42000000,2946.26933289,191.00,2023,"Transit",0.210000
"K2-136 b","K2-136",67.4128615,22.8825674,7.97525000000,0.0707000000,1.01400000,4.30000000,610.00,2017,"Transit",0.140000
"HAT-P-52 b","HAT-P-52",42.7217412,29.0222492,2.75359530000,0.0369400000,11.30988100,259.98494000,1218.00,2015,"Transit",0.047000
"TOI-4747 b","TOI-4747",86.4276650,-45.0292291,5.21924158592,,3.95803201,14.80000000,1035.00,2026,"Transit",
"Kepler-891 b","Kepler-891",291.0837644,40.3552252,53.44945593000,0.2881000000,6.41000000,33.60000000,486.00,2016,"Transit",0.000000
"Kepler-1159 b","Kepler-1159",294.2663250,45.2042317,22.70816791000,0.1603000000,2.37000000,6.21000000,677.00,2016,"Transit",0.000000
"HATS-18 b","HATS-18",173.9574203,-29.1560639,0.83784000000,0.0174000000,14.89676100,629.14448500,2069.48,2016,"Transit",0.166000
"GJ 676 A e","GJ 676 A",262.5448903,-51.6377777,35.47358000000,0.1810000000,2.47000000,6.67439655,351.55,2012,"Radial Velocity",0.152000
"Kepler-48 c","Kepler-48",299.1393094,40.9489390,9.67395000000,0.0863300000,2.71000000,14.61000000,736.00,2012,"Transit",0.000000
"Kepler-889 b","Kepler-889",291.4674540,50.7595597,3.74443900000,0.0497500000,1.09000000,1.32000000,1328.00,2016,"Transit",0.000000
"HR 2562 b","HR 2562",102.5042716,-60.2486775,,22.2000000000,12.44199000,6992.22495400,1255.00,2016,"Imaging",0.340000
"Kepler-1804 b","Kepler-1804",301.3428675,44.6721750,12.28849983000,0.1017000000,1.59615726,3.18000000,913.00,2021,"Transit",0.000000
"Kepler-1188 b","Kepler-1188",283.1038438,43.1480487,17.13695430000,0.1350000000,2.08000000,4.98000000,775.00,2016,"Transit",0.000000
"HD 21411 b","HD 21411",51.5474155,-30.6168403,84.28800000000,0.3620000000,9.52000000,65.90000000,408.17,2019,"Radial Velocity",0.400000
"Kepler-1281 b","Kepler-1281",295.3543571,48.5153932,3.11602791000,0.0415000000,1.64000000,3.33000000,1123.00,2016,"Transit",0.000000
"Kepler-128 b","Kepler-128",282.4922622,43.9802442,15.00000000000,0.1254500000,1.42100000,3.79000000,968.00,2013,"Transit",0.000000
"Kepler-1693 b","Kepler-1693",290.2015581,48.1857799,12.09990000000,0.1011000000,1.28938413,2.21000000,807.00,2020,"Transit",0.000000
"Kepler-104 b","Kepler-104",287.6046621,42.1665104,11.42754800000,0.0940000000,3.10000000,19.60000000,852.00,2014,"Transit",0.000000
"Kepler-1849 b","Kepler-1849",285.2919300,41.2557275,57.29290009000,0.2597000000,2.38685349,6.29000000,355.00,2021,"Transit",0.000000
"bet Pic d","bet Pic",86.8212337,-51.0661480,33200.00000000000,26.0000000000,14.12331568,762.78817680,600.00,2026,"Imaging",0.440000
"TOI-1749 b","TOI-1749",282.7372281,64.4194660,2.38839000000,0.0291000000,1.39000000,57.00000000,831.00,2021,"Transit",0.140000
"TOI-1749 c","TOI-1749",282.7372281,64.4194660,4.49290000000,0.0443000000,2.12000000,14.00000000,673.00,2021,"Transit",0.019000
"Kepler-1036 b","Kepler-1036",295.1817093,49.9458172,122.88080580000,0.4772600000,3.01000000,9.32000000,326.00,2016,"Transit",0.000000
"Kepler-419 c","Kepler-419",295.4179125,51.1847629,675.47000000000,1.6800000000,12.60000000,2320.10000000,315.55,2014,"Transit Timing Variations",0.184000
"bet Pic b","bet Pic",86.8212337,-51.0661480,8682.00000000000,10.0700000000,18.49485000,2765.10714090,1612.00,2008,"Imaging",0.105000
"2MASS J22362452+4751425 b","2MASS J22362452+4751425",339.1025931,47.8616830,,230.0000000000,12.30000000,3972.87500000,10.30,2016,"Imaging",
"Kepler-1191 b","Kepler-1191",291.6577923,48.0092619,5.60014851000,0.0587000000,1.51000000,2.89000000,952.00,2016,"Transit",0.000000
"Kepler-511 c","Kepler-511",282.9455384,47.5749181,26.62949944000,0.1717700000,4.20964327,16.50000000,742.00,2021,"Transit",0.000000
"XO-5 b","XO-5",116.7163868,39.0944695,4.18775580000,0.0515000000,12.78000000,378.20000000,1230.00,2008,"Transit",0.000000
"Kepler-1825 b","Kepler-1825",292.5140647,42.6517554,1.02586996600,0.0187000000,1.42200732,2.61000000,1520.00,2021,"Transit",0.000000
"Kepler-1074 b","Kepler-1074",284.4766869,46.2526781,5.94566534000,0.0536000000,1.25000000,2.10000000,568.00,2016,"Transit",0.000000
"pi Men c","HD 39091",84.2992798,-80.4646041,6.26783990000,0.0683900000,2.01890000,3.63000000,1169.80,2018,"Transit",0.000000
"TIC 183374187 b","TIC 183374187",357.6160382,-41.4124228,5.05907000000,,14.03364384,177.98390792,1379.00,2026,"Transit",0.506000
"GJ 1061 d","GJ 1061",54.0032486,-44.5143104,13.06600000000,0.0540000000,1.16000000,1.67000000,242.03,2020,"Radial Velocity",0.040000
"Kepler-1987 d","Kepler-1987",295.8254663,42.9433716,5.64491415400,0.0571000000,2.66000000,7.56000000,744.00,2023,"Transit",0.000000
"Kepler-245 b","Kepler-245",291.6389972,42.4363482,7.49019000000,0.0710000000,2.57000000,146.78000000,753.00,2014,"Transit",0.000000
"Kepler-131 c","Kepler-131",288.5308924,40.9423730,25.51690000000,0.1739100000,0.84000000,8.25000000,615.00,2014,"Transit",0.000000
"Kepler-144 c","Kepler-144",281.9156128,42.7755535,10.10466500000,0.0940000000,1.35000000,2.39000000,1046.00,2014,"Transit",0.000000
"HD 93385 c","HD 93385",161.5627065,-41.4646040,13.18000000000,0.1120000000,2.56000000,7.10000000,937.43,2021,"Radial Velocity",0.200000
"Kepler-431 c","Kepler-431",281.1123072,43.2277663,8.70300000000,0.0847000000,0.66800000,0.22900000,951.00,2015,"Transit",0.000000
"HD 106270 b","HD 106270",183.4049258,-9.5135645,1888.00000000000,3.3400000000,12.40000000,3623.24383980,237.07,2011,"Radial Velocity",0.185000
"TOI-5720 b","TOI-5720",170.3135774,25.2732942,1.43445550000,0.0182880000,1.09000000,4.30000000,708.00,2024,"Transit",
"Kepler-203 d","Kepler-203",297.0899590,41.3880686,11.32972000000,0.1000000000,1.44000000,33.90000000,855.00,2014,"Transit",0.000000
"Kepler-230 c","Kepler-230",285.7185682,48.5058038,91.77324200000,0.3800000000,2.04000000,4.82000000,359.00,2014,"Transit",0.000000
"Kepler-1091 b","Kepler-1091",299.7854426,43.6707235,1.43474156400,0.0252000000,1.46000000,2.73000000,1664.00,2016,"Transit",0.000000
"Kepler-1129 b","Kepler-1129",291.6044965,41.3093275,24.33978040000,0.1648100000,2.96000000,9.06000000,737.00,2016,"Transit",0.000000
"Kepler-472 b","Kepler-472",296.5245187,39.2498503,4.17625551400,0.0482300000,3.22000000,10.50000000,876.00,2016,"Transit",0.000000
"Kepler-1275 b","Kepler-1275",293.5004955,44.9324455,3.65691115000,0.0488000000,1.48000000,2.79000000,1368.00,2016,"Transit",0.000000
"Kepler-1690 b","Kepler-1690",288.1566649,41.8779417,234.63600000000,0.7097000000,2.81109223,8.30000000,267.00,2020,"Transit",0.000000
"HD 75898 c","HD 75898",133.4611999,33.0566885,6717.00000000000,7.3900000000,12.60000000,2698.36317543,135.20,2024,"Radial Velocity",0.080000
"K2-386 b","K2-386",18.2999964,7.0130302,7.47322300000,,2.32000000,5.99000000,,2022,"Transit",
"TOI-7510 c","TOI-7510",273.7281880,-54.4340547,22.56874230000,0.1595000000,10.81000000,131.00000000,702.00,2025,"Transit",0.009100
"Kepler-718 b","Kepler-718",299.5618676,43.5035173,2.05234990500,0.0322000000,16.56000000,,1497.00,2016,"Transit",0.000000
"Kepler-1342 b","Kepler-1342",297.0200549,43.4325382,2.21571035800,0.0313000000,1.66000000,3.39000000,1283.00,2016,"Transit",0.000000
"WASP-174 b","WASP-174",195.7940145,-41.3848617,4.23370050000,0.0550300000,16.10730527,104.88337431,1528.00,2018,"Transit",0.000000
"Kepler-1713 b","Kepler-1713",287.3456737,43.3783894,18.01160049000,0.1418500000,1.71673535,3.59000000,900.00,2021,"Transit",0.000000
"Kepler-1121 b","Kepler-1121",297.7865467,47.8861542,13.15141081000,0.1181800000,1.91000000,4.31000000,1008.00,2016,"Transit",0.000000
"Kepler-197 c","Kepler-197",295.2264739,50.5592348,10.34969500000,0.0900000000,1.23000000,5.30000000,930.00,2014,"Transit",0.080000
"TOI-1294 b","TOI-1294",223.0926408,70.4765573,3.91529200000,0.0510000000,10.12369881,63.90000000,1392.74,2024,"Transit",0.000000
"Kepler-1195 b","Kepler-1195",284.3510523,40.8529319,8.49642241000,0.0726000000,2.08000000,4.98000000,702.00,2016,"Transit",0.000000
"GJ 328 b","GJ 328",133.7819507,1.5420011,3771.00000000000,4.1100000000,13.30000000,797.74930157,73.57,2013,"Radial Velocity",0.227000
"EPIC 212737443 c","EPIC 212737443",204.2215065,-7.3180577,65.55000000000,0.2800000000,2.69000000,7.70000000,316.00,2019,"Transit",0.200000
"Kepler-1783 b","Kepler-1783",297.0210984,41.3771655,8.27744007100,0.0759500000,1.31946731,2.30000000,1088.00,2021,"Transit",0.000000
"HD 50499 c","HD 50499",103.0080750,-33.9152670,8619.90000000000,9.0200000000,13.20000000,931.24190000,116.69,2019,"Radial Velocity",0.000000
"Kepler-874 b","Kepler-874",294.9568477,43.0142991,40.06867270000,0.2234000000,3.94000000,14.70000000,560.00,2016,"Transit",0.000000
"Kepler-235 b","Kepler-235",286.0790779,39.2782370,3.34022200000,0.0370000000,2.23000000,5.60000000,731.00,2014,"Transit",0.000000
"HD 98219 b","HD 98219",169.4475218,-23.9754880,433.80000000000,1.2600000000,13.40000000,624.21812000,453.77,2011,"Radial Velocity",0.079000
"Kepler-625 b","Kepler-625",292.1504723,39.6375254,7.75192492000,0.0813700000,1.99000000,4.62000000,852.00,2016,"Transit",0.000000
"Kepler-1178 b","Kepler-1178",288.4561183,45.8022258,31.80634000000,0.1596000000,1.07000000,1.24000000,378.00,2016,"Transit",0.000000
"K2-407 b","K2-407",232.5552584,-23.0067371,4.94190700000,,1.28300000,2.19000000,,2022,"Transit",
"KOI-351 b","KOI-351",284.4334642,49.3051239,7.00815100000,0.0740000000,1.31000000,2.27000000,1062.00,2013,"Transit",0.000000
"WASP-151 b","WASP-151",349.0634651,0.3066895,4.53347750000,0.0550000000,13.30506009,100.43377661,1312.00,2017,"Transit",0.000000
"K2-289 b","K2-289",246.6429443,-15.7925384,13.15696900000,0.1070000000,9.10000000,61.00000000,753.00,2019,"Transit",
"GJ 1002 b","GJ 1002",1.6764641,-7.5462123,10.34650000000,0.0457000000,1.03000000,1.08000000,230.90,2022,"Radial Velocity",
"Kepler-1143 c","Kepler-1143",287.3027720,39.2896399,210.63059100000,0.6477000000,3.60000000,12.60000000,234.00,2016,"Transit",0.000000
"TOI-2587 A b","TOI-2587 A",115.9317105,-1.0733330,5.45664000000,0.0635000000,12.07207221,69.28659273,1445.00,2023,"Transit",0.000000
"Kepler-1154 b","Kepler-1154",297.4771158,39.8772345,5.18561420000,0.0631000000,2.34000000,6.08000000,1314.00,2016,"Transit",0.000000
"Kepler-60 b","Kepler-60",288.9612535,42.2650472,7.13340000000,0.0725500000,1.71000000,4.19000000,1102.00,2012,"Transit",0.000000
"Kepler-85 c","Kepler-85",290.9734395,45.2902761,12.51000000000,0.1036300000,1.97800000,2.15000000,706.00,2012,"Transit",0.027000
"TOI-2081 b","TOI-2081",264.3022634,53.0255666,10.50534000000,0.0752000000,2.04000000,4.82000000,488.00,2022,"Transit",
"Kepler-1780 b","Kepler-1780",294.0839282,42.8095104,109.44499970000,0.4276000000,3.60600667,12.70000000,340.00,2021,"Transit",0.000000
"Kepler-1818 b","Kepler-1818",284.3284866,40.5688741,4.64490985900,0.0550000000,1.71360684,3.58000000,1209.00,2021,"Transit",0.000000
"TOI-871 b","TOI-871",74.7376264,-50.6274153,14.36256500000,0.1054000000,1.66400000,3.41000000,621.00,2024,"Transit",
"GJ 251 c","GJ 251",103.7002499,33.2664632,53.64700000000,0.1960000000,1.80000000,3.88000000,216.00,2025,"Radial Velocity",0.000000
"Kepler-1518 c","Kepler-1518",300.3323404,44.9861065,9.63102580000,0.0905000000,2.90000000,8.75000000,1094.00,2023,"Transit",0.000000
"Kepler-1718 b","Kepler-1718",292.2349191,42.9094618,135.18800350000,0.4841800000,2.56852070,7.12000000,345.00,2021,"Transit",0.000000
"TOI-4914 b","TOI-4914",204.5426717,-28.1429206,10.60057000000,0.0980000000,12.87000000,227.00000000,894.00,2024,"Transit",0.408000
"USco1556 b","USco1556 A",239.1037198,-25.6890476,,3500.0000000000,12.30000000,4767.45000000,2240.00,2019,"Imaging",
"Kepler-109 c","Kepler-109",290.3926795,40.2849074,21.22265000000,0.1546000000,2.65000000,8.20000000,859.00,2014,"Transit",0.098000
"Kepler-101 c","Kepler-101",283.2555070,48.3552474,6.02976000000,0.0684000000,1.25000000,3.78000000,1413.00,2014,"Transit",0.000000
"Kepler-1200 b","Kepler-1200",296.6034317,44.1292537,1.11854971700,0.0188000000,1.06000000,1.20000000,1174.00,2016,"Transit",0.000000
"NY Vir b","NY Vir",204.7005847,-2.0303873,3160.00000000000,3.3000000000,13.30000000,730.97800000,338.12,2011,"Eclipse Timing Variations",0.150000
"TOI-4137 b","TOI-4137",77.6128790,70.3910790,3.80161220000,0.0522200000,13.57407563,457.67290608,1570.00,2022,"Transit",0.000000
"Kepler-1630 b","Kepler-1630",297.5083004,43.7110543,509.99740200000,1.1218000000,2.19000000,5.43000000,182.00,2016,"Transit",0.000000
"Kepler-475 b","Kepler-475",287.0516940,40.2114232,3.10550818900,0.0398900000,2.49000000,6.76000000,980.00,2016,"Transit",0.000000
"Kepler-1978 b","Kepler-1978",286.0067312,38.0095407,10.84969477000,0.0914000000,2.67000000,7.61000000,676.00,2023,"Transit",0.000000
"Kepler-1836 b","Kepler-1836",292.3150933,40.8387799,5.25416994100,0.0602000000,2.55303229,7.05000000,1093.00,2021,"Transit",0.000000
"Kepler-887 c","Kepler-887",290.0907893,39.8169085,7.63846023000,0.0801000000,1.13000000,1.51000000,1089.00,2016,"Transit",0.000000
"Kepler-350 c","Kepler-350",285.4195845,39.7061009,17.84900000000,0.1385000000,3.10000000,6.10000000,888.00,2013,"Transit",0.000000
"Kepler-816 b","Kepler-816",293.3628165,39.2124394,10.50682564600,0.0895000000,10.24000000,74.50000000,668.00,2016,"Transit",0.000000
"HD 51608 b","HD 51608",103.7137102,-55.2600189,14.07260000000,0.1059000000,3.62000000,12.77000000,759.92,2019,"Radial Velocity",0.090000
"HD 125390 b","HD 125390",214.5387463,38.9669132,1757.39151000000,3.4960000000,11.90000000,8646.20398403,320.26,2019,"Radial Velocity",0.597000
"Kepler-1947 b","Kepler-1947",296.1040313,42.3425818,6.96363019900,0.0737500000,1.01016660,1.01000000,1298.00,2021,"Transit",0.000000
"Kepler-81 d","Kepler-81",293.6369437,42.8248275,20.83784600000,0.1280000000,1.21000000,1.92000000,418.00,2014,"Transit",0.000000
"Kepler-1827 b","Kepler-1827",292.2525301,40.7927895,3.70061993600,0.0464700000,1.85644292,4.10000000,1329.00,2021,"Transit",0.000000
"TOI-1768.01","TOI-1768",152.1027826,55.5399599,7.33770364900,0.0763810000,3.45300000,11.80000000,1566.00,2024,"Transit",
"HIP 10090 c","HIP 10090",32.4351198,-30.7470844,321.82000000000,0.9000000000,13.90000000,270.15414595,338.35,2026,"Radial Velocity",0.188000
"Kepler-855 b","Kepler-855",295.0949565,43.5375650,7.88663110400,0.0762000000,8.35000000,52.70000000,996.00,2016,"Transit",0.000000
"TOI-205 b","TOI-205",7.9754636,-56.9650808,4.25300773815,,2.50121142,6.81000000,1799.55,2026,"Transit",
"Kepler-1886 b","Kepler-1886",296.2645118,39.4059745,24.27580070000,0.1600000000,2.58158428,7.18000000,580.00,2021,"Transit",0.000000
"Kepler-279 c","Kepler-279",287.3912950,42.1948220,35.73600000000,0.2236000000,4.30000000,49.40000000,774.00,2013,"Transit",0.000000
"TOI-1839 c","TOI-1839",196.8331106,5.8520458,4.02394780000,0.0470800000,2.50000000,6.00000000,1121.00,2026,"Transit",
"KMT-2023-BLG-1810L b","KMT-2023-BLG-1810L",270.6147083,-30.2776111,,3.4000000000,12.60000000,2301.07766668,,2026,"Microlensing",
"KMT-2023-BLG-0084L b","KMT-2023-BLG-0084L",273.9419167,-25.2295000,,2.5000000000,13.30000000,794.57101750,,2026,"Microlensing",
"K2-401 b","K2-401",154.9876040,3.9548275,6.29309900000,,2.26200000,5.74000000,,2022,"Transit",
"TOI-3807 b","TOI-3807",139.1125648,69.0741284,2.89897270000,0.0421000000,18.49481816,330.54154328,1646.00,2023,"Transit",0.000000
"Kepler-931 b","Kepler-931",297.1326937,42.7682885,8.03755877000,0.0719000000,1.33000000,2.33000000,744.00,2016,"Transit",0.000000
"TOI-286 b","TOI-286",90.9842762,-60.6663348,4.51172440000,0.0503000000,1.42000000,4.53000000,979.00,2024,"Transit",0.000000
"Kepler-106 e","Kepler-106",300.8640060,44.3375497,43.84450000000,0.2400600000,2.56000000,11.17000000,531.00,2014,"Transit",0.000000
"GSC 06214-00210 b","GSC 06214-00210",245.4776921,-20.7193398,,320.0000000000,20.17620000,5000.00000000,2300.00,2010,"Imaging",
"HD 89839 b","HD 89839",155.1688790,-53.6640291,3391.20000000000,4.7130000000,12.80000000,1748.05623850,159.03,2023,"Radial Velocity",0.185000
"Kepler-520 b","Kepler-520",293.1802903,41.6177408,19.67416124000,0.1462800000,1.66000000,3.39000000,711.00,2016,"Transit",0.000000
"Kepler-19 b","Kepler-19",290.4209694,37.8516556,9.28699000000,0.0846000000,2.20900000,6.10000000,851.00,2011,"Transit",0.410000
"Kepler-1102 b","Kepler-1102",281.3225917,48.0664955,51.32856230000,0.2731000000,2.66000000,7.56000000,546.00,2016,"Transit",0.000000
"Kepler-371 c","Kepler-371",292.3264835,38.6575441,67.96801500000,0.3130000000,1.78000000,3.82000000,443.00,2014,"Transit",0.000000
"K2-338 b","K2-338",124.3609294,17.0241557,3.85061400000,,1.03000000,1.08000000,783.00,2021,"Transit",
"KELT-16 b","KELT-16",314.2685227,31.6610186,0.96899510000,0.0204400000,15.86073500,874.03250000,2453.00,2017,"Transit",0.000000
"Kepler-1681 b","Kepler-1681",296.6972773,46.3716969,69.89560000000,0.3200000000,2.55321772,7.05000000,442.00,2020,"Transit",0.000000
"TOI-544 c","TOI-544",82.2900716,-0.3428983,50.08900000000,,4.92000000,21.50000000,,2023,"Radial Velocity",0.320000
"Kepler-251 d","Kepler-251",296.5662171,44.1058077,30.13300100000,0.1820000000,2.77000000,8.10000000,536.00,2014,"Transit",0.000000
"HD 180902 b","HD 180902",289.8239604,-23.5582432,510.90000000000,1.4000000000,13.50000000,535.54355000,412.37,2009,"Radial Velocity",0.107000
"TOI-5624 e","TOI-5624",180.8443476,49.2512257,21.48993600000,0.1439000000,3.24700000,8.90000000,613.80,2026,"Transit",0.000000
"KOINTREAU-1 b","XEST 17-036",68.3592880,22.7580560,,690.0000000000,12.40000000,3368.98111420,,2026,"Imaging",
"K2-414 c","K2-414",351.6361913,-4.6066569,6.66900000000,0.0552000000,1.92870000,4.38000000,762.62,2022,"Transit",
"Kepler-1154 c","Kepler-1154",297.4771158,39.8772345,8.45808312000,0.0875000000,2.36000000,6.17000000,1117.00,2016,"Transit",0.000000
"Kepler-863 b","Kepler-863",297.6644677,43.2489903,15.59461874000,0.1220000000,2.90000000,8.75000000,718.00,2016,"Transit",0.000000
"Kepler-278 c","Kepler-278",290.1072124,38.7022694,51.11100000000,0.2870000000,3.26800000,34.90000000,492.00,2014,"Transit",0.616000
"GJ 180 d","GJ 180",73.4600970,-17.7761940,106.30000000000,0.3090000000,2.66000000,7.56000000,187.94,2020,"Radial Velocity",0.140000
"K2-86 b","K2-86",51.5531053,18.6355718,8.77683000000,0.0770000000,1.96000000,4.50000000,830.49,2016,"Transit",
"HD 196050 b","HD 196050",309.4637796,-60.6347649,1392.00000000000,2.6500000000,12.90000000,1493.79351290,207.52,2002,"Radial Velocity",0.200000
"Kepler-564 b","Kepler-564",296.8383661,46.6263912,3.75083228500,0.0484000000,4.63000000,19.40000000,1129.00,2016,"Transit",0.000000
"Kepler-878 b","Kepler-878",285.2962562,46.6034497,25.94220330000,0.1650000000,1.93000000,4.38000000,501.00,2016,"Transit",0.000000
"HD 120084 b","HD 120084",205.6619890,78.0646376,2142.00000000000,4.2100000000,12.70000000,2034.10180480,369.24,2013,"Radial Velocity",0.483000
"TOI-2384 b","TOI-2384",36.1561463,-65.0001957,2.13570304000,0.0279300000,11.48920522,624.85064816,889.70,2024,"Transit",0.000000
"Kepler-82 d","Kepler-82",292.8733696,42.9661583,2.38296100000,0.0340000000,1.77000000,885.09800000,1253.00,2014,"Transit",0.000000
"Kepler-338 b","Kepler-338",282.9790593,40.7844188,13.72697600000,0.1170000000,2.44000000,30.60000000,1005.00,2014,"Transit",0.040000
"KOI-884 e","Kepler-247",288.6425609,43.0393769,31.10165900000,,9.54000000,66.05405000,,2014,"Transit Timing Variations",0.041500
"K2-87 b","K2-87",66.2363638,18.8273617,9.72661800000,0.0940000000,7.60000000,44.90000000,979.00,2016,"Transit",
"Kepler-983 b","Kepler-983",285.1042243,45.0080745,60.08550820000,0.3148000000,2.36000000,6.17000000,485.00,2016,"Transit",0.000000
"Kepler-1948 b","Kepler-1948",287.3640804,47.7853043,15.57129955000,0.1022000000,1.03283226,1.09000000,399.00,2021,"Transit",0.000000
"Kepler-444 c","Kepler-444",289.7528323,41.6318840,4.54588410000,0.0488100000,0.49700000,0.07930000,868.00,2015,"Transit",0.310000
"Kepler-1173 b","Kepler-1173",293.1311803,45.6634153,0.76985360000,0.0156000000,0.89000000,0.64000000,1650.00,2016,"Transit",0.000000
"HD 219077 b","HD 219077",348.5319387,-62.7018297,5478.68861000000,5.9350000000,12.50000000,3057.50927534,146.68,2012,"Radial Velocity",0.768000
"Kepler-458 c","KIC 9663113",297.0454037,46.3286653,20.74028413000,0.1701200000,4.20000000,16.40000000,798.00,2016,"Transit",0.000000
"Kepler-1608 b","Kepler-1608",295.5635550,39.4175700,16.47356860000,0.1126000000,1.73000000,3.64000000,612.00,2016,"Transit",0.000000
"TOI-2093 b","TOI-2093",302.7375229,70.8696532,12.83600000000,0.0970000000,3.25000000,10.60000000,535.00,2025,"Radial Velocity",0.000000
"EPIC 212499991 b","EPIC 212499991",202.4887520,-12.7347749,34.88500000000,,1.60000000,3.19000000,,2019,"Transit",
"Kepler-759 b","Kepler-759",290.1314231,41.3814345,41.80598500000,0.2329000000,2.27000000,5.77000000,533.00,2016,"Transit",0.000000
"Kepler-563 b","Kepler-563",292.4461832,46.2897548,22.18432708000,0.1418000000,3.09000000,9.75000000,546.00,2016,"Transit",0.000000
"Kepler-296 f","Kepler-296",286.5400278,49.4372614,63.33627000000,0.2550000000,1.80000000,3.89000000,274.00,2014,"Transit",0.330000
"Kepler-534 b","Kepler-534",296.4185696,49.5401480,15.95994513000,0.1272000000,2.24000000,5.65000000,721.00,2016,"Transit",0.000000
"TOI-512 b","TOI-512",96.6467023,-38.6072095,7.18886000000,,1.54000000,3.57000000,1009.00,2025,"Transit",0.020000
"HD 75784 b","HD 75784",133.0992289,13.2330548,341.20000000000,1.0320000000,13.80000000,317.83000000,425.98,2014,"Radial Velocity",0.097000
"Kepler-172 c","Kepler-172",283.3684093,41.8218390,6.38899600000,0.0680000000,2.86000000,8.55000000,970.00,2014,"Transit",0.000000
"Kepler-1340 b","Kepler-1340",296.2328099,42.4727965,0.66502691600,0.0152300000,1.55000000,3.02000000,2174.00,2016,"Transit",0.000000
"Kepler-1115 b","Kepler-1115",294.9917723,40.1443964,23.55407250000,0.2134000000,1.70000000,3.53000000,1381.00,2016,"Transit",0.000000
"KIC 5437945 b","KIC 5437945",288.4749028,40.6512848,440.78130000000,1.1967100000,6.40000000,33.60000000,308.00,2015,"Transit",0.000000
"Kepler-1859 c","Kepler-1859",293.9886751,46.7179996,3.59645081000,0.0473000000,1.66000000,3.39000000,1327.00,2023,"Transit",0.000000
"Kepler-1201 b","Kepler-1201",294.6147908,40.8331158,15.18725932000,0.1183000000,2.29000000,5.86000000,789.00,2016,"Transit",0.000000
"Kepler-232 c","Kepler-232",295.8161668,51.1217249,11.37934900000,0.1010000000,3.83000000,14.00000000,806.00,2014,"Transit",0.000000
"tau Cet g","tau Cet",26.0093029,-15.9337987,20.00000000000,0.1330000000,1.18000000,1.75000000,639.65,2017,"Radial Velocity",0.060000
"Kepler-151 b","Kepler-151",292.1627933,41.0231947,15.22895800000,0.1160000000,3.06000000,9.59000000,639.00,2014,"Transit",0.000000
"TOI-201 b","TOI-201",87.4017825,-54.9104230,52.97860000000,0.3030000000,11.40000000,164.00000000,759.00,2021,"Transit",0.275000
"Kepler-207 d","Kepler-207",290.0305195,42.1660555,5.86807500000,0.0680000000,3.31000000,11.00000000,1254.00,2014,"Transit",0.000000
"GJ 887 e","GJ 887",346.5027573,-35.8473489,4.42490000000,0.0417000000,1.12000000,1.46000000,544.00,2026,"Radial Velocity",
"WASP-108 b","WASP-108",195.8281644,-49.6397727,2.67555212374,,15.13212395,283.50293904,1589.00,2020,"Transit",0.000000
"Kepler-1521 b","Kepler-1521",292.6903779,37.8350549,47.14840805000,0.2347600000,2.50000000,6.80000000,391.00,2016,"Transit",0.000000
"Kepler-238 c","Kepler-238",287.8971066,40.6378141,6.15555700000,0.0690000000,2.39000000,152.52200000,1146.00,2014,"Transit",0.000000
"GJ 676 A d","GJ 676 A",262.5448903,-51.6377777,3.60076000000,0.0390000000,1.78000000,3.81394088,757.36,2012,"Radial Velocity",0.192000
"Kepler-620 b","Kepler-620",291.1593939,51.3348228,12.91375431000,0.1053000000,3.32000000,11.00000000,849.00,2016,"Transit",0.000000
"TOI-2989 b","TOI-2989",171.2316754,-27.0623619,3.12283200000,0.0384000000,12.55405838,953.48522100,1001.00,2025,"Transit",0.000000
"Kepler-349 c","Kepler-349",293.6764689,44.6155972,12.24762900000,0.1050000000,1.96000000,4.50000000,763.00,2014,"Transit",0.000000
"Kepler-1231 b","Kepler-1231",288.5882888,42.6056644,10.41725184000,0.0914000000,1.42000000,2.60000000,870.00,2016,"Transit",0.000000
"Kepler-274 b","Kepler-274",292.9227926,38.4772173,11.63478800000,0.1010000000,1.54000000,2.99000000,961.00,2014,"Transit",0.000000
"Kepler-832 b","Kepler-832",295.9261101,45.3838690,7.13969410000,0.0750000000,2.06000000,4.90000000,965.00,2016,"Transit",0.000000
"Kepler-1889 b","Kepler-1889",297.1992577,41.2264404,37.30369949000,0.2082000000,2.94360686,8.98000000,493.00,2021,"Transit",0.000000
"Kepler-988 b","Kepler-988",290.7082585,42.2372245,17.76080053000,0.1085000000,2.07000000,4.94000000,368.00,2016,"Transit",0.000000
"TOI-880 c","TOI-880",94.1644734,-13.9873370,6.38727030000,0.0635000000,4.95000000,21.70000000,805.00,2025,"Transit",
"HD 12235 b","HD 12235",30.0391601,3.0959098,4.36305000000,0.0540000000,3.23000000,10.48833743,1667.37,2022,"Radial Velocity",0.376000
"Kepler-444 f","Kepler-444",289.7528323,41.6318840,9.74048600000,0.0811000000,0.74100000,0.33200000,673.00,2015,"Transit",0.290000
"GJ 887 c","GJ 887",346.5027573,-35.8473489,21.78400000000,0.1210000000,2.43000000,6.50000000,320.00,2020,"Radial Velocity",0.170000
"Kepler-524 b","Kepler-524",296.8591787,49.1620125,7.97419807000,0.0795500000,1.91000000,4.31000000,974.00,2016,"Transit",0.000000
"Kepler-1075 b","Kepler-1075",287.5011404,47.4691157,1.52372816000,0.0208000000,1.42000000,2.60000000,818.00,2016,"Transit",0.000000
"Kepler-368 b","Kepler-368",291.8800180,45.3878419,26.84768000000,0.1860000000,3.26000000,10.70000000,800.00,2014,"Transit",0.000000
"Kepler-115 b","Kepler-115",297.7119299,45.2619850,2.40367900000,0.0360000000,1.09000000,1.32000000,1489.00,2014,"Transit",0.000000
"Kepler-1735 b","Kepler-1735",281.0503476,47.1882005,7.71792984000,0.0621000000,1.19429134,1.84000000,502.00,2021,"Transit",0.000000
"TOI-1898 b","TOI-1898",144.5553000,23.5467464,45.52234000000,0.2690000000,9.39553231,129.00000000,674.54,2024,"Transit",0.485000
"Kepler-1130 c","Kepler-1130",285.2074210,45.3843330,3.26663994800,0.0423800000,0.79239584,0.42200000,1072.00,2021,"Transit",0.000000
"HD 20782 b","HD 20782",50.0166232,-28.8543535,597.06430000000,1.3649000000,13.60000000,472.83000000,253.34,2006,"Radial Velocity",0.950000
"Kepler-1376 b","Kepler-1376",286.9584368,42.5414090,5.30880656000,0.0598000000,1.05000000,1.16000000,1042.00,2016,"Transit",0.000000
"Kepler-1190 b","Kepler-1190",284.9996582,49.4799506,10.45843441000,0.0845000000,1.33000000,2.33000000,609.00,2016,"Transit",0.000000
"Kepler-450 b","Kepler-450",295.4865821,51.0135237,28.45485100000,0.2009200000,6.14000000,19.40000000,769.00,2015,"Transit",0.020000
"Kepler-758 d","Kepler-758",293.0846115,41.1354049,20.49661970000,0.1527000000,2.12000000,5.14000000,843.00,2016,"Transit",0.000000
"HAT-P-47 b","HAT-P-47",38.3080745,30.3604530,4.73217441000,,14.71739166,65.47265184,1605.00,2026,"Transit",
"HD 135625 b","HD 135625",229.4511514,-45.9225871,4055.00000000000,5.4000000000,13.30000000,731.00533610,146.04,2023,"Radial Velocity",0.160000
"TOI-2211.01","TOI-2211",308.5390859,-29.6726127,3.09268675700,0.0401100000,1.56100000,3.06000000,1056.92,2024,"Transit",
"Kepler-124 b","Kepler-124",286.7527322,49.0648788,3.41049300000,0.0390000000,0.73000000,0.31500000,892.00,2014,"Transit",0.000000
"Kepler-1259 b","Kepler-1259",297.8414628,46.9676288,0.66308525800,0.0141000000,1.43000000,2.63000000,1681.00,2016,"Transit",0.000000
"TOI-1859 b","TOI-1859",279.8317644,69.5228726,63.48347000000,0.3370000000,9.75181321,68.60000000,615.00,2023,"Transit",0.570000
"TOI-1836 b","TOI-1836",245.9079242,54.6900774,20.38079900000,0.1597000000,8.00321222,38.45723725,966.00,2024,"Transit",0.000000
"Kepler-616 b","Kepler-616",294.9891370,46.8383058,9.99761851000,0.0927000000,2.43000000,6.48000000,860.00,2016,"Transit",0.000000
"HD 141399 e","HD 141399",236.7235392,46.9862880,5000.00000000000,5.0000000000,14.10000000,209.76780000,142.24,2014,"Radial Velocity",0.260000
"Kepler-1008 b","Kepler-1008",296.5476395,44.9418307,12.43931193000,0.0975500000,1.28000000,2.18000000,627.00,2016,"Transit",0.000000
"TOI-2133 b","TOI-2133",261.2438308,32.7983974,3.82664720000,0.0410000000,2.37000000,6.21000000,798.00,2026,"Transit",
"Kepler-1979 b","Kepler-1979",289.8429062,38.3096220,18.50845260000,0.1383000000,29.33000000,,683.00,2023,"Transit",0.000000
"TOI-2406 b","TOI-2406",8.8060544,-3.3720833,3.07668910000,0.0226700000,2.86000000,15.60000000,449.00,2021,"Transit",0.170000
"WASP-157 b","WASP-157",201.6551525,-8.3176353,3.95162300000,0.0499000000,11.19000000,182.43442000,1193.00,2016,"Transit",0.000000
"Kepler-1183 b","Kepler-1183",292.2324228,38.8921946,28.50571890000,0.1793000000,2.82000000,8.35000000,555.00,2016,"Transit",0.000000
"TOI-1749 d","TOI-1749",282.7372281,64.4194660,9.04970000000,0.0707000000,2.52000000,15.00000000,533.00,2021,"Transit",0.062000
"TOI-1296 b","TOI-1296",256.7706392,70.2384806,3.94437360000,0.0510000000,14.11645916,95.30000000,1414.84,2021,"Transit",0.000000
"TOI-4479 b","TOI-4479",316.0969388,24.6536739,1.15890000000,0.0164000000,2.82000000,8.35000000,861.00,2022,"Transit",
"NGTS-5 b","NGTS-5",221.0582692,5.6053735,3.35698660000,0.0382000000,12.73342400,72.78307000,952.00,2019,"Transit",0.000000
"Kepler-331 d","Kepler-331",291.8343455,39.3073462,32.13432800000,0.1590000000,1.64000000,3.33000000,346.00,2014,"Transit",0.000000
"TOI-5322 b","TOI-5322",6.5293373,14.3364283,5.42332070000,0.0604000000,16.61170940,184.02264765,1350.00,2025,"Transit",0.055000
"HD 457 b","HD 457",2.2492922,-39.7372401,20324.58153000000,15.3690000000,11.90000000,8445.33643080,85.15,2022,"Radial Velocity",0.565000
"HD 112640 b","HD 112640",194.2415171,67.2429122,613.20000000000,1.7000000000,12.90000000,1589.15000000,959.65,2020,"Radial Velocity",0.240000
"Kepler-1647 b","Kepler-1647",298.1500570,40.6561751,1107.59230000000,2.7205000000,11.87390000,483.00000000,242.92,2016,"Transit",0.058100
"Kepler-1197 b","Kepler-1197",291.6693437,42.5907441,2.03231845000,0.0286900000,1.25000000,2.10000000,1011.00,2016,"Transit",0.000000
"HD 153557 b","HD 153557",254.4706516,47.3678558,7.29903000000,0.0680000000,4.77000000,20.34101805,772.12,2022,"Radial Velocity",0.065000
"Kepler-1939 b","Kepler-1939",285.6899312,40.9946659,2.79065990400,0.0334000000,1.16480773,1.68000000,816.00,2021,"Transit",0.000000
"TIC 117642575 b","TIC 117642575",9.4800698,-37.0662905,4.94459060181,,2.82716337,8.38000000,,2026,"Transit",
"Kepler-621 b","Kepler-621",290.9272450,39.9141166,2.62811374600,0.0310000000,2.30000000,5.90000000,737.00,2016,"Transit",0.000000
"Kepler-1113 b","Kepler-1113",289.4066969,39.3388130,42.30049540000,0.2415000000,2.81000000,8.30000000,558.00,2016,"Transit",0.000000
"Kepler-142 b","Kepler-142",295.1190067,48.4813635,2.02415200000,0.0320000000,1.99000000,4.62000000,1597.00,2014,"Transit",0.000000
"Kepler-662 b","Kepler-662",290.4650801,47.9291252,21.67697486000,0.1408000000,2.18000000,5.39000000,530.00,2016,"Transit",0.000000
"Kepler-1336 c","Kepler-1336",296.2776587,46.8998006,5.77721211000,0.0627200000,1.71000000,3.57000000,1260.00,2016,"Transit",0.000000
"TOI-216.02","TOI-216",73.9800129,-63.2603301,17.16073000000,0.1293000000,8.00000000,18.75187601,628.00,2019,"Transit",0.160000
"Kepler-236 c","Kepler-236",283.8664285,39.8981928,23.96812700000,0.1320000000,2.00000000,4.66000000,329.00,2014,"Transit",0.000000
"HD 196067 b","HD 196067",310.4364195,-75.3514992,3413.70000000000,4.7100000000,12.40000000,3623.24383980,176.42,2012,"Radial Velocity",0.562920
"Kepler-1210 b","Kepler-1210",292.8321598,48.2193376,8.07124073000,0.0753000000,1.70000000,3.53000000,856.00,2016,"Transit",0.000000
"Kepler-91 b","Kepler-91",285.6729033,44.1167513,6.24658000000,0.0731000000,15.32270300,257.44230000,2040.00,2013,"Transit",0.051900
"K2-290 b","K2-290",234.8578846,-20.1988975,9.21165000000,0.0923000000,3.06000000,10.90000000,1230.00,2019,"Transit",0.000000
"Kepler-1766 b","Kepler-1766",294.2772343,46.6752351,105.01499940000,0.4161000000,2.27904508,5.81000000,406.00,2021,"Transit",0.000000
"HD 176986 c","HD 176986",285.7739138,-11.0449410,16.81240000000,0.1187300000,,2097.98531461,558.00,2017,"Radial Velocity",0.111000
"K2-170 c","K2-170",335.4506923,-14.5933554,12.40004700000,,1.80176470,3.90000000,,2018,"Transit",
"HD 72490 b","HD 72490",128.4028287,13.5507189,858.00000000000,1.8800000000,13.50000000,561.92344000,386.45,2018,"Radial Velocity",0.124000
"HD 12661 c","HD 12661",31.1423525,25.4135632,1708.00000000000,2.8145000000,13.20000000,899.45439181,174.06,2002,"Radial Velocity",0.031000
"Kepler-1061 b","Kepler-1061",296.2300306,50.2752091,2.75798266600,0.0388000000,1.98000000,4.58000000,1332.00,2016,"Transit",0.000000
"Kepler-1904 b","Kepler-1904",288.8744026,51.1542215,4.57702016800,0.0436000000,1.39049940,2.51000000,567.00,2021,"Transit",0.000000
"Kepler-473 b","Kepler-473",286.6300796,38.9455907,14.55731705000,0.1204800000,4.08000000,15.60000000,879.00,2016,"Transit",0.000000
"HD 14787 b","HD 14787",35.8085099,10.8367972,676.60000000000,1.7000000000,13.70000000,356.28743000,409.43,2018,"Radial Velocity",0.155000
"WASP-106 b","WASP-106",166.4296276,-5.0794854,9.28969000000,0.0901000000,12.10569916,613.40882551,1140.00,2014,"Transit",0.023000
"TOI-6158 b","TOI-6158",333.8944061,16.2853919,3.04468990000,0.0327500000,10.40000000,135.00000000,636.00,2026,"Transit",0.059000
"Kepler-1840 b","Kepler-1840",298.5948803,41.4359643,131.19000240000,0.4620600000,2.77771129,8.13000000,284.00,2021,"Transit",0.000000
"kap And b","kap And",355.1025974,44.3338511,,55.0000000000,15.91675259,5498.43144110,1791.00,2012,"Imaging",
"Kepler-1751 b","Kepler-1751",284.8465476,49.6923412,7.01731014300,0.0712000000,1.82417378,3.98000000,984.00,2021,"Transit",0.000000
"Kepler-1067 b","Kepler-1067",285.3873706,45.0490265,0.76212926100,0.0164000000,0.80000000,0.43700000,1872.00,2016,"Transit",0.000000
"TOI-2578 b","TOI-2578",68.0521023,52.2526547,3.45796670000,0.0495000000,19.66055215,167.17774208,1778.00,2026,"Transit",0.098000
"Kepler-624 b","Kepler-624",295.1933631,39.5396946,14.58649607000,0.1163800000,2.31000000,5.95000000,852.00,2016,"Transit",0.000000
"TOI-5349 b","TOI-5349",52.7125703,20.8796279,3.31792100000,0.0369000000,10.20000000,127.40000000,719.00,2026,"Transit",0.030000
"TOI-1294 c","TOI-1294",223.0926408,70.4765573,159.90000000000,0.6100000000,14.30000000,147.00000000,440.45,2024,"Radial Velocity",0.000000
"Kepler-1039 b","Kepler-1039",298.3266169,45.3154212,0.93488424200,0.0171400000,1.46000000,2.73000000,2080.00,2016,"Transit",0.000000
"HAT-P-60 b","HAT-P-60",28.2825719,52.0539209,4.79478130000,0.0627700000,18.28184752,182.43350562,1772.00,2021,"Transit",0.250000
"HD 88986 b","HD 88986",154.1166869,28.6820708,146.05000000000,0.5800000000,2.49000000,17.20000000,460.00,2023,"Radial Velocity",0.240000
"HD 215152 e","HD 215152",340.8380941,-6.4020685,25.19670000000,0.1541700000,,975.41538108,517.82,2018,"Radial Velocity",0.000000
"Kepler-704 b","Kepler-704",283.3163671,41.8370942,3.76182115000,0.0470000000,2.61000000,7.32000000,1121.00,2016,"Transit",0.000000
"K2-385 b","K2-385",12.6140752,5.8712567,2.38086700000,,1.53900000,2.98000000,,2022,"Transit",
"Kepler-1432 b","Kepler-1432",295.5241011,49.8295211,23.91090110000,0.1696000000,2.22000000,5.56000000,709.00,2016,"Transit",0.000000
"Kepler-135 c","Kepler-135",290.4950939,38.7954956,11.44870800000,0.1030000000,1.16000000,1.65000000,975.00,2014,"Transit",0.000000
"Kepler-950 b","Kepler-950",287.9565768,41.1302834,98.71804060000,0.3982000000,8.98000000,59.60000000,360.00,2016,"Transit",0.000000
"HD 73526 b","HD 73526",129.3183310,-41.3184231,188.30000000000,0.6500000000,13.10000000,978.91640000,414.37,2002,"Radial Velocity",0.190000
"HD 207897 b","HD 207897",325.2016451,84.3337613,16.20166000000,0.1170000000,2.34302132,14.80000000,581.75,2021,"Transit",0.000000
"Kepler-1459 b","Kepler-1459",282.4229401,46.0139761,62.86916110000,0.2829000000,1.36000000,2.42000000,349.00,2016,"Transit",0.000000
"Kepler-1358 b","Kepler-1358",286.1705469,43.0089000,7.06317341000,0.0656000000,1.12000000,1.46000000,827.00,2016,"Transit",0.000000
"HD 360 b","HD 360",2.0729030,-8.8242618,273.10000000000,0.9800000000,14.00000000,238.37130525,765.69,2021,"Radial Velocity",0.139000
"TOI-4030 b","TOI-4030",277.6228367,56.7704522,2.50900199461,,5.84625590,28.80000000,1384.00,2026,"Transit",
"Kepler-741 b","Kepler-741",289.4317294,46.6174978,7.03902374000,0.0744000000,2.97000000,9.11000000,1051.00,2016,"Transit",0.000000
"Kepler-1299 b","Kepler-1299",286.1501263,37.4113438,19.94008740000,0.1357000000,2.98000000,9.17000000,588.00,2016,"Transit",0.000000
"Kepler-1806 b","Kepler-1806",287.5349528,49.8016283,9.03332042700,0.0813000000,2.35560189,6.15000000,729.00,2021,"Transit",0.000000
"TOI-375 c","TOI-375",47.1499034,-77.3833275,115.50000000000,0.5240000000,13.40000000,669.34662514,596.00,2026,"Radial Velocity",
"Kepler-1048 b","Kepler-1048",281.8983042,42.1657112,6.92101021000,0.0590000000,1.61000000,3.22000000,619.00,2016,"Transit",0.000000
"Kepler-749 b","Kepler-749",299.8973341,43.9040667,17.31716585000,0.1054000000,3.10000000,9.80000000,454.00,2016,"Transit",0.000000
"HD 102329 b","HD 102329",176.6941567,3.4742143,778.09998000000,1.8100000000,12.60000000,2593.49280000,532.95,2011,"Radial Velocity",0.210000
"TOI-1194 b","TOI-1194",167.8214811,69.9647749,2.31064460000,0.0340000000,8.71664516,120.00000000,1264.29,2023,"Transit",0.000000
"Barnard d","Barnard's star",269.4486144,4.7379808,2.34020000000,0.0188000000,0.69400000,0.26300000,483.00,2025,"Radial Velocity",0.040000
"Kepler-1951 b","Kepler-1951",290.4999139,40.2877161,20.65780067000,0.1435000000,2.32107188,6.00000000,728.00,2021,"Transit",0.000000
"HIP 114933 b","HIP 114933",349.2071949,-21.2033101,1481.60000000000,2.8400000000,13.40000000,616.58710958,316.81,2021,"Radial Velocity",0.210000
"Kepler-1305 b","Kepler-1305",297.3394624,46.3472165,13.56309720000,0.1109000000,1.88000000,4.19000000,733.00,2016,"Transit",0.000000
"Kepler-598 b","Kepler-598",293.1234493,40.9348005,3.70175428000,0.0448700000,1.50000000,2.86000000,1050.00,2016,"Transit",0.000000
"HD 185283 b","HD 185283",295.3233609,-56.3221096,4060.00000000000,4.6000000000,13.60000000,413.17692910,93.97,2023,"Radial Velocity",0.070000
"Kepler-1920 b","Kepler-1920",291.0620355,38.8632881,30.25410080000,0.2043000000,2.95415848,9.03000000,660.00,2021,"Transit",0.000000
"HD 65216 b","HD 65216",118.4209646,-63.6466892,577.60000000000,1.3010000000,13.60000000,411.58985000,222.56,2003,"Radial Velocity",0.270000
"Kepler-954 b","Kepler-954",295.8594318,47.9396001,16.78176602000,0.1202000000,2.32000000,5.99000000,545.00,2016,"Transit",0.000000
"EPIC 206042996 c","EPIC 206042996",337.5136198,-13.6101475,0.35488400000,,1.20000000,1.87000000,,2021,"Transit",
"HATS-38 b","HATS-38",154.2710615,-25.2762982,4.37502100000,0.0503600000,6.88232600,23.51942000,1294.00,2020,"Transit",0.000000
"Kepler-1388 c","Kepler-1388",283.3360156,47.1744499,5.53608151000,0.0519000000,2.26000000,5.73000000,566.00,2016,"Transit",0.000000
"TIC 178172313 b","TIC 178172313",43.4062672,-32.0770480,4.37318161360,,2.80405322,8.27000000,,2026,"Transit",
"Gliese 12 b","Gliese 12",3.9579137,13.5576175,12.76141800000,0.0670000000,0.93000000,0.95000000,314.60,2024,"Transit",0.240000
"Kepler-266 c","Kepler-266",294.4843821,44.1669355,107.72360100000,0.4570000000,3.89000000,14.40000000,421.00,2014,"Transit",0.000000
"NGTS-30 b","NGTS-30",173.7148670,-24.6054801,98.29838000000,0.4080000000,10.40193409,305.11527072,500.00,2024,"Transit",0.294000
"Kepler-1388 e","Kepler-1388",283.3360156,47.1744499,37.63270840000,0.1861000000,2.46000000,6.62000000,299.00,2016,"Transit",0.000000
"Kepler-1311 b","Kepler-1311",289.6512597,43.8244445,11.17269940000,0.1008200000,1.24000000,2.07000000,1019.00,2016,"Transit",0.000000
"Kepler-1991 c","Kepler-1991",285.0360506,45.0709909,22.79020351000,0.1528000000,2.57000000,7.13000000,634.00,2023,"Transit",0.000000
"Kepler-126 d","Kepler-126",289.3473634,44.2084445,100.28313400000,0.4480000000,2.50000000,54.59018723,475.00,2014,"Transit",0.020000
"TOI-4029 b","TOI-4029",239.2337189,16.9802854,5.88498234631,,6.73756618,36.60000000,1142.00,2026,"Transit",
"Kepler-2001 b","Kepler-2001",291.6594558,50.5838585,1.09001100300,0.0197000000,1.04000000,1.12000000,1402.00,2023,"Transit",0.000000
"Kepler-1247 b","Kepler-1247",294.5335974,46.6182365,13.71220213000,0.1091000000,2.33000000,6.04000000,676.00,2016,"Transit",0.000000
"Kepler-68 e","Kepler-68",291.0323102,49.0402129,3455.00000000000,4.6000000000,11.20000000,86.44932670,147.35,2023,"Radial Velocity",0.330000
"Kepler-1406 b","Kepler-1406",292.0818824,38.9149472,11.62905828000,0.0987000000,1.10000000,1.37000000,854.00,2016,"Transit",0.000000
"Kepler-1682 b","Kepler-1682",293.9835827,39.5728474,14.83340000000,0.1134000000,2.88940836,8.70000000,694.00,2020,"Transit",0.000000
"Kepler-174 d","Kepler-174",287.4389454,43.8320052,247.35373000000,0.6770000000,2.19000000,5.43000000,212.00,2014,"Transit",0.000000
"Kepler-326 b","Kepler-326",294.3255898,46.0022646,2.24832900000,0.0320000000,1.52000000,44.60000000,1127.00,2014,"Transit",0.000000
"GJ 3998 d","GJ 3998",259.0020507,11.0561751,41.78000000000,0.1890000000,2.34000000,6.07000000,292.23,2025,"Radial Velocity",0.000000
"HD 205158 b","HD 205158",323.9186227,-59.6933144,25.33798000000,0.1770000000,13.90000000,124.58873554,963.25,2022,"Radial Velocity",0.145000
"HD 219134 h","HD 219134",348.3372026,57.1696255,2247.00000000000,3.1100000000,12.70000000,108.06220000,117.88,2015,"Radial Velocity",0.060000
"K2-183 c","K2-183",125.0071770,14.0194586,10.78799200000,0.0932000000,2.30000000,5.90000000,787.00,2018,"Transit",
"NGTS-21 b","NGTS-21",311.2583112,-35.4278412,1.54338970000,0.0236000000,14.90794433,750.07504052,1357.00,2022,"Transit",0.000000
"Kepler-1519 b","Kepler-1519",296.6679448,49.4617774,240.79893970000,0.7655000000,7.06000000,39.60000000,342.00,2016,"Transit",0.000000
"HATS-46 b","HATS-46",6.7026401,-56.3161021,4.74237490000,0.0527200000,10.65974065,50.21688831,1082.10,2018,"Transit",0.559000
"TCP J05074264+2447555 b","TCP J05074264+2447555",76.9280000,24.7989611,,0.9400000000,4.72000000,20.00000000,344.63,2018,"Microlensing",
"TOI-2459 b","TOI-2459",82.1433321,-39.3730456,19.10471800000,,2.95310000,9.03000000,445.01,2023,"Transit",
"Kepler-784 b","Kepler-784",295.9206663,47.4486164,31.59226460000,0.2211100000,1.58000000,3.12000000,688.00,2016,"Transit",0.000000
"TOI-2641 b","TOI-2641",171.1303716,-42.7321394,4.88097400000,0.0607000000,18.10250383,122.68176510,1387.00,2023,"Transit",0.180000
"Kepler-255 c","Kepler-255",296.0642702,45.9767647,9.94604700000,0.0920000000,2.99000000,9.22000000,807.00,2014,"Transit",0.000000
"HD 51608 c","HD 51608",103.7137102,-55.2600189,95.94460000000,0.3809000000,3.87000000,14.31000000,400.69,2019,"Radial Velocity",0.140000
"TIC 434398831 c","TIC 434398831",93.9592639,16.0238459,6.21029100000,0.0657200000,5.63000000,27.00000000,1050.00,2025,"Transit",0.013000
"TOI-3082 b","TOI-3082",195.9080719,-19.2189845,1.92690700000,,3.66210000,13.00000000,1032.78,2023,"Transit",
"Kepler-1037 b","Kepler-1037",296.3410342,47.1709335,1.06378867300,0.0198000000,1.28000000,2.18000000,1650.00,2016,"Transit",0.000000
"TOI-2141 d","TOI-2141",258.7623456,18.3403449,60.45000000000,0.2906000000,3.97000000,14.90000000,491.40,2025,"Radial Velocity",
"HD 88133 b","HD 88133",152.5319349,18.1857284,3.41488400000,0.0479000000,13.80000000,324.18660000,1762.08,2004,"Radial Velocity",0.031000
"TOI-1448 b","TOI-1448",316.3240030,57.7710946,8.11224500000,0.0567000000,2.74900000,19.50000000,426.00,2024,"Transit",0.360000
"TIC 294329732 b","TIC 294329732",109.1177907,-58.2371507,9.75658761810,,2.07692266,4.97000000,,2026,"Transit",
"WISPIT 2 c","WISPIT 2",290.8209991,-7.6820823,,14.0000000000,17.93436912,3178.28407000,2050.00,2026,"Imaging",
"K2-272 b","K2-272",132.6211743,17.5423852,14.45367560000,0.1007000000,3.13000000,9.96000000,747.00,2018,"Transit",
"TOI-3474 b","TOI-3474",233.5033482,-47.9636597,3.87951050000,0.0502000000,14.67255574,193.87532827,1451.00,2025,"Transit",0.130000
"Kepler-825 c","Kepler-825",294.7698250,39.3984081,8.18182460000,0.0759000000,1.84000000,4.04000000,981.00,2016,"Transit",0.000000
"Kepler-382 b","Kepler-382",299.1362435,45.8699582,5.26215500000,0.0550000000,1.32000000,2.30000000,1166.00,2014,"Transit",0.000000
"Kepler-266 b","Kepler-266",294.4843821,44.1669355,6.61833000000,0.0710000000,2.48000000,6.71000000,1066.00,2014,"Transit",0.000000
"Kepler-1962 b","Kepler-1962",289.5483989,40.1641457,7.99145984600,0.0783000000,1.21463929,1.95000000,901.00,2021,"Transit",0.000000
"TOI-1266 d","TOI-1266",197.9965833,65.8336973,32.50900000000,0.1513000000,1.74000000,3.68000000,288.00,2025,"Transit Timing Variations",0.087000
"Kepler-691 b","Kepler-691",288.8117314,40.0332311,8.11437900000,0.0649000000,2.09000000,5.02000000,460.00,2016,"Transit",0.000000
"HD 142415 b","HD 142415",239.4189890,-60.2006948,386.29999000000,1.0600000000,13.50000000,530.77610000,283.72,2003,"Radial Velocity",0.500000
"WASP-167 b","WASP-167",196.0437932,-35.5495292,2.02195960000,0.0365000000,17.71022000,2542.64000000,2329.00,2017,"Transit",
"K2-412 b","K2-412",76.2621295,21.5801620,5.93820000000,0.0586000000,2.11600000,5.13000000,1100.64,2022,"Transit",
"Kepler-1441 b","Kepler-1441",293.7191177,43.1245756,39.44198390000,0.2346000000,1.31000000,2.27000000,682.00,2016,"Transit",0.000000
"CoRoT-28 b","CoRoT-28",278.6883216,5.5736911,5.20851000000,0.0603000000,10.70459500,153.82972000,1349.25,2015,"Transit",0.047000
"Kepler-37 c","Kepler-37",284.0592503,44.5183733,21.30184800000,0.1390000000,0.75500000,1.30000000,615.00,2013,"Transit",0.099000
"Kepler-138 c","Kepler-138",290.3814122,43.2930645,13.78150000000,0.0913000000,1.51000000,2.30000000,410.00,2014,"Transit",0.017000
"Kepler-46 d","Kepler-46",289.2687388,42.6041819,6.76658900000,0.0670000000,1.64000000,3.33000000,845.00,2014,"Transit",0.000000
"Kepler-1755 b","Kepler-1755",296.8460920,40.1385777,24.81209946000,0.1668000000,5.91688317,29.40000000,631.00,2021,"Transit",0.000000
"Teegarden's Star c","Teegarden's Star",43.2691449,16.8649024,11.41600000000,0.0455000000,1.02000000,1.05000000,209.00,2019,"Radial Velocity",0.040000
"HD 219828 b","HD 219828",349.6947029,18.6457524,3.83483000000,0.0490000000,4.59000000,19.06970442,1602.83,2007,"Radial Velocity",0.091000
"Kepler-835 b","Kepler-835",283.5742181,45.7348003,11.41909375000,0.1070000000,2.79000000,8.20000000,921.00,2016,"Transit",0.000000
"Kepler-1666 c","Kepler-1666",297.9516071,46.2647024,40.71570000000,0.2383000000,3.23564749,10.50000000,578.00,2020,"Transit",0.000000
"Kepler-1143 b","Kepler-1143",287.3027720,39.2896399,2.88890484900,0.0371000000,1.67000000,3.43000000,976.00,2016,"Transit",0.000000
"KOI-4777.01","KOI-4777",287.2621474,42.0322257,0.41200000000,0.0080000000,0.51000000,99.20000000,1180.00,2022,"Transit",0.000000
"Kepler-79 d","Kepler-79",300.5171067,44.3815508,52.08970000000,0.2937000000,7.15000000,5.30000000,592.00,2014,"Transit",0.051000
"Kepler-190 b","Kepler-190",288.5839761,44.7337701,2.01999900000,0.0300000000,1.56000000,3.05000000,1166.00,2014,"Transit",0.000000
"NGTS-17 b","NGTS-17",72.9005729,-34.2262128,3.24253000000,0.0391000000,13.89913607,242.82090295,1457.00,2021,"Transit",0.000000
"Kepler-354 c","Kepler-354",285.7515347,41.3356739,16.93440200000,0.1150000000,1.31000000,2.27000000,508.00,2014,"Transit",0.000000
"TIC 198190129 b","TIC 198190129",246.3322839,60.3771414,7.94804910667,,2.92284949,8.87000000,,2026,"Transit",
"Kepler-1933 b","Kepler-1933",283.9950850,39.9170121,4.94329023400,0.0560500000,1.17984089,1.76000000,1058.00,2021,"Transit",0.000000
"TOI-5811 B b","TOI-5811 B",310.9101344,19.7291680,6.25663000000,0.0731000000,21.96960217,257.44100967,1530.00,2026,"Transit",
"Kepler-1041 b","Kepler-1041",293.8817361,49.6831419,24.75764210000,0.1688000000,2.94000000,8.96000000,644.00,2016,"Transit",0.000000
"KIC 10525077 b","KIC 10525077",287.3781164,47.7711541,854.08300000000,,5.50000000,25.90000000,,2015,"Transit",
"K2-70 b","K2-70",338.4759328,-10.0849917,13.97896000000,0.1112000000,2.89000000,8.70000000,783.99,2016,"Transit",
"TOI-5704 b","TOI-5704",169.8248694,44.9890782,3.77111600000,,3.22740000,10.50000000,949.07,2023,"Transit",
"HATS-4 b","HATS-4",94.1120914,-22.5468824,2.51672900000,0.0362000000,11.43300000,420.47100000,1315.00,2014,"Transit",0.013000
"Kepler-121 b","Kepler-121",286.1621273,39.6780204,3.17742200000,0.0390000000,2.34000000,6.08000000,997.00,2014,"Transit",0.000000
"HD 163607 b","HD 163607",268.4181383,56.3924701,75.22030000000,0.3620000000,13.90000000,249.05158800,587.13,2012,"Radial Velocity",0.744100
"TOI-1453 b","TOI-1453",258.2232705,57.1977779,4.31352250000,,1.17300000,2.32000000,944.20,2025,"Transit",0.000000
"Kepler-395 c","Kepler-395",293.5111889,45.1366252,34.98926200000,0.1770000000,1.32000000,2.30000000,341.00,2014,"Transit",0.000000
"TOI-7393 b","TOI-7393",227.3598373,55.9810558,3.33708000000,0.0366400000,11.30000000,194.78000000,747.00,2026,"Transit",0.119800
"HIP 81991 b","HIP 81991",251.2490143,6.0870480,5860.00000000000,6.4000000000,12.50000000,3019.36986650,163.28,2026,"Radial Velocity",
"Kepler-1965 b","Kepler-1965",292.5147146,38.0219872,41.86869812000,0.2297100000,1.35415138,2.40000000,492.00,2021,"Transit",0.000000
"DMPP-8 b","DMPP-8",305.3083517,-81.6166664,62.91500000000,0.3098000000,10.80000000,81.09000000,579.70,2026,"Radial Velocity",0.275000
"Kepler-501 b","Kepler-501",297.2014919,41.7301534,5.64067757200,0.0627000000,4.30000000,17.10000000,1125.00,2016,"Transit",0.000000
"TOI-892 b","TOI-892",86.7382280,-11.2353401,10.62656000000,0.0920000000,11.99363000,301.93850000,1397.00,2020,"Transit",0.125000
"Kepler-1898 b","Kepler-1898",287.2058009,38.4981903,4.76562023200,0.0506300000,0.93353523,0.76000000,1167.00,2021,"Transit",0.000000
"Kepler-1274 b","Kepler-1274",284.5936858,46.4497364,6.98152703000,0.0816100000,1.42000000,2.60000000,1384.00,2016,"Transit",0.000000
"G 9-40 b","G 9-40",134.7188514,21.0747961,5.74599820000,0.0418000000,1.90000000,4.00000000,440.60,2019,"Transit",0.000000
"K2-46 b","K2-46",174.2662454,-0.9072100,19.15410000000,0.1382100000,2.05000000,4.86000000,889.00,2016,"Transit",
"K2-199 c","K2-199",208.9014508,-6.1360833,7.37448970000,0.0662000000,2.85000000,12.40000000,694.00,2018,"Transit",0.030000
"TOI-2005 b","TOI-2005",164.0316540,-43.3766967,17.30590400000,0.1600000000,11.99360935,2034.10180480,1221.39,2025,"Transit",0.597000
"Kepler-1065 b","Kepler-1065",294.5113190,38.7904648,3.60930890700,0.0455000000,3.73000000,13.40000000,1092.00,2016,"Transit",0.000000
"TOI-7394 B b","TOI-7394 B",236.0551933,58.5527617,1.25299500000,0.0191300000,11.50000000,668.74000000,986.00,2026,"Transit",0.027100
"HD 112300 b","HD 112300",193.8988441,3.3972376,466.63000000000,1.3300000000,12.20000000,5031.22368281,1240.35,2023,"Radial Velocity",0.360000
"TOI-5614 b","TOI-5614",189.4323154,69.4584273,4.17221328949,,3.21759316,10.40000000,817.00,2026,"Transit",
"Kepler-793 b","Kepler-793",295.2167334,38.7744269,4.24153639000,0.0491000000,1.37000000,2.45000000,1177.00,2016,"Transit",0.000000
"Kepler-307 c","Kepler-307",297.7950939,40.4176403,13.07290000000,0.1089600000,2.20000000,3.64000000,739.00,2013,"Transit",0.000000
"Kepler-613 b","Kepler-613",282.7868415,46.2449846,15.77979614000,0.1232000000,2.29000000,5.86000000,713.00,2016,"Transit",0.000000
"K2-138 g","K2-138",348.9490311,-10.8497391,41.96797000000,0.2310900000,3.01300000,4.32000000,445.00,2021,"Transit",0.059000
"HD 128311 b","HD 128311",219.0032292,9.7454368,453.01900000000,1.0840000000,13.50000000,562.24127000,200.47,2002,"Radial Velocity",0.303000
"Kepler-20 b","Kepler-20",287.6979913,42.3385782,3.69610490000,0.0456500000,1.77300000,9.70000000,1187.00,2011,"Transit",0.083000
"Kepler-1634 b","Kepler-1634",294.0433990,45.1398201,374.87623900000,1.0525000000,3.19000000,10.30000000,282.00,2016,"Transit",0.000000
"MOA-2020-BLG-108L b","MOA-2020-BLG-108L",269.7155833,-26.9165083,,3.6900000000,12.40000000,3391.22910269,,2026,"Microlensing",
"HD 715 b","HD 715",2.8927229,4.7672123,56.40000000000,0.3360000000,11.99360935,201.82103844,798.00,2026,"Transit",0.210000
"Kepler-445 d","Kepler-445",298.7363395,46.4991236,8.15275000000,0.0439000000,1.25000000,2.10000000,305.00,2015,"Transit",0.000000
"Kepler-1701 b","Kepler-1701",286.6088625,41.8892986,169.13400000000,0.5738000000,2.22186207,5.57000000,273.00,2020,"Transit",0.000000
"Kepler-1835 b","Kepler-1835",280.3148152,43.9856885,11.96409988000,0.0997000000,3.53387773,12.20000000,808.00,2021,"Transit",0.000000
"Kepler-1024 b","Kepler-1024",291.9510277,38.2516419,66.41621330000,0.3033000000,3.91000000,14.50000000,376.00,2016,"Transit",0.000000
"Kepler-1545 b","Kepler-1545",298.8988313,47.4630696,163.69234900000,0.5442000000,2.70000000,7.75000000,274.00,2016,"Transit",0.000000
"Kepler-1774 b","Kepler-1774",288.5743991,40.9886069,59.77080154000,0.2949600000,3.18179549,10.20000000,522.00,2021,"Transit",0.000000
"KOBE-1 b","KOBE-1",19.1660378,25.3310358,8.53990000000,0.0700600000,2.91000000,8.80000000,594.40,2025,"Radial Velocity",0.000000
"Kepler-1852 b","Kepler-1852",288.0297157,40.3441934,7.97094011300,0.0762000000,1.88610592,4.22000000,760.00,2021,"Transit",0.000000
"Kepler-1196 b","Kepler-1196",292.3695850,43.9108663,66.18490310000,0.3179000000,2.23000000,5.60000000,436.00,2016,"Transit",0.000000
"TOI-1221 b","TOI-1221",107.9210254,-65.5088568,91.68278000000,0.3870000000,2.91000000,1112.39942450,440.00,2023,"Transit",0.210000
"Kepler-324 c","Kepler-324",286.4714473,49.6490933,51.80561200000,0.2600000000,3.15000000,6.20000000,410.00,2014,"Transit",0.000000
"Kepler-1122 b","Kepler-1122",288.2805801,46.3408747,42.19173570000,0.2315000000,2.04000000,4.82000000,526.00,2016,"Transit",0.000000
"Kepler-1826 b","Kepler-1826",292.7700072,48.8998469,1.61536002200,0.0213000000,1.47519116,2.78000000,806.00,2021,"Transit",0.000000
"HD 134606 c","HD 134606",228.8103897,-70.5203328,58.88300000000,0.3007000000,3.37000000,11.31000000,527.65,2024,"Radial Velocity",0.055000
"TIC 150070085 b","TIC 150070085",110.1432005,53.5469842,10.47423000000,,3.62000000,12.80000000,945.06,2026,"Transit",
"HIP 75092 b","HIP 75092",230.1724206,-25.9910525,926.40000000000,2.0200000000,13.50000000,568.91284853,353.19,2021,"Radial Velocity",0.420000
"Kepler-828 b","Kepler-828",286.8872555,42.4712271,0.56785713600,0.0122800000,1.51000000,2.89000000,1848.00,2016,"Transit",0.000000
"TOI-426 b","TOI-426",79.1021932,-15.5102418,1.32050258000,0.0237400000,2.19000000,6.70000000,1790.00,2026,"Transit",
"HD 5278 b","HD 5278",12.5467785,-83.7437671,14.33915600000,0.1202000000,2.45000000,7.80000000,943.00,2021,"Transit",0.080000
"Kepler-1157 b","Kepler-1157",283.1209268,43.5255701,4.45743164000,0.0448000000,1.09000000,1.32000000,732.00,2016,"Transit",0.000000
"Kepler-1610 b","Kepler-1610",295.9049795,45.4054296,8.70181574000,0.0777000000,1.61000000,3.22000000,750.00,2016,"Transit",0.000000
"Kepler-1245 c","Kepler-1245",290.7443078,43.2607530,2.93658468100,0.0372000000,1.44000000,2.67000000,1190.00,2016,"Transit",0.000000
"Kepler-297 d","Kepler-297",283.2091605,48.7776156,150.01895110000,0.5230000000,32.60000000,,325.00,2023,"Transit",0.000000
"WASP-74 b","WASP-74",304.5388430,-1.0760033,2.13775000000,0.0344300000,15.24424000,228.83760000,1865.00,2015,"Transit",0.000000
"Kepler-431 b","Kepler-431",281.1123072,43.2277663,6.80300000000,0.0719000000,0.76400000,0.37000000,1032.00,2015,"Transit",0.000000
"DMPP-4 b","DMPP-4",293.5826648,51.2358069,3.49820000000,0.0485300000,3.53000000,12.20000000,1645.69,2023,"Radial Velocity",0.063000
"Kepler-184 d","Kepler-184",291.9518784,43.0746172,29.02235800000,0.1790000000,2.49000000,6.76000000,559.00,2014,"Transit",0.000000
"Kepler-1140 b","Kepler-1140",281.6940529,46.9465210,24.08627070000,0.1478000000,2.77000000,8.10000000,500.00,2016,"Transit",0.000000
"TOI-1799 b","TOI-1799",167.2329152,34.3030149,7.09457086500,0.0725020000,1.64200000,4.00000000,922.72,2024,"Transit",0.000000
"Kepler-1696 b","Kepler-1696",295.5761011,42.0233639,65.94090000000,0.3244000000,2.80982017,8.29000000,454.00,2020,"Transit",0.000000
"Kepler-928 b","Kepler-928",289.9206760,41.5427758,3.93246130200,0.0444000000,1.59000000,3.15000000,894.00,2016,"Transit",0.000000
"Kepler-153 c","Kepler-153",282.4605020,48.2570293,46.90232000000,0.2370000000,2.53000000,6.94000000,458.00,2014,"Transit",0.000000
"HD 73256 c","HD 73256",129.0949961,-30.0373339,2690.00000000000,3.8000000000,12.20000000,5085.25451200,133.92,2023,"Radial Velocity",0.160000
"HD 175541 b","HD 175541",283.9203211,4.2649344,298.43000000000,0.9750000000,14.10000000,190.06234000,501.11,2007,"Radial Velocity",0.110000
"HD 219134 g","HD 219134",348.3372026,57.1696255,94.20000000000,0.3753000000,3.28000000,10.80622000,339.34,2015,"Radial Velocity",0.000000
"Kepler-708 b","Kepler-708",293.8164588,42.2125159,3.16789193800,0.0426000000,2.93000000,8.91000000,1221.00,2016,"Transit",0.000000
"WASP-54 b","WASP-54",205.4542456,-0.1281712,3.69364000000,0.0498800000,17.71022000,187.51970000,1759.00,2012,"Transit",0.070000
"K2-250 b","K2-250",185.0315429,-8.9757427,4.01392000000,0.0460600000,2.71257333,7.81000000,1003.00,2018,"Transit",0.210000
"K2-223 b","K2-223",185.3061830,-10.2820915,0.50560800000,0.0135000000,0.79000000,2.80000000,2480.00,2018,"Transit",0.000000
"K2-223 c","K2-223",185.3061830,-10.2820915,4.56395000000,0.0584000000,1.41000000,4.20000000,1191.00,2018,"Transit",0.000000
"Kepler-1325 b","Kepler-1325",285.0171505,42.0853120,33.87868380000,0.2004000000,2.86000000,8.55000000,564.00,2016,"Transit",0.000000
"Kepler-703 b","Kepler-703",299.1868586,41.7426990,4.58352175600,0.0535000000,8.20000000,51.10000000,1038.00,2016,"Transit",0.000000
"TOI-1533 c","TOI-1533",355.2467209,57.4852417,8.06379260000,0.0760000000,7.50000000,36.60000000,628.00,2026,"Transit",0.000000
"Kepler-957 b","Kepler-957",290.1563633,48.8189710,5.90741353700,0.0559000000,5.50000000,25.90000000,769.00,2016,"Transit",0.000000
"TOI-3856 b","TOI-3856",145.2229223,27.9501580,2.04360352000,0.0325000000,13.59649359,171.62733978,1544.00,2025,"Transit",0.083000
"Kepler-1740 b","Kepler-1740",293.8736630,38.9224548,8.17240047500,0.0779000000,3.32321414,11.00000000,858.00,2021,"Transit",0.000000
"Kepler-176 d","Kepler-176",294.6679021,43.8532104,25.75197400000,0.1630000000,2.51000000,1.72000000,501.00,2014,"Transit",0.000000
"K2-150 b","K2-150",18.3443908,8.9874328,10.59357000000,0.0727000000,2.00000000,4.66000000,413.19,2018,"Transit",
"Kepler-307 b","Kepler-307",297.7950939,40.4176403,10.42080000000,0.0935900000,2.43000000,7.44000000,797.00,2013,"Transit",0.000000
"Kepler-755 c","Kepler-755",296.8609348,41.0973178,2.85313364400,0.0370000000,1.26000000,2.13000000,1016.00,2016,"Transit",0.000000
"Kepler-607 c","Kepler-607",291.0571451,44.6323060,39.67679977000,0.2150700000,2.76001201,8.05000000,473.00,2021,"Transit",0.000000
"TOI-540 b","TOI-540",76.3096949,-47.9375391,1.23914910000,0.0122300000,0.90300000,0.67400000,611.00,2020,"Transit",0.000000
"K2-320 b","K2-320",163.2519122,5.3064776,1.99500000000,0.0142000000,2.62000000,7.37000000,698.00,2020,"Transit",
"Kepler-1523 b","Kepler-1523",296.0540705,45.8270447,0.93875077000,0.0186700000,1.58000000,3.12000000,1676.00,2016,"Transit",0.000000
"GJ 463 b","GJ 463",185.7440496,64.0324311,3459.00000000000,3.5300000000,13.10000000,1080.61658380,63.55,2022,"Radial Velocity",0.146000
"Kepler-62 c","Kepler-62",283.2125621,45.3496992,12.44170000000,0.0929000000,0.54000000,4.00000000,578.00,2013,"Transit",0.000000
"HD 222582 b","HD 222582",355.4640788,-5.9862379,572.38000000000,1.3400000000,12.60000000,2660.23710000,256.39,1999,"Radial Velocity",0.730000
"Kepler-210 c","Kepler-210",292.5034196,43.0832188,7.97251300000,0.0700000000,3.62000000,12.80000000,497.00,2014,"Transit",0.000000
"Kepler-1551 b","Kepler-1551",295.7855238,39.9078956,24.49736980000,0.1772000000,2.66000000,7.56000000,722.00,2016,"Transit",0.000000
"TIC 188624430 b","TIC 188624430",258.5566927,53.7060189,6.21860433132,,3.64811843,12.90000000,,2026,"Transit",
"Kepler-1174 b","Kepler-1174",281.8314296,42.2988910,6.89225223000,0.0732000000,1.59000000,3.15000000,1156.00,2016,"Transit",0.000000
"Kepler-269 c","Kepler-269",290.2151459,41.7759810,8.12789900000,0.0810000000,1.69000000,3.50000000,875.00,2014,"Transit",0.000000
"Kepler-607 b","Kepler-607",291.0571451,44.6323060,0.63816320400,0.0137000000,0.87000000,0.59000000,1874.00,2016,"Transit",0.000000
"Kepler-1981 b","Kepler-1981",287.9754691,38.7402988,453.54212000000,1.3292000000,9.23000000,62.50000000,390.00,2023,"Transit",0.000000
"TOI-2427 b","TOI-2427",52.2917315,-31.3628665,1.30596200000,0.0202000000,1.64000000,5.69000000,1147.80,2022,"Transit",0.074000
"TOI-6041 c","TOI-6041",46.0610334,43.5576668,88.00000000000,0.3721000000,10.50000000,77.90000000,403.50,2025,"Radial Velocity",
"HD 109833 c","HD 109833",189.7758591,-74.5740205,13.90014800000,,2.59000000,7.22000000,756.70,2022,"Transit",0.300000
"Kepler-1082 b","Kepler-1082",289.3586737,50.5984489,1.54320660400,0.0257100000,1.12000000,1.46000000,1827.00,2016,"Transit",0.000000
"Kepler-431 d","Kepler-431",281.1123072,43.2277663,11.92200000000,0.1045000000,1.11000000,1.41000000,856.00,2015,"Transit",0.000000
"WASP-170 b","WASP-170",135.4163028,-20.7203686,2.34478022000,0.0337000000,12.28506400,508.52800000,1422.00,2018,"Transit",
"K2-74 b","K2-74",339.9192984,-8.7145697,19.56660000000,0.1402000000,2.31000000,5.95000000,772.58,2016,"Transit",
"HD 148797 b","HD 148797",248.4127554,-56.6992779,42.09883310000,0.2568000000,8.25000000,39.30000000,762.00,2026,"Transit",0.153000
"WASP-104 b","WASP-104",160.6023689,7.4350768,1.75541370000,0.0291800000,12.74500000,404.26300000,1516.00,2014,"Transit",0.000000
"Kepler-372 d","Kepler-372",291.2562253,49.2589288,30.09256800000,0.2010000000,1.69000000,3.50000000,660.00,2014,"Transit",0.000000
"HD 25723 b","HD 25723",61.0947182,-12.7922241,457.01000000000,1.4900000000,13.30000000,794.57101750,698.40,2020,"Radial Velocity",0.040000
"TOI-7155 b","TOI-7155",12.4454481,79.2878555,3.89489711981,,2.40821473,6.38000000,914.00,2026,"Transit",
"Kepler-84 b","Kepler-84",298.2520208,40.4960842,8.72600000000,0.0827000000,2.23000000,40.00000000,985.00,2012,"Transit",0.000000
"TOI-3353.01","TOI-3353",106.5298146,-75.8195594,4.66579650000,0.0601182180,2.66675550,7.59000000,1264.36,2024,"Transit",
"TOI-2427 c","TOI-2427",52.2917315,-31.3628665,5.15000000000,0.0500000000,2.43000000,6.46000000,729.62,2025,"Radial Velocity",0.089000
"HD 278555 b","HD 278555",50.3680468,32.9138110,28.84243800000,0.1985000000,11.02963701,266.97586188,853.00,2026,"Transit",0.085000
"Kepler-1555 b","Kepler-1555",287.6354587,45.7160327,8.10501635000,0.0805000000,1.61000000,3.22000000,959.00,2016,"Transit",0.000000
"Kepler-1725 b","Kepler-1725",294.3735518,40.1946345,16.71990013000,0.1326300000,2.81251770,8.31000000,767.00,2021,"Transit",0.000000
"TOI-2104 b","TOI-2104",151.6122146,83.0878397,5.90437045700,,1.52898127,2.95000000,846.00,2026,"Transit",
"Kepler-120 b","Kepler-120",287.8915707,39.3390979,6.31250100000,0.0550000000,2.15000000,8.50000000,575.00,2014,"Transit",0.000000
"Kepler-627 b","Kepler-627",292.1042198,39.7678585,40.69944430000,0.2266100000,3.73000000,13.40000000,685.00,2016,"Transit",0.000000
"Kepler-1326 b","Kepler-1326",296.2221990,39.2689420,42.35142670000,0.2743000000,4.18000000,16.30000000,938.00,2016,"Transit",0.000000
"TOI-1184 b","TOI-1184",272.2045196,60.6787845,5.74843380300,0.0560270000,2.39000000,6.80000000,715.47,2024,"Transit",0.000000
"G 192-15 b","G 192-15",90.6220931,49.8619390,2.27476000000,0.0172300000,1.02000000,1.03000000,453.60,2025,"Radial Velocity",0.000000
"HATS-61 b","HATS-61",61.6578005,-25.3496674,7.81795300000,0.0790800000,13.39475500,1080.62200000,1226.10,2018,"Transit",0.092000
"Kepler-684 b","Kepler-684",290.8704935,38.2735978,6.77030200800,0.0640000000,3.36000000,11.20000000,812.00,2016,"Transit",0.000000
"WASP-159 b","WASP-159",68.1364792,-38.9682973,3.84040100000,0.0538000000,15.46842000,174.80650000,1850.00,2018,"Transit",0.000000
"K2-26 b","K2-26",94.2064312,24.5958335,14.56650000000,0.0962000000,2.67000000,7.61000000,430.00,2016,"Transit",
"TIC 9344899 b","TIC 9344899",72.7939340,-8.4473205,8.58215660000,0.0815000000,9.16000000,6170.00000000,923.00,2026,"Transit",0.029000
"WASP-194 b","WASP-194",295.3877064,56.2178049,3.18338700000,0.0470000000,15.47960235,373.13054982,1693.00,2025,"Transit",0.000000
"Kepler-1956 b","Kepler-1956",294.6208506,49.8942190,5.94371986400,0.0563000000,1.08940238,1.32000000,674.00,2021,"Transit",0.000000
"K2-335 b","K2-335",129.3896679,16.5220648,12.28321100000,,2.21000000,5.52000000,949.00,2021,"Transit",
"Kepler-352 c","Kepler-352",299.8966237,46.0519022,16.33299500000,0.1180000000,1.24000000,2.07000000,591.00,2014,"Transit",0.000000
"Kepler-1175 b","Kepler-1175",289.1426847,46.8129656,37.94563000000,0.2181000000,2.99000000,9.22000000,515.00,2016,"Transit",0.000000
"TOI-2453 b","TOI-2453",74.8374845,12.9363528,4.44143463188,,3.24380341,10.60000000,550.78,2026,"Transit",
"TOI-3523 A b","TOI-3523 A",304.2834581,42.9065338,2.30458952000,0.0355900000,15.97279750,435.42491759,1984.00,2025,"Transit",0.047000
"Kepler-1586 b","Kepler-1586",298.2026236,44.9258585,15.60492120000,0.1220800000,1.52000000,2.92000000,1013.00,2016,"Transit",0.000000
"TOI-1062 c","TOI-1062",38.1209678,-78.0236828,7.97200000000,0.0800000000,3.10000000,9.78000000,859.00,2021,"Radial Velocity",0.140000
"Kepler-30 b","Kepler-30",285.2836483,38.9472625,29.33434000000,0.1800000000,3.90000000,11.30000000,524.00,2012,"Transit",0.042000
"Kepler-1285 b","Kepler-1285",281.8353366,44.1558825,14.79674580000,0.1275800000,0.97000000,0.87100000,874.00,2016,"Transit",0.000000
"TOI-1230.01","TOI-1230",118.1295936,-83.8250629,25.05734661842,,2.38627705,6.29000000,1046.51,2021,"Transit",
"Kepler-416 b","Kepler-416",291.5569554,39.2272923,6.31900000000,0.0674000000,2.48000000,58.20000000,986.00,2014,"Transit",0.000000
"Kepler-416 c","Kepler-416",291.5569554,39.2272923,12.20900000000,0.1045400000,2.35200000,6.13000000,791.00,2014,"Transit",0.000000
"KOI-142 c","KOI-142",291.1481028,40.6694130,22.26492000000,0.1541210030,14.00000000,214.10000000,635.87,2013,"Transit Timing Variations",0.057240
"HD 114082 b","HD 114082",197.3171237,-60.3084347,225.55040000000,0.7910000000,11.72459381,508.52545120,949.67,2022,"Transit",0.000000
"Kepler-103 c","Kepler-103",288.9845512,40.0644857,179.60978000000,0.6679000000,5.45390000,58.47000000,434.00,2014,"Transit",0.103000
"Kepler-433 b","Kepler-433",297.5936232,40.9772546,5.33408384000,0.0679000000,16.25000000,896.24000000,1776.00,2015,"Transit",0.119000
"CoRoT-8 b","CoRoT-8",291.5885696,1.4262972,6.21229000000,0.0630000000,6.39000000,69.92000000,870.00,2010,"Transit",0.000000
"Kepler-361 c","Kepler-361",296.8034146,46.7411011,55.18802300000,0.3000000000,2.52000000,6.90000000,568.00,2014,"Transit",0.000000
"TOI-5728 b","TOI-5728",260.3509363,67.5504212,11.49761000000,,1.31000000,2.27000000,382.00,2025,"Transit",
"Kepler-568 b","Kepler-568",298.1061315,48.4016448,11.02347475000,0.0794000000,2.26000000,5.73000000,429.00,2016,"Transit",0.000000
"Kepler-1923 b","Kepler-1923",298.0834457,40.3462551,52.60969925000,0.2846000000,1.95958179,4.50000000,553.00,2021,"Transit",0.000000
"Kepler-1208 b","Kepler-1208",291.8812445,44.5557587,11.08507637000,0.0901000000,2.32000000,5.99000000,665.00,2016,"Transit",0.000000
"Kepler-406 c","Kepler-406",291.8481764,44.9682807,4.62332000000,0.0553100000,0.85000000,2.71000000,1050.00,2014,"Transit",0.000000
"Kepler-1910 b","Kepler-1910",296.6171677,41.2811677,5.68876981700,0.0536000000,1.18400000,1.78000000,645.00,2021,"Transit",0.000000
"Kepler-1655 b","Kepler-1655",286.6895986,39.2120802,11.87287870000,0.1029000000,2.21300000,5.40000000,938.00,2018,"Transit",0.190000
"HD 191939 g","HD 191939",302.0256247,66.8503014,284.00000000000,0.8120000000,3.74000000,13.50000000,278.00,2022,"Radial Velocity",0.030000
"HD 87816 c","HD 87816",151.5296524,-52.1878679,7596.00000000000,10.1400000000,12.40000000,3877.50656540,226.65,2025,"Radial Velocity",0.190000
"Kepler-185 c","Kepler-185",282.4681674,43.8899464,20.72904200000,0.1390000000,2.02000000,4.74000000,530.00,2014,"Transit",0.000000
"TOI-707 b","TOI-707",98.7295889,-67.5372743,52.79918000000,0.2750000000,2.41600000,6.42000000,491.70,2026,"Transit",
"WASP-7 b","WASP-7",311.0427558,-39.2254856,4.95464160000,0.0617000000,14.90797000,305.11680000,1487.00,2008,"Transit",0.034000
"Kepler-738 b","Kepler-738",287.5696516,46.5679011,24.58721573000,0.1552000000,2.50000000,6.80000000,530.00,2016,"Transit",0.000000
"Kepler-725 c","Kepler-725",283.9774949,44.8115613,207.54100000000,0.6744000000,3.08000000,9.70000000,268.00,2025,"Transit Timing Variations",0.436000
"Kepler-658 b","Kepler-658",282.9836210,47.5783897,1.28707676200,0.0188000000,1.63000000,3.29000000,871.00,2016,"Transit",0.000000
"HD 235088 b","HD 235088",300.6154535,53.3774418,7.43413250000,0.0706000000,1.98200000,4.15000000,805.00,2023,"Transit",0.000000
"Kepler-93 b","Kepler-93",291.4181275,38.6723124,4.72673978000,0.0534300000,1.47800000,4.66000000,1133.00,2014,"Transit",0.000000
"Kepler-596 b","Kepler-596",289.5006797,51.6857106,21.30022655000,0.1516100000,3.46000000,11.80000000,725.00,2016,"Transit",0.000000
"K2-174 b","K2-174",60.7929729,16.3471660,19.56230700000,0.1260000000,2.60000000,7.27000000,455.00,2018,"Transit",
"TOI-2154 b","TOI-2154",71.0281482,84.3642652,3.82408010000,0.0513000000,16.28664896,292.40213444,1580.00,2023,"Transit",0.117000
"Kepler-1357 b","Kepler-1357",291.5480665,50.3532584,3.00913240000,0.0410000000,1.28000000,2.18000000,1177.00,2016,"Transit",0.000000
"Kepler-1807 b","Kepler-1807",291.5494119,44.5272788,10.86060047000,0.0988000000,2.70393215,7.77000000,1108.00,2021,"Transit",0.000000
"GJ 3378 b","GJ 3378",90.2951302,59.5931917,21.45000000000,0.0967300000,1.32000000,2.30000000,272.00,2026,"Radial Velocity",0.000000
"Kepler-256 b","Kepler-256",292.5804200,46.0973588,1.62049300000,0.0270000000,1.59000000,3.15000000,1681.00,2014,"Transit",0.000000
"NGTS-31 b","NGTS-31",80.4212533,-38.6568270,4.16273400000,0.0640000000,18.04645893,355.96781584,1410.00,2025,"Transit",0.000000
"Kepler-574 b","Kepler-574",290.2470519,52.1491051,7.65880414000,0.0723000000,2.39000000,6.30000000,858.00,2016,"Transit",0.000000
"Kepler-1062 b","Kepler-1062",283.8994187,41.2215940,9.30412078000,0.0748000000,1.76000000,3.75000000,583.00,2016,"Transit",0.000000
"HD 28185 c","HD 28185",66.6100461,-10.5510754,9090.00000000000,8.5000000000,12.80000000,1906.97044200,94.85,2022,"Radial Velocity",0.150000
"TOI-1836 c","TOI-1836",245.9079242,54.6900774,1.77274710000,0.0308900000,2.59987579,8.00000000,2007.60,2024,"Transit",0.000000
"Kepler-414 b","Kepler-414",297.9615616,48.2443363,4.70000000000,0.0543000000,1.71000000,3.50000000,1024.00,2014,"Transit",0.000000
"Kepler-411 d","Kepler-411",287.6057027,49.5233937,58.02035000000,0.2790000000,3.31900000,15.20000000,410.00,2018,"Transit",0.128000
"Kepler-247 c","Kepler-247",288.6425609,43.0393769,9.43945200000,0.0840000000,4.09000000,15.70000000,686.00,2014,"Transit",0.000000
"Kepler-725 b","Kepler-725",283.9774949,44.8115613,39.64372000000,0.2238000000,10.80000000,521.76244000,514.00,2016,"Transit",0.231000
"K2-317 b","K2-317",228.6188638,-21.0227209,6.22000000000,0.0542000000,2.93000000,8.91000000,432.00,2020,"Transit",
"Kepler-1375 b","Kepler-1375",296.2935173,43.4032189,3.30041920000,0.0471000000,1.74000000,3.68000000,1543.00,2016,"Transit",0.000000
"TOI-2152 A b","TOI-2152",26.3389717,77.7901231,3.37735120000,0.0506400000,14.35870428,899.45439181,1802.00,2023,"Transit",0.057000
"TOI-6478 b","TOI-6478",149.9918059,-16.1597935,34.00501900000,0.1136000000,4.60000000,19.20000000,204.40,2025,"Transit",
"Kepler-1338 b","Kepler-1338",284.0422701,41.6990348,0.93511805700,0.0193700000,0.92000000,0.72100000,2124.00,2016,"Transit",0.000000
"WASP-59 b","WASP-59",349.6229547,24.8892770,7.91958500000,0.0697000000,8.68700000,274.27600000,670.00,2012,"Transit",0.100000
"K2-63 c","K2-63",333.4267738,-12.0663429,25.45560000000,0.1890000000,3.90000000,14.50000000,958.85,2016,"Transit",
"KOI-4978 b","KOI-4978",286.5907635,38.5582993,0.94196700000,,0.70000000,0.27100000,,2024,"Transit",
"Kepler-1539 b","Kepler-1539",284.2194566,44.2685146,133.30367410000,0.4765000000,2.70000000,7.75000000,301.00,2016,"Transit",0.000000
"Kepler-614 b","Kepler-614",298.3848866,46.2759867,14.03491514000,0.1027000000,2.39000000,6.30000000,641.00,2016,"Transit",0.000000
"Kepler-257 c","Kepler-257",297.3159994,46.0232642,6.58148400000,0.0660000000,5.41000000,25.20000000,881.00,2014,"Transit",0.000000
"TOI-5398 b","TOI-5398",161.8795569,36.3294345,10.59054700000,0.0980000000,10.30000000,58.70000000,947.00,2022,"Transit",0.130000
"TOI-1820 b","TOI-1820",187.6867207,27.4520016,4.86067400000,0.0610000000,12.77823800,731.00533610,1375.00,2022,"Transit",0.043000
"Kepler-1220 b","Kepler-1220",297.0703980,42.9777396,7.42693741000,0.0734000000,1.52000000,2.92000000,899.00,2016,"Transit",0.000000
"TOI-938 b","TOI-938",63.0323442,-12.1188357,8.80733882211,,4.82401567,20.80000000,1073.00,2026,"Transit",
"Kepler-192 d","Kepler-192",287.9179379,45.5928829,6.47027579000,0.0686000000,1.02000000,1.04000000,926.00,2016,"Transit",0.000000
"Kepler-825 b","Kepler-825",294.7698250,39.3984081,3.77360059000,0.0453000000,1.53000000,2.96000000,1270.00,2016,"Transit",0.000000
"Kepler-1414 b","Kepler-1414",284.9285796,42.4223085,3.51576315000,0.0426000000,1.23000000,2.04000000,1033.00,2016,"Transit",0.000000
"HD 86950 b","HD 86950",150.4066612,-17.3330699,1270.00000000000,2.7200000000,13.00000000,1144.18800000,416.76,2016,"Radial Velocity",0.170000
"Kepler-1150 b","Kepler-1150",296.7244553,49.5326846,2.78786838600,0.0382000000,1.02000000,1.04000000,1432.00,2016,"Transit",0.000000
"Kepler-1765 b","Kepler-1765",298.0144601,42.9574314,10.41889954000,0.0917000000,2.49508857,6.78000000,855.00,2021,"Transit",0.000000
"Kepler-831 b","Kepler-831",294.9855607,42.7277355,5.62153941000,0.0598400000,1.27000000,2.15000000,992.00,2016,"Transit",0.000000
"K2-257 b","K2-257",188.2782840,-1.9532879,1.60588000000,0.0216000000,0.83000000,0.49800000,789.00,2018,"Transit",
"Kepler-27 d","Kepler-27",292.2367608,41.0858710,6.54628992100,0.0657800000,2.70619460,7.78000000,810.00,2021,"Transit",0.000000
"HIP 29442 d","TOI-469",93.0578446,-14.6493167,6.42957500000,0.0673000000,1.53800000,5.14000000,920.00,2023,"Radial Velocity",
"Kepler-196 b","Kepler-196",284.9685077,42.0791214,20.73988600000,0.1380000000,1.90000000,4.27000000,536.00,2014,"Transit",0.000000
"Kepler-806 b","Kepler-806",296.0071956,44.8535698,8.09219642000,0.0768400000,1.14000000,1.55000000,1089.00,2016,"Transit",0.000000
"Kepler-1854 b","Kepler-1854",286.2859300,37.3869915,39.83110046000,0.2089400000,2.58746104,7.21000000,420.00,2021,"Transit",0.000000
"TOI-5624 b","TOI-5624",180.8443476,49.2512257,3.39034730000,0.0420100000,2.31400000,9.40000000,1136.00,2026,"Transit",0.000000
"Kepler-739 b","Kepler-739",290.0679940,46.5791535,12.53248465000,0.1054000000,3.32000000,11.00000000,775.00,2016,"Transit",0.000000
"HD 204313 b","HD 204313",322.0510568,-21.7274194,2041.11539000000,3.1850000000,12.90000000,1466.77809830,163.43,2010,"Radial Velocity",0.100000
"Kepler-129 d","Kepler-129",285.3111845,47.8484775,2646.00000000000,4.0000000000,12.60000000,2637.97577810,178.86,2021,"Radial Velocity",0.150000
"Kepler-389 c","Kepler-389",291.9600082,44.9000587,14.51143000000,0.1100000000,1.46000000,2.73000000,636.00,2014,"Transit",0.000000
"K2-158 c","K2-158",179.9397081,-5.7216879,5.90279000000,0.0622000000,1.28000000,2.18000000,948.00,2018,"Transit",
"Kepler-864 c","Kepler-864",285.0570943,46.3206074,2.42150341000,0.0382000000,1.62000000,3.26000000,1532.00,2023,"Transit",0.000000
"TOI-5800 b","TOI-5800",305.0655462,-7.4119237,2.62788380000,0.0344000000,2.46000000,9.50000000,1108.00,2025,"Transit",0.300000
"TOI-2803 A b","TOI-2803 A",93.1147397,-23.4924956,1.96229325000,0.0318500000,18.11371281,309.88269682,1893.00,2023,"Transit",0.000000
"Kepler-1462 b","Kepler-1462",296.3975420,42.3969273,65.64883410000,0.3094000000,3.82000000,14.00000000,390.00,2016,"Transit",0.000000
"HD 191939 b","HD 191939",302.0256247,66.8503014,8.88032560000,0.0804000000,3.41000000,10.00000000,880.00,2020,"Transit",0.031000
"HD 212771 b","HD 212771",336.7624130,-17.2641046,380.70000000000,1.1900000000,13.30000000,759.61370000,507.69,2009,"Radial Velocity",0.076000
"Kepler-1695 b","Kepler-1695",293.6193001,46.4134015,4.73290000000,0.0529000000,1.11948901,1.46000000,957.00,2020,"Transit",0.000000
"TOI-1782.02","TOI-1782",213.0787718,74.4117909,1.82902422700,0.0257390000,1.83900000,4.04000000,974.95,2024,"Transit",
"WASP-119 b","WASP-119",55.9336392,-65.1937800,2.49979000000,0.0363000000,15.69260000,390.93090000,1600.00,2016,"Transit",0.058000
"Kepler-893 b","Kepler-893",284.9630591,43.9130282,6.33855761000,0.0699000000,3.03000000,9.43000000,1034.00,2016,"Transit",0.000000
"Kepler-1487 c","Kepler-1487",295.4980737,38.6444499,35.80071120000,0.2588000000,7.97000000,48.70000000,991.00,2023,"Transit",0.000000
"KOI-7913 b","KOI-7913 A",286.7485252,45.1587234,24.27855300000,0.1456000000,2.34000000,6.08000000,432.00,2022,"Transit",0.000000
"TOI-1472 c","TOI-1472",14.1142611,48.6375168,15.53817470000,0.1160000000,3.33400000,21.13000000,662.00,2025,"Radial Velocity",0.172000
"Kepler-1239 b","Kepler-1239",293.1273357,42.3200578,5.19104016000,0.0625000000,2.90000000,8.75000000,1183.00,2016,"Transit",0.000000
"Kepler-1902 b","Kepler-1902",292.7376545,42.0147792,3.82222008700,0.0385000000,1.17563613,1.74000000,601.00,2021,"Transit",0.000000
"Kepler-297 b","Kepler-297",283.2091605,48.7776156,38.87182600000,0.2170000000,2.87000000,48.50000000,509.00,2014,"Transit",0.000000
"Kepler-351 d","Kepler-351",286.4527949,42.6577891,142.54424700000,0.5177000000,2.72000000,7.85000000,318.00,2016,"Transit",0.000000
"TOI-2227 b","TOI-2227",337.5177563,-67.8501459,4.22175815648,,3.09885187,9.79000000,1539.88,2026,"Transit",
"K2-136 d","K2-136",67.4128615,22.8825674,25.57500000000,0.1538000000,1.56500000,3.00000000,420.00,2017,"Transit",0.071000
"Kepler-789 b","Kepler-789",295.9751549,38.9466396,8.63847725000,0.0951000000,2.12000000,5.14000000,1419.00,2016,"Transit",0.000000
"K2-279 b","K2-279",204.7792935,-6.0417592,7.12260500000,0.0670000000,1.21000000,1.92000000,879.00,2018,"Transit",
"nu Oph c","nu Oph",269.7566013,-9.7741342,3180.60000000000,5.8290000000,12.00000000,7838.32346000,341.48,2012,"Radial Velocity",0.179000
"KOI-1599.02","KOI-1599",298.3738383,40.6184483,13.60880000000,0.1122930000,1.90000000,9.00000000,755.00,2019,"Transit",0.011400
"TOI-261.02","TOI-261",15.2181412,-24.4239934,13.03935862135,,3.34822227,11.20000000,1007.53,2021,"Transit",
"HD 109833 b","HD 109833",189.7758591,-74.5740205,9.18852600000,,2.88800000,8.69000000,786.00,2022,"Transit",0.180000
"HIP 71135 b","HIP 71135",218.2158073,-52.6464757,87.19000000000,0.3350000000,4.55000000,18.80000000,285.11,2019,"Radial Velocity",0.210000
"TOI-262 b","TOI-262",32.5346870,-31.0706272,11.14529000000,0.1630000000,2.07000000,4.94000000,584.00,2023,"Transit",
"K2-147 b","K2-147",293.8330329,-28.4984750,0.96193900000,0.0157500000,1.47286006,2.77000000,1077.00,2018,"Transit",0.380000
"Kepler-11 d","Kepler-11",297.1150949,41.9091092,22.68450000000,0.1550000000,3.12000000,7.30000000,653.00,2010,"Transit",0.004000
"K2-131 b","K2-131",182.7514040,-9.7652392,0.36930380000,0.0093600000,1.69000000,7.90000000,2223.00,2017,"Transit",0.000000
"Kepler-218 d","Kepler-218",295.4128785,46.2665801,124.52446470000,0.4988400000,2.66000000,7.56000000,356.00,2016,"Transit",0.000000
"TOI-6054.01","TOI-6054",56.3370070,60.3509170,7.50142800000,0.0763000000,2.64000000,12.50000000,1360.00,2024,"Transit",0.164000
"Kepler-1937 b","Kepler-1937",290.6583922,40.7785383,9.68859958600,0.0915000000,3.02291330,9.39000000,1014.00,2021,"Transit",0.000000
"TOI-2040 b","TOI-2040",352.2747299,71.5064737,3.86085760000,0.0473000000,10.32347122,248.22398587,1070.00,2026,"Transit",0.109000
"HAT-P-56 b","HAT-P-56",100.8480137,27.2521823,2.79083000000,0.0423000000,16.92559000,734.18730000,1840.00,2015,"Transit",0.290000
"HD 8574 b","HD 8574",21.3033807,28.5660169,227.00000000000,0.7600000000,13.40000000,645.19490000,394.03,2002,"Radial Velocity",0.300000
"HATS-71 b","HATS-71",15.5518893,-61.7561333,3.79552020000,0.0374500000,11.47801600,117.59710000,586.80,2020,"Transit",0.000000
"K2-341 b","K2-341",130.4971951,19.9166357,36.55255100000,,3.21000000,10.40000000,598.00,2021,"Transit",
"GJ 1061 b","GJ 1061",54.0032486,-44.5143104,3.20730000000,0.0210000000,1.04000000,1.11000000,388.11,2020,"Radial Velocity",0.050000
"Kepler-102 b","Kepler-102",281.4824731,47.2078263,5.28696500000,0.0552100000,0.46000000,1.10000000,857.00,2014,"Transit",0.100000
"Kepler-731 b","Kepler-731",296.3931945,45.5685330,3.85560355100,0.0505000000,13.88000000,,1212.00,2016,"Transit",0.000000
"K2-194 b","K2-194",204.6089755,-8.9271609,39.72138600000,,3.64229858,12.90000000,,2018,"Transit",
"Kepler-915 b","Kepler-915",290.5921293,45.7372184,4.59489604000,0.0565500000,1.50000000,2.86000000,1319.00,2016,"Transit",0.000000
"TIC 241249530 b","TIC 241249530",95.3088995,53.2950203,165.77190000000,0.6410000000,13.29385111,1582.78546686,438.94,2024,"Transit",0.941200
"TOI-5795 b","TOI-5795",304.8687820,-7.5476595,6.14063250000,0.0640000000,5.62000000,23.66000000,1136.78,2025,"Transit",0.250000
"K2-196 b","K2-196",200.4562487,-8.4717104,48.32422200000,,3.59970536,12.60000000,,2018,"Transit",
"Kepler-1315 b","Kepler-1315",295.8215678,46.0530562,0.84338011000,0.0161700000,1.38000000,2.48000000,1541.00,2016,"Transit",0.000000
"Kepler-93 c","Kepler-93",291.4181275,38.6723124,1460.00000000000,,,954.00000000,,2014,"Radial Velocity",
"TOI-5599 b","TOI-5599",199.3262375,55.6815392,5.43691503941,,7.18882120,40.90000000,1496.00,2026,"Transit",
"Kepler-1912 b","Kepler-1912",282.1178211,46.2239547,6.05921983700,0.0648900000,1.35670508,2.41000000,976.00,2021,"Transit",0.000000
"TOI-1260 c","TOI-1260",157.1440712,65.8541986,7.49313400000,0.0657000000,2.76000000,13.20000000,651.00,2021,"Transit",0.000000
"Kepler-306 e","Kepler-306",288.5387145,40.6160545,44.84097500000,0.2270000000,2.27000000,5.77000000,390.00,2014,"Transit",0.000000
"K2-396 b","K2-396",74.6928607,17.2690562,0.67386200000,,1.57900000,3.12000000,,2022,"Transit",
"HD 10442 b","HD 10442",25.4715240,2.7044193,1032.30000000000,2.0100000000,13.60000000,472.61321000,234.49,2014,"Radial Velocity",0.132000
"Kepler-198 c","Kepler-198",290.6731326,38.6910045,49.56741600000,0.2590000000,2.47000000,6.66000000,465.00,2014,"Transit",0.000000
"Kepler-129 b","Kepler-129",285.3111845,47.8484775,15.79000000000,0.1300000000,2.40000000,20.00000000,910.00,2014,"Transit",0.010000
"Kepler-1549 b","Kepler-1549",286.0524399,39.0960281,214.88654500000,0.6687000000,2.57000000,7.13000000,286.00,2016,"Transit",0.000000
"HD 8326 b","HD 8326",20.5314418,-26.8940678,158.99100000000,0.5330000000,9.58000000,66.60000000,287.23,2019,"Radial Velocity",0.200000
"Kepler-1800 b","Kepler-1800",297.6513317,40.3524154,4.56202983900,0.0509800000,0.99679734,0.96100000,1533.00,2021,"Transit",0.000000
"TOI-1742 b","TOI-1742",257.3288678,71.8766724,21.26908400000,0.1540000000,2.36507598,9.70000000,694.09,2024,"Transit",0.300000
"BD+45 564 b","BD+45 564",32.9470485,45.9242187,307.88000000000,0.8300000000,13.60000000,432.24663352,238.82,2021,"Radial Velocity",0.120000
"HD 11343 c","HIP 8541",27.5271962,-54.4651633,228.53731000000,0.9230000000,13.90000000,255.53403923,613.29,2022,"Radial Velocity",0.169000
"TOI-2295 b","TOI-2295",281.5761962,50.4924657,30.03330200000,0.1992000000,16.47720163,278.09985612,747.00,2024,"Transit",0.334000
"Kepler-656 c","Kepler-656",288.3278778,47.3815380,5.25449393000,0.0602000000,1.41000000,2.57000000,975.00,2023,"Transit",0.000000
"Kepler-1941 b","Kepler-1941",296.6270184,49.3538910,31.33510017000,0.2054000000,2.64976949,7.51000000,666.00,2021,"Transit",0.000000
"Kepler-1311 d","Kepler-1311",289.6512597,43.8244445,197.51100160000,0.6843400000,9.65837605,67.50000000,391.00,2021,"Transit",0.000000
"Kepler-1316 b","Kepler-1316",298.8358277,40.2930714,87.97321360000,0.3976500000,3.54000000,12.30000000,446.00,2016,"Transit",0.000000
"TOI-6954 b","TOI-6954",168.3240591,-2.7877643,4.02074127419,,3.63524486,12.80000000,930.00,2026,"Transit",
"DS Tuc A b","DS Tuc A",354.9154673,-69.1960430,8.13826800000,,5.70000000,413.17900000,850.00,2019,"Transit",0.000000
"TOI-128.01","TOI-128",79.5209381,-80.9643840,4.94046810000,0.0538101900,2.21898000,5.56000000,1344.51,2024,"Transit",
"TOI-2977 b","TOI-2977",143.9265177,-60.3574758,2.35056140000,0.0338600000,13.15934334,533.95172376,1544.00,2023,"Transit",0.000000
"TOI-261.01","TOI-261",15.2181412,-24.4239934,3.36392540000,0.0347921890,3.04498630,9.51000000,1722.49,2021,"Transit",
"TOI-209 b","TOI-209",19.3941777,-66.9030660,4.37943587445,,2.39472090,6.32000000,845.78,2026,"Transit",
"Kepler-256 d","Kepler-256",292.5804200,46.0973588,5.83917200000,0.0640000000,2.48000000,6.71000000,1097.00,2014,"Transit",0.000000
"K2-90 c","K2-90",59.1527391,22.4724517,2.90070600000,0.0350000000,1.30000000,2.24000000,908.07,2016,"Transit",0.190000
"HD 11506 d","HD 11506",28.2106607,-19.5073960,26500.00000000000,18.2000000000,12.30000000,4068.20360960,77.07,2022,"Radial Velocity",0.290000
"Kepler-1118 b","Kepler-1118",299.9656619,44.1608805,38.67150750000,0.2079000000,2.74000000,7.95000000,502.00,2016,"Transit",0.000000
"K2-247 c","K2-247",188.8935189,-10.0692793,6.49424000000,0.0615000000,2.19000000,5.43000000,688.00,2018,"Transit",
"K2-322 b","K2-322",156.6226981,4.7640203,8.20500000000,0.0594000000,1.92000000,4.35000000,635.00,2020,"Transit",
"HD 141004 b","HD 141004",236.6099205,7.3527684,15.50830000000,0.1238000000,3.77000000,13.63483866,950.73,2021,"Radial Velocity",0.160000
"Kepler-168 c","Kepler-168",294.7101832,39.8250437,13.19324200000,0.1160000000,2.69000000,7.70000000,862.00,2014,"Transit",0.000000
"Kepler-419 b","Kepler-419",295.4179125,51.1847629,69.75460000000,0.3700000000,10.80000000,794.50000000,613.00,2014,"Transit",0.833000
"TOI-4153 b","TOI-4153",335.3934698,82.2160792,4.61741410000,0.0631100000,16.11851425,365.50266805,1669.00,2024,"Transit",0.039000
"TOI-1422 c","TOI-1422",354.2408290,39.6392793,34.56330000000,0.2050000000,2.61000000,14.00000000,628.00,2025,"Radial Velocity",0.200000
"TOI-4155 b","TOI-4155",325.6362269,77.7343836,3.32072900000,,3.21000000,10.40000000,1255.00,2025,"Transit",
"GJ 9689 b","GJ 9689",303.4677310,13.3888921,18.27000000000,0.1139000000,3.07000000,9.65000000,453.04,2020,"Radial Velocity",0.290000
"Kepler-169 d","Kepler-169",285.9999204,40.9193822,8.34812500000,0.0750000000,1.25000000,2.10000000,702.00,2014,"Transit",0.000000
"Kepler-191 d","Kepler-191",291.1833211,45.3230937,5.94504101700,0.0610400000,2.28000000,5.82000000,857.00,2016,"Transit",0.000000
"K2-8 b","K2-8",169.7935178,-0.2844389,10.35239000000,0.0856000000,3.58000000,12.50000000,631.00,2015,"Transit",
"HATS-33 b","HATS-33",294.6336944,-55.3302692,2.54955510000,0.0372700000,13.78707000,378.85336000,1429.00,2016,"Transit",0.080000
"Kepler-1464 b","Kepler-1464",287.2356828,38.7540824,31.77859010000,0.2006600000,1.66000000,3.39000000,564.00,2016,"Transit",0.000000
"Kepler-805 b","Kepler-805",293.2300178,45.0533640,30.86389310000,0.1985200000,2.89000000,8.70000000,743.00,2016,"Transit",0.000000
"17 Sco b","17 Sco",243.4620874,-11.8377905,578.38000000000,1.4500000000,12.90000000,1373.01871824,847.51,2020,"Radial Velocity",0.060000
"Kepler-264 c","Kepler-264",292.0446280,37.3761861,140.10126100000,0.5660000000,2.83000000,8.40000000,511.00,2014,"Transit",0.000000
"HR 858 b","HR 858",42.9849779,-30.8140609,3.58528700000,0.0488800000,2.00400000,3.55000000,1552.00,2019,"Transit",0.000000
"Kepler-941 b","Kepler-941",294.3262617,47.2175461,17.42395198000,0.1311000000,3.08000000,9.69000000,722.00,2016,"Transit",0.000000
"Kepler-1832 b","Kepler-1832",299.8517779,43.7320611,3.13878989200,0.0370000000,1.22719556,2.02000000,1022.00,2021,"Transit",0.000000
"TOI-833 b","TOI-833",145.6454720,-62.4758857,1.04187770000,0.0171000000,1.27000000,2.15000000,1118.00,2022,"Transit",
"HD 38283 b","HD 38283",84.2605324,-73.6998131,363.20001000000,1.0200000000,14.00000000,127.13200000,348.58,2010,"Radial Velocity",0.410000
"Kepler-341 b","Kepler-341",289.8615609,43.4727412,5.19552800000,0.0600000000,1.18000000,1.76000000,1085.00,2014,"Transit",0.000000
"TIC 153919886 b","TIC 153919886",171.8440734,68.1810449,2.10510492329,,2.70601108,7.78000000,,2026,"Transit",
"Kepler-1669 b","Kepler-1669",297.4303826,39.8478795,9.51216000000,0.0745000000,2.78043818,8.15000000,530.00,2020,"Transit",0.000000
"Kepler-295 c","Kepler-295",285.3458383,45.3677754,21.52625800000,0.1420000000,1.17000000,1.71000000,621.00,2014,"Transit",0.000000
"NN Ser c","NN Ser",238.2337015,12.9120871,6987.00000000000,5.3500000000,12.60000000,2329.60000000,,2010,"Eclipse Timing Variations",0.089000
"Kepler-1802 b","Kepler-1802",300.2420869,44.1412854,15.45020008000,0.0662000000,1.67100000,3.43000000,581.00,2021,"Transit",0.000000
"TOI-6008 b","TOI-6008",310.4487344,49.6468992,0.85743470000,0.0107770000,1.03000000,4.00000000,707.00,2024,"Transit",
"Kepler-1437 b","Kepler-1437",291.8649164,49.3258690,10.92954610000,0.0951000000,1.37000000,2.45000000,770.00,2016,"Transit",0.000000
"Kepler-330 b","Kepler-330",288.4474035,44.8017616,8.25978000000,0.0750000000,1.35000000,2.39000000,714.00,2014,"Transit",0.000000
"Kepler-100 c","Kepler-100",291.3861294,41.9901394,12.81590000000,0.1106100000,2.20000000,7.05000000,939.00,2014,"Transit",0.020000
"K2-377 b","K2-377",202.8978870,-12.0951142,12.83223500000,,1.69300000,3.51000000,,2022,"Transit",
"Kepler-554 b","Kepler-554",296.4068982,51.3581938,1.90220855600,0.0302200000,4.29000000,17.00000000,1346.00,2016,"Transit",0.000000
"Kepler-208 e","Kepler-208",293.8901979,42.5279413,16.25945800000,0.1320000000,1.48000000,2.79000000,880.00,2014,"Transit",0.000000
"Kepler-1287 b","Kepler-1287",289.1346298,47.0630180,11.47685909000,0.0976000000,1.54000000,2.99000000,796.00,2016,"Transit",0.000000
"Kepler-646 b","Kepler-646",290.4714596,44.3870422,15.87364565000,0.1125100000,1.99000000,4.62000000,632.00,2016,"Transit",0.000000
"Kepler-1880 b","Kepler-1880",287.8264561,40.6965988,6.30921983700,0.0540000000,2.11686218,5.13000000,606.00,2021,"Transit",0.000000
"Kepler-587 b","Kepler-587",288.6706571,47.3991249,10.94027841000,0.0952000000,2.23000000,5.60000000,764.00,2016,"Transit",0.000000
"EPIC 201238110 b","EPIC 201238110",179.7058532,-3.3894613,28.16560000000,,1.87000000,4.16000000,,2019,"Transit",
"K2-240 c","K2-240",227.8493710,-17.8754464,20.52300000000,0.1159000000,1.80000000,3.89000000,389.00,2018,"Transit",
"Kepler-1495 b","Kepler-1495",286.1306907,38.7795494,85.27325600000,0.3677000000,2.94000000,8.96000000,443.00,2016,"Transit",0.000000
"Kepler-508 b","Kepler-508",295.4042546,42.9812789,25.30889748000,0.1727400000,1.64000000,3.33000000,710.00,2016,"Transit",0.000000
"HD 191939 f","HD 191939",302.0256247,66.8503014,2898.00000000000,3.7100000000,13.20000000,915.34581216,125.00,2022,"Radial Velocity",0.000000
"HN Peg b","HN Peg",326.1315705,14.7714524,,773.0000000000,11.77680000,6991.57000000,10.77,2006,"Imaging",
"K2-413 b","K2-413",353.4175668,-7.6120272,0.80940000000,0.0117000000,0.75990000,0.36300000,1535.20,2022,"Transit",
"KOI-351 h","KOI-351",284.4334642,49.3051239,331.60296000000,0.9706200000,11.25200000,203.00000000,294.00,2013,"Transit",0.027600
"HD 60779 c","HD 60779",114.0047579,-3.1512910,104.79000000000,,5.79000000,28.30000000,,2026,"Radial Velocity",0.041000
"K2-19 c","K2-19",174.9602543,0.6035960,11.90600000000,0.0982000000,4.10000000,11.00000000,679.00,2015,"Transit",0.100000
"TOI-3160 A b","TOI-3160 A",224.5658555,-27.6825503,3.97128100000,0.0505000000,13.76462830,378.21580433,1539.00,2025,"Transit",0.180000
"Kepler-1333 b","Kepler-1333",293.5275797,41.1113940,109.64718420000,0.4382000000,2.81000000,8.30000000,428.00,2016,"Transit",0.000000
"Kepler-1715 b","Kepler-1715",293.9297337,41.6029048,35.59730148000,0.2242900000,4.14042267,16.00000000,646.00,2021,"Transit",0.000000
"Kepler-1885 b","Kepler-1885",288.7507112,47.4909206,2.52255988100,0.0360000000,1.51110555,2.89000000,1205.00,2021,"Transit",0.000000
"TOI-1803 c","TOI-1803",178.0461054,35.1718001,12.88577900000,0.0970000000,4.29000000,8.00000000,588.00,2025,"Transit",0.000000
"Kepler-1116 b","Kepler-1116",291.9336573,44.1154992,41.69778270000,0.2330000000,2.54000000,6.99000000,488.00,2016,"Transit",0.000000
"Kepler-232 b","Kepler-232",295.8161668,51.1217249,4.43122200000,0.0540000000,3.08000000,9.69000000,1104.00,2014,"Transit",0.000000
"HD 141399 d","HD 141399",236.7235392,46.9862880,1069.80000000000,2.0900000000,13.70000000,375.03940000,220.00,2014,"Radial Velocity",0.074000
"HIP 57274 b","HIP 57274",176.1705487,30.9576484,8.13520000000,0.0700000000,,3359.44626199,725.95,2011,"Radial Velocity",0.190000
"Kepler-398 d","Kepler-398",291.4688524,40.3437001,6.83437001000,0.0618000000,0.88000000,0.61500000,636.00,2016,"Transit",0.000000
"HD 158259 b","HD 158259",261.3495847,52.7904721,2.17800000000,,1.28228000,2.22000000,1462.00,2020,"Radial Velocity",
"Kepler-577 b","Kepler-577",294.7119855,39.0737317,25.69578251000,0.1348000000,2.55000000,7.04000000,314.00,2016,"Transit",0.000000
"Kepler-953 b","Kepler-953",288.9716297,44.6246451,88.40655258000,0.3920000000,4.21000000,16.50000000,410.00,2016,"Transit",0.000000
"HD 124330 b","HD 124330",212.8207093,54.4089731,270.66000000000,0.8600000000,14.00000000,238.37130525,348.79,2021,"Radial Velocity",0.340000
"Kepler-1966 b","Kepler-1966",292.4637788,41.2990438,8.61742973300,0.0763000000,1.10479327,1.39000000,733.00,2021,"Transit",0.000000
"Kepler-212 c","Kepler-212",287.6208165,43.1416239,31.80517400000,0.2070000000,2.74000000,7.95000000,664.00,2014,"Transit",0.000000
"HD 238914 b","HD 238914",279.5842102,59.2538819,4100.00000000000,5.7000000000,12.80000000,1906.98000000,343.67,2018,"Radial Velocity",0.560000
"Kepler-44 b","Kepler-44",300.1023512,45.7621918,3.24672930000,0.0446000000,12.22000000,317.82000000,1544.00,2011,"Transit",0.066000
"Kepler-158 b","Kepler-158",284.0323723,39.7815365,16.70918400000,0.1110000000,2.12000000,5.14000000,500.00,2014,"Transit",0.000000
"Kepler-1080 b","Kepler-1080",296.4644914,49.1828952,77.25483960000,0.3781000000,3.28000000,10.80000000,548.00,2016,"Transit",0.000000
"Kepler-1228 b","Kepler-1228",296.5527610,46.9661945,0.57736957900,0.0118600000,1.54000000,2.99000000,1757.00,2016,"Transit",0.000000
"TOI-5786 b","TOI-5786",293.3223259,30.7042468,12.77910700000,0.1140000000,8.54000000,73.00000000,1040.00,2025,"Transit",
"Kepler-1850 b","Kepler-1850",287.1428295,43.6161177,1.38580000400,0.0206000000,0.72909663,0.31300000,1008.00,2021,"Transit",0.000000
"75 Cet c","75 Cet",38.0391598,-1.0350269,2051.62000000000,3.9290000000,13.90000000,289.85950718,376.92,2023,"Radial Velocity",0.023000
"TOI-2345 b","TOI-2345",43.8847940,-34.9779745,1.05285730000,0.0170500000,1.50400000,3.49000000,1478.00,2025,"Transit",
"DMPP-1 e","DMPP-1",86.7761233,-10.6303217,5.51600000000,0.0651000000,1.86000000,4.13000000,1314.00,2019,"Radial Velocity",0.070000
"Kepler-548 b","Kepler-548",299.9059167,45.4396103,4.45419433800,0.0495000000,11.99000000,,1017.00,2016,"Transit",0.000000
"Kepler-260 c","Kepler-260",291.9259658,38.0140525,76.05017800000,0.3320000000,1.74000000,3.68000000,372.00,2014,"Transit",0.000000
"Kepler-1460 b","Kepler-1460",285.5577888,44.0108221,29.96332470000,0.1614000000,1.96000000,4.50000000,391.00,2016,"Transit",0.000000
"HD 133131 B b","HD 133131 B",225.8999745,-27.8415947,5769.00000000000,6.1500000000,13.30000000,794.57500000,112.28,2016,"Radial Velocity",0.610000
"HD 158259 d","HD 158259",261.3495847,52.7904721,5.19808140000,,2.18000000,5.41000000,,2020,"Radial Velocity",
"WASP-138 b","WASP-138",41.6391598,-0.4641252,3.63443300000,0.0494000000,12.21781000,387.75260000,1590.00,2016,"Transit",
"TOI-5181 A b","TOI-5181 A",280.6774738,21.6998203,3.89222950000,0.0522000000,13.34989601,330.54154328,1585.00,2025,"Transit",0.150000
"Kepler-599 b","Kepler-599",285.9115968,41.0695091,15.65562652000,0.1128000000,2.84000000,8.45000000,623.00,2016,"Transit",0.000000
"Kepler-158 d","Kepler-158",284.0323723,39.7815365,0.64508800000,,0.43000000,0.04720000,,2024,"Transit",
"Kepler-575 b","Kepler-575",286.9638856,37.8296147,9.37891944000,0.0788000000,2.39000000,6.30000000,803.00,2016,"Transit",0.000000
"EPIC 246851721 b","EPIC 246851721",78.9198197,16.2786991,6.18023500000,0.0722900000,11.78065900,953.49000000,1401.00,2018,"Transit",
"HD 1461 b","HD 1461",4.6762645,-8.0536206,5.77152000000,0.0634000000,2.42000000,6.44000000,1185.14,2010,"Radial Velocity",0.172000
"Gl 725 A b","Gl 725 A",280.6834312,59.6381090,11.22010000000,0.0680000000,1.48000000,2.78000000,376.10,2025,"Radial Velocity",0.000000
"Kepler-1218 b","Kepler-1218",291.5788505,44.5316825,22.92212660000,0.1569800000,1.44000000,2.67000000,684.00,2016,"Transit",0.000000
"Kepler-1891 b","Kepler-1891",290.0438524,44.3705375,4.02229023000,0.0473000000,1.52139156,2.93000000,1017.00,2021,"Transit",0.000000
"Kepler-782 b","Kepler-782",288.8682460,47.7594700,158.68533080000,0.5449400000,3.21000000,10.40000000,350.00,2016,"Transit",0.000000
"Kepler-330 c","Kepler-330",288.4474035,44.8017616,15.95538700000,0.1160000000,1.95000000,4.46000000,573.00,2014,"Transit",0.000000
"Kepler-987 b","Kepler-987",289.4110582,46.1308443,105.30331480000,0.4238000000,3.26000000,10.70000000,351.00,2016,"Transit",0.000000
"Kepler-385 d","Kepler-385",294.3385109,50.3365178,56.41590000000,0.2872000000,2.61864480,7.36000000,535.00,2020,"Transit",0.000000
"Kepler-115 c","Kepler-115",297.7119299,45.2619850,8.99088900000,0.0870000000,2.60000000,7.27000000,960.00,2014,"Transit",0.000000
"TOI-2120 b","TOI-2120",23.5073150,65.5139877,5.79981640000,0.0377000000,2.12200000,6.80000000,384.00,2024,"Transit",0.320000
"K2-395 b","K2-395",70.4438684,16.6743415,4.80335200000,,2.59700000,7.26000000,,2022,"Transit",
"KOI-1833 d","Kepler-968",285.6025889,50.1120401,7.68500000000,0.0634000000,2.58000000,11.02000000,613.00,2021,"Transit",0.000000
"Kepler-734 b","Kepler-734",297.0456122,46.0273893,6.10485285600,0.0583000000,3.56000000,12.40000000,784.00,2016,"Transit",0.000000
"HD 104067 c","HD 104067",179.7923543,-20.3556058,13.89920000000,0.1058000000,3.69000000,13.20000000,648.36,2024,"Radial Velocity",0.290000
"Kepler-514 b","Kepler-514",286.2471739,50.2423694,5.65179605000,0.0655900000,1.72000000,3.61000000,1248.00,2016,"Transit",0.000000
"Kepler-1456 b","Kepler-1456",286.9453381,43.8228023,18.13738290000,0.1132000000,1.14000000,1.55000000,433.00,2016,"Transit",0.000000
"TOI-1411 b","TOI-1411",232.9460470,47.0555507,1.45205270000,0.0212200000,1.19880592,2.00000000,976.40,2022,"Transit",0.000000
"Kepler-1614 b","Kepler-1614",284.8713893,49.7758867,3.94661410000,0.0471000000,1.49000000,2.83000000,981.00,2016,"Transit",0.000000
"CoRoT-20 b","CoRoT-20",97.7204249,0.2268931,9.24285000000,0.0900000000,9.41556000,1366.66900000,1024.00,2011,"Transit",0.590000
"K2-187 d","K2-187",132.5235618,23.1924709,7.14958400000,0.0720000000,2.40000000,6.35000000,865.00,2018,"Transit",
"HD 44219 b","HD 44219",95.0599971,-10.7250799,472.00000000000,1.2600000000,14.10000000,184.34047606,283.89,2010,"Radial Velocity",0.410000
"Kepler-142 c","Kepler-142",295.1190067,48.4813635,4.76170200000,0.0570000000,2.86000000,8.55000000,1201.00,2014,"Transit",0.000000
"HD 72659 b","HD 72659",128.5128072,-1.5686323,3549.00000000000,4.6070000000,13.20000000,949.67128012,155.34,2002,"Radial Velocity",0.239300
"Kepler-652 b","Kepler-652",288.0080899,46.4736108,4.18200253100,0.0495800000,2.49000000,6.76000000,974.00,2016,"Transit",0.000000
"TOI-332 b","TOI-332",348.0589516,-44.8764852,0.77703800000,0.0159000000,3.20000000,57.20000000,1871.00,2023,"Transit",0.000000
"K2-62 b","K2-62",334.3645089,-12.1874776,6.67199000000,0.0636000000,2.02000000,4.74000000,666.00,2016,"Transit",
"K2-380 b","K2-380",283.4346389,-26.5387308,9.40131200000,,2.72900000,7.89000000,,2022,"Transit",
"Kepler-785 b","Kepler-785",292.0683108,38.8422004,1.97376092600,0.0250000000,13.02000000,,753.00,2016,"Transit",0.000000
"K2-224 b","K2-224",189.7041426,-10.0605942,4.47904000000,0.0516000000,1.56000000,3.05000000,1002.00,2018,"Transit",
"Kepler-1066 b","Kepler-1066",298.8666210,46.5022325,1.93155983900,0.0298000000,2.36000000,6.17000000,1290.00,2016,"Transit",0.000000
"Kepler-1315 c","Kepler-1315",295.8215678,46.0530562,6.56606006600,0.0635000000,1.84398883,4.06000000,777.00,2021,"Transit",0.000000
"TOI-375 d","TOI-375",47.1499034,-77.3833275,297.90000000000,0.9840000000,13.60000000,445.59542661,434.00,2026,"Radial Velocity",
"KIC 9663113 b","KIC 9663113",297.0454037,46.3286653,572.38470000000,1.5534600000,4.60000000,19.20000000,264.00,2015,"Transit",0.000000
"NGTS-12 b","NGTS-12",176.2499418,-35.6405630,7.53280600000,0.0757000000,11.74703200,66.10864000,1257.00,2020,"Transit",0.000000
"Kepler-1240 b","Kepler-1240",282.9997682,40.5574322,4.86638150000,0.0579100000,1.15000000,1.60000000,1121.00,2016,"Transit",0.000000
"KIC 7917485 b","KIC 7917485",299.4346094,43.6326069,840.00000000000,,12.40000000,3750.39400000,,2016,"Pulsation Timing Variations",0.150000
"HD 26161 b","HD 26161",62.4122255,31.6524346,10942.29013000000,10.0870000000,11.90000000,9045.39646322,110.98,2021,"Radial Velocity",0.922000
"Kepler-1323 b","Kepler-1323",292.8722515,46.0987290,0.92990667800,0.0191100000,1.52000000,2.92000000,2291.00,2016,"Transit",0.000000
"TOI-2379 b","TOI-2379",358.0920465,-53.0431560,5.46938270000,0.0526300000,11.72459381,1830.69162432,624.00,2024,"Transit",0.342000
"Kepler-657 b","Kepler-657",291.1973006,47.3077545,24.54350418000,0.1733700000,3.52000000,12.20000000,616.00,2016,"Transit",0.000000
"TRAPPIST-1 b","TRAPPIST-1",346.6263919,-5.0434618,1.51082600000,0.0115400000,1.11600000,1.37400000,397.60,2016,"Transit",0.006220
"TRAPPIST-1 c","TRAPPIST-1",346.6263919,-5.0434618,2.42193700000,0.0158000000,1.09700000,1.30800000,339.70,2016,"Transit",0.006540
"TRAPPIST-1 d","TRAPPIST-1",346.6263919,-5.0434618,4.04921900000,0.0222700000,0.78800000,0.38800000,286.20,2016,"Transit",0.008370
"55 Cnc b","55 Cnc",133.1468373,28.3298154,14.65155200000,0.1180000000,13.90000000,263.97850000,700.00,1996,"Radial Velocity",0.002900
"55 Cnc c","55 Cnc",133.1468373,28.3298154,44.39360000000,0.2470000000,8.51000000,54.47380000,499.27,2004,"Radial Velocity",0.088000
"55 Cnc d","55 Cnc",133.1468373,28.3298154,4799.00000000000,5.6000000000,13.00000000,1232.49300000,104.85,2002,"Radial Velocity",0.091300
"55 Cnc e","55 Cnc",133.1468373,28.3298154,0.73654740000,0.0154400000,1.87500000,7.99000000,1958.00,2004,"Radial Velocity",0.050000
"55 Cnc f","55 Cnc",133.1468373,28.3298154,260.58000000000,0.8020000000,7.59000000,44.81200000,277.07,2007,"Radial Velocity",0.063000
"GJ 1214 b","GJ 1214",258.8313991,4.9606795,1.58040453100,0.0150500000,2.73300000,8.41000000,567.00,2009,"Transit",0.006200
"GJ 436 b","GJ 436",175.5505363,26.7030669,2.64388312000,0.0291000000,4.17000000,22.10000000,686.00,2004,"Radial Velocity",0.138270
"HAT-P-12 b","HAT-P-12",209.3886452,43.4933100,3.21305980000,0.0384000000,10.74900000,67.05900000,963.00,2009,"Transit",0.000000
"HAT-P-13 b","HAT-P-13",129.8823772,47.3519076,2.91625000000,0.0438300000,14.25800000,270.46200000,1740.00,2009,"Transit",0.013300
"HAT-P-13 c","HAT-P-13",129.8823772,47.3519076,446.27000000000,1.2580000000,12.30000000,4538.42100000,340.00,2009,"Radial Velocity",0.661600
"HAT-P-14 b","HAT-P-14",260.1161719,38.2421682,4.62767000000,0.0596000000,15.91678000,1093.33520000,1624.00,2010,"Transit",0.110000
"HAT-P-17 b","HAT-P-17",324.5359781,30.4881882,10.33852000000,0.0892000000,11.76945000,184.34140000,800.00,2012,"Transit",0.350000
"HAT-P-17 c","HAT-P-17",324.5359781,30.4881882,5584.00000000000,5.6000000000,13.10000000,1080.60000000,99.59,2012,"Radial Velocity",0.390000
"HAT-P-18 b","HAT-P-18",256.3463760,33.0123251,5.50802910000,0.0559000000,10.70457657,55.52462270,841.00,2010,"Transit",0.030000
"HAT-P-1 b","HAT-P-1",344.4453632,38.6749190,4.46529976000,0.0556100000,14.78467100,166.86075000,1322.00,2006,"Transit",0.000000
"HAT-P-26 b","HAT-P-26",213.1565508,4.0594175,4.23452000000,0.0474800000,7.06167000,22.24810000,1080.00,2010,"Transit",0.120000
"HAT-P-30 b","HAT-P-30",123.9498431,5.8368669,2.81060000000,0.0419000000,16.14096000,263.79890000,1630.00,2011,"Transit",0.040000
"HAT-P-32 b","HAT-P-32",31.0427614,46.6878512,2.15000820000,0.0339700000,22.19382000,216.12440000,1835.70,2011,"Transit",0.159000
"HD 149026 b","HD 149026",247.6229827,38.3475349,2.87589000000,0.0436400000,8.29466000,120.77540000,1626.00,2005,"Radial Velocity",0.000000
"HD 189733 b","HD 189733",300.1821223,22.7097759,2.21857567000,0.0312600000,12.66617000,359.14790000,1209.00,2005,"Radial Velocity",0.000000
"HD 209458 b","HD 209458",330.7950219,18.8842419,3.52474859000,0.0470700000,15.58051000,232.01590000,1459.00,1999,"Radial Velocity",0.000000
"HD 80606 b","HD 80606",140.6569501,50.6037764,111.43676500000,0.4603000000,11.56766808,1323.46926959,405.00,2001,"Radial Velocity",0.931830
"HD 86226 b","HD 86226",149.1235154,-24.0991859,1628.00000000000,2.7300000000,14.30000000,143.02350000,176.00,2009,"Radial Velocity",0.059000
"TrES-4 b","TrES-4",268.3043361,37.2117397,3.55395000000,0.0508400000,18.04649000,247.90740000,1778.00,2007,"Transit",0.000000
"WASP-12 b","WASP-12",97.6366450,29.6722662,1.09141890100,0.0234000000,22.02564708,467.21010000,2601.00,2008,"Transit",0.044700
"WASP-15 b","WASP-15",208.9280111,-32.1597118,3.75210000000,0.0516500000,15.80469000,171.62820000,1676.00,2009,"Transit",0.000000
"WASP-17 b","WASP-17",239.9622479,-28.0617941,3.73543000000,0.0515000000,20.96083000,247.90740000,1755.00,2009,"Transit",0.000000
"WASP-18 b","WASP-18",24.3544618,-45.6777937,0.94145223000,0.0202400000,13.89913607,3241.84975140,2429.00,2009,"Transit",0.005100
"WASP-19 b","WASP-19",148.4167672,-45.6591078,0.78883852000,0.0165200000,15.86070769,366.77398168,2113.00,2009,"Transit",0.012600
"WASP-25 b","WASP-25",195.3597581,-27.5222273,3.76483370000,0.0473000000,13.80946422,179.25522155,1217.00,2010,"Transit",0.000000
"WASP-39 b","WASP-39",217.3266477,-3.4444994,4.05529410000,0.0482800000,14.33631100,89.31023000,1166.00,2011,"Transit",0.000000
"WASP-43 b","WASP-43",154.9081869,-9.8064431,0.81347500000,0.0142000000,10.42400000,565.71400000,1426.70,2011,"Transit",0.000000
"WASP-6 b","WASP-6",348.1571282,-22.6741248,3.36100260000,0.0421700000,12.54284940,148.42586607,1167.00,2009,"Transit",0.054000
"GJ 3470 b","GJ 3470",119.7735021,15.3912090,3.33664960000,0.0355000000,4.57000000,13.90000000,593.50,2012,"Radial Velocity",0.017000
"WASP-47 b","WASP-47",331.2030920,-12.0190670,4.15915100000,0.0520000000,12.86000000,374.00000000,1275.00,2012,"Transit",0.000600
"WASP-63 b","WASP-63",94.3363562,-38.3233826,4.37808000000,0.0574000000,15.80469000,117.59710000,1469.91,2012,"Transit",0.000000
"WASP-52 b","WASP-52",348.4947931,8.7610793,1.74977980000,0.0272000000,14.24000000,146.20000000,1315.00,2012,"Transit",0.000000
"WASP-77 A b","WASP-77 A",37.1555223,-7.0606675,1.36002939500,0.0232336330,13.56000000,529.31142902,1674.00,2012,"Transit",0.013530
"WASP-80 b","WASP-80",303.1667996,-2.1444369,3.06785234000,0.0344000000,11.19779100,170.99254000,825.00,2012,"Transit",0.002000
"WASP-103 b","WASP-103",249.3148604,7.1833758,0.92554200000,0.0198500000,17.12700000,473.54700000,2508.00,2014,"Transit",0.000000
"WASP-96 b","WASP-96",1.0465696,-47.3606352,3.42526020000,0.0453000000,13.45000000,152.55000000,1285.00,2014,"Transit",0.000000
"WASP-94 A b","WASP-94 A",313.7832393,-34.1357512,3.95019000000,0.0550000000,17.71022000,158.91500000,1604.00,2014,"Transit",0.000000
"WASP-94 B b","WASP-94 B",313.7882932,-34.1357240,2.00839000000,0.0335000000,14.10000000,196.41100000,1848.91,2014,"Radial Velocity",0.000000
"WASP-69 b","WASP-69",315.0259661,-5.0948570,3.86813881000,0.0453000000,11.21000000,82.58000000,971.00,2014,"Transit",0.000000
"WASP-84 b","WASP-84",131.1069959,1.8598933,8.52349648000,0.0778000000,10.72000000,220.00000000,732.00,2014,"Transit",0.000000
"WASP-20 b","WASP-20",5.1605621,-23.9357894,4.89964477000,0.0599900000,15.46839337,98.84100000,1362.00,2015,"Transit",0.000000
"HATS-6 b","HATS-6",88.1468079,-19.0316268,3.32527250000,0.0362300000,11.18658200,101.38777000,712.80,2015,"Transit",0.000000
"KELT-7 b","KELT-7",78.2955912,33.3179532,2.73477000000,0.0441500000,17.93440000,441.78370000,2048.00,2015,"Transit",0.000000
"K2-18 b","K2-18",172.5601410,7.5878315,32.93962300000,0.1429000000,2.37000000,8.92000000,284.00,2015,"Transit",0.200000
"KELT-8 b","KELT-8",283.3054489,24.1272483,3.24406000000,0.0455000000,18.15858000,209.76780000,1675.00,2015,"Transit",0.040000
"K2-22 b","K2-22",169.4827046,2.6190363,0.38107300000,0.0090000000,2.30000000,444.96200000,2100.00,2015,"Transit",0.190000
"WASP-47 c","WASP-47",331.2030920,-12.0190670,589.57000000000,1.3930000000,,447.00000000,247.00,2015,"Radial Velocity",0.264000
"WASP-47 d","WASP-47",331.2030920,-12.0190670,9.03050100000,0.0850000000,3.65000000,15.50000000,885.00,2015,"Transit",0.001000
"WASP-47 e","WASP-47",331.2030920,-12.0190670,0.78961000000,0.0167300000,1.83000000,9.00000000,1992.00,2015,"Transit",0.000000
"GJ 1132 b","GJ 1132",153.7090696,-47.1549358,1.62892911000,0.0157000000,1.19151465,1.83704819,583.80,2015,"Transit",0.011800
"WASP-76 b","WASP-76",26.6329360,2.7003890,1.80988198000,0.0330000000,20.78145022,284.13859586,2228.00,2016,"Transit",0.000000
"KELT-4 A b","KELT-4 A",157.0626200,25.5731366,2.98959320000,0.0431700000,19.04409100,286.68266000,1823.00,2016,"Transit",0.000000
"K2-34 b","K2-34",127.5787231,22.2359194,2.99563480000,0.0442000000,13.75000000,539.67534000,1687.00,2016,"Transit",0.000000
"WASP-121 b","WASP-121",107.6002312,-39.0972705,1.27492504000,0.0257100000,19.52604438,371.85923619,2409.00,2016,"Transit",0.008500
"HIP 41378 b","HIP 41378",126.6158279,10.0803708,15.57209000000,0.1303000000,2.64000000,6.90000000,959.00,2016,"Transit",0.050000
"HIP 41378 c","HIP 41378",126.6158279,10.0803708,31.70591000000,0.2093000000,2.74000000,5.97000000,757.00,2016,"Transit",0.044000
"HIP 41378 d","HIP 41378",126.6158279,10.0803708,278.36180000000,1.1700000000,3.65000000,6.53000000,367.00,2016,"Transit",0.063000
"HIP 41378 e","HIP 41378",126.6158279,10.0803708,393.00000000000,0.6800000000,5.19000000,7.62000000,335.00,2016,"Transit",0.065000
"HIP 41378 f","HIP 41378",126.6158279,10.0803708,542.07970000000,1.3940000000,9.47000000,25.00000000,294.00,2016,"Transit",0.052000
"HD 3167 b","HD 3167",8.7401487,4.3807215,0.95965451000,0.0181400000,1.60100000,4.84400000,1781.00,2016,"Transit",0.000000
"HD 3167 c","HD 3167",8.7401487,4.3807215,29.84651100000,0.1794000000,2.98300000,11.41000000,567.00,2016,"Transit",0.040000
"HAT-P-65 b","HAT-P-65",315.9054895,11.9893675,2.60544751000,0.0404200000,18.05766791,176.07693748,1818.00,2016,"Transit",0.304000
"WASP-131 b","WASP-131",210.1935714,-30.5836084,5.32201250000,0.0608000000,13.74221034,86.76715511,1460.00,2016,"Transit",0.000000
"WASP-139 b","WASP-139",49.5621730,-41.3020235,5.92426200000,0.0620000000,8.96720000,37.18611000,910.00,2016,"Transit",0.000000
"WASP-127 b","WASP-127",160.5587646,-3.8349989,4.17806203000,0.0484000000,14.69499900,52.34660100,1400.00,2016,"Transit",0.000000
"TRAPPIST-1 e","TRAPPIST-1",346.6263919,-5.0434618,6.10101300000,0.0292500000,0.92000000,0.69200000,249.70,2017,"Transit",0.005100
"TRAPPIST-1 f","TRAPPIST-1",346.6263919,-5.0434618,9.20754000000,0.0384900000,1.04500000,1.03900000,217.70,2017,"Transit",0.010070
"TRAPPIST-1 g","TRAPPIST-1",346.6263919,-5.0434618,12.35244600000,0.0468300000,1.12900000,1.32100000,197.30,2017,"Transit",0.002080
"TRAPPIST-1 h","TRAPPIST-1",346.6263919,-5.0434618,18.77286600000,0.0618900000,0.75500000,0.32600000,171.70,2017,"Transit",0.005670
"HD 106315 b","HD 106315",183.4724742,-0.3934357,9.55237000000,0.0907000000,2.44000000,12.60000000,1153.00,2017,"Transit",0.093000
"HD 106315 c","HD 106315",183.4724742,-0.3934357,21.05704000000,0.1536000000,4.35000000,15.20000000,886.00,2017,"Transit",0.220000
"LHS 1140 b","LHS 1140",11.2486320,-15.2741085,24.73723000000,0.0946000000,1.73000000,5.60000000,226.00,2017,"Transit",0.043000
"KELT-11 b","KELT-11",161.7069053,-9.3993646,4.73620865000,0.0623000000,15.13212395,65.15482343,1712.00,2017,"Transit",0.000000
"KELT-9 b","KELT-9",307.8598998,39.9389161,1.48112350000,0.0336800000,21.70058664,915.34581216,3921.00,2017,"Transit",0.000000
"HD 3167 d","HD 3167",8.7401487,4.3807215,8.39670000000,0.0770000000,2.61000000,7.30000000,865.00,2017,"Radial Velocity",0.350000
"WASP-107 b","WASP-107",188.3864277,-10.1462141,5.72148750000,0.0550000000,10.48039695,33.02237149,736.00,2017,"Transit",0.052000
"GJ 9827 b","GJ 9827",351.7717763,-1.2853435,1.20897400000,0.0189000000,1.44000000,4.28000000,1035.01,2017,"Transit",0.000000
"GJ 9827 c","GJ 9827",351.7717763,-1.2853435,3.64810300000,0.0395000000,1.13000000,1.86000000,715.94,2017,"Transit",0.000000
"GJ 9827 d","GJ 9827",351.7717763,-1.2853435,6.20183000000,0.0530000000,1.98000000,3.02000000,675.00,2017,"Transit",0.000000
"KELT-20 b","KELT-20",294.6614126,31.2192001,3.47410850000,0.0542000000,19.51486900,1074.90106000,2262.00,2017,"Transit",0.000000
"K2-18 c","K2-18",172.5601410,7.5878315,8.96200000000,0.0600000000,2.65000000,7.51000000,363.00,2017,"Radial Velocity",0.470000
"K2-141 b","K2-141",350.9170464,-1.1891827,0.28032440000,0.0074700000,1.51000000,4.97000000,2103.00,2018,"Transit",0.000000
"K2-141 c","K2-141",350.9170464,-1.1891827,7.74850000000,0.0683000000,7.00000000,8.00000000,695.00,2018,"Transit",0.092000
"K2-232 b","K2-232",73.7667927,18.6543230,11.16843770000,0.1016000000,11.62371299,135.71272979,1001.00,2018,"Transit",0.245000
"GJ 1132 c","GJ 1132",153.7090696,-47.1549358,8.92900000000,0.0476000000,1.52000000,2.91000000,300.00,2018,"Radial Velocity",0.190000
"HAT-P-11 c","HAT-P-11",297.7101763,48.0818635,3361.00000000000,4.1000000000,13.20000000,851.78013076,91.58,2018,"Radial Velocity",0.652000
"NGTS-2 b","NGTS-2",215.1227617,-31.2020698,4.51116400000,0.0630000000,17.87835500,235.19420000,1468.00,2018,"Transit",0.000000
"WASP-164 b","WASP-164",344.8735878,-60.4478194,1.77712550000,0.0281800000,12.64375200,676.97790000,1610.00,2018,"Transit",0.000000
"LHS 1140 c","LHS 1140",11.2486320,-15.2741085,3.77794000000,0.0270000000,1.27200000,1.91000000,422.00,2018,"Transit",0.050000
"K2-287 b","K2-287",233.0743401,-22.3583447,14.89329100000,0.1206000000,9.49402300,100.11645000,804.00,2018,"Transit",0.478000
"LHS 3844 b","LHS 3844",340.4962038,-69.1721081,0.46292970900,0.0062400000,1.28600000,2.37000000,816.00,2019,"Transit",0.000000
"HD 15337 b","HD 15337",36.8678846,-27.6361171,4.75598040000,0.0524500000,1.77000000,6.51900000,1001.00,2019,"Transit",0.058000
"HD 15337 c","HD 15337",36.8678846,-27.6361171,17.18054600000,0.1235000000,2.52600000,6.79200000,656.10,2019,"Transit",0.096000
"L 98-59 b","L 98-59",124.5328604,-68.3144658,2.25311400000,0.0223000000,0.83700000,0.46000000,620.00,2019,"Transit",0.031000
"L 98-59 c","L 98-59",124.5328604,-68.3144658,3.69067640000,0.0309000000,1.32900000,2.00000000,526.00,2019,"Transit",0.002000
"L 98-59 d","L 98-59",124.5328604,-68.3144658,7.45072900000,0.0494000000,1.62700000,1.64000000,416.00,2019,"Transit",0.006000
"V1298 Tau b","V1298 Tau",61.3316540,20.1570318,24.14000600000,0.1685000000,9.41000000,13.10000000,666.00,2019,"Transit",0.007900
"WASP-166 b","WASP-166",144.8751047,-20.9824191,5.44354000000,0.0641000000,7.06167000,32.10083000,1270.00,2019,"Transit",0.000000
"TOI-270 b","TOI-270",68.4160804,-51.9573937,3.35992000000,0.0319700000,1.28000000,1.48000000,600.00,2019,"Transit",0.016700
"TOI-270 c","TOI-270",68.4160804,-51.9573937,5.66051000000,0.0452600000,2.33000000,6.20000000,489.00,2019,"Transit",0.004400
"TOI-270 d","TOI-270",68.4160804,-51.9573937,11.38194000000,0.0721000000,2.00000000,4.20000000,383.00,2019,"Transit",0.006600
"GJ 357 b","GJ 357",144.0074644,-21.6650634,3.93060000000,0.0360000000,1.20000000,1.83000000,518.00,2019,"Transit",
"GJ 357 c","GJ 357",144.0074644,-21.6650634,9.12470000000,0.0610000000,1.66000000,3.40000000,401.20,2019,"Radial Velocity",
"GJ 357 d","GJ 357",144.0074644,-21.6650634,55.66100000000,0.2040000000,2.34000000,6.10000000,219.60,2019,"Radial Velocity",
"LTT 1445 A b","LTT 1445 A",45.4624781,-16.5944956,5.35876350000,0.0381000000,1.34000000,2.73000000,431.00,2019,"Transit",0.180000
"WASP-178 b","WASP-178",227.2703290,-42.7049658,3.34482850000,0.0558000000,20.28829000,527.59780000,2470.00,2019,"Transit",0.000000
"V1298 Tau c","V1298 Tau",61.3316540,20.1570318,8.24916400000,0.0824000000,5.08000000,4.70000000,953.00,2019,"Transit",0.009400
"V1298 Tau d","V1298 Tau",61.3316540,20.1570318,12.40139400000,0.1081000000,6.53000000,6.00000000,831.00,2019,"Transit",0.008700
"V1298 Tau e","V1298 Tau",61.3316540,20.1570318,48.67771400000,0.2689000000,10.17000000,15.30000000,527.00,2019,"Transit",0.012400
"LP 791-18 b","LP 791-18",165.6904843,-16.4064445,0.94799810000,0.0097800000,1.21200000,1.94000000,564.30,2019,"Transit",0.000000
"LP 791-18 c","LP 791-18",165.6904843,-16.4064445,4.98991000000,0.0296100000,2.48800000,7.16000000,324.40,2019,"Transit",0.000100
"TOI-125 b","TOI-125",23.5934253,-66.6763495,4.65382000000,0.0518600000,2.72600000,9.50000000,1037.00,2019,"Transit",0.194000
"TOI-125 c","TOI-125",23.5934253,-66.6763495,9.15059000000,0.0814000000,2.75900000,6.63000000,827.80,2019,"Transit",0.066000
"L 168-9 b","L 168-9",350.0285917,-60.0657292,1.40152604000,0.0208000000,1.63000000,4.07000000,998.00,2020,"Transit",0.000000
"TOI-125 d","TOI-125",23.5934253,-66.6763495,19.98000000000,0.1370000000,2.93000000,13.60000000,638.10,2020,"Transit",0.168000
"HATS-48 A b","HATS-48 A",288.6720048,-59.5793505,3.13166660000,0.0376900000,8.96720000,77.23269000,954.60,2020,"Transit",0.162000
"HATS-72 b","HATS-72",339.0258401,-17.0003046,7.32794740000,0.0665170000,8.09738160,39.85588200,739.30,2020,"Transit",0.013000
"NGTS-10 b","NGTS-10",91.8722801,-25.5948963,0.76689440000,0.0143000000,13.89913607,687.14846000,1508.00,2020,"Transit",0.000000
"TOI-1130 b","TOI-1130",286.3760037,-41.4376399,4.07455400000,0.0453000000,3.66000000,19.80000000,825.00,2020,"Transit",0.052162
"TOI-1130 c","TOI-1130",286.3760037,-41.4376399,8.35018980000,0.0731000000,13.00000000,336.00000000,650.00,2020,"Transit",0.039800
"TOI-677 b","TOI-677",144.1193594,-50.4630933,11.23659850000,0.1041000000,13.11450742,392.20025424,1252.00,2020,"Transit",0.460000
"LTT 3780 b","LTT 3780",154.6449033,-11.7178010,0.76837931000,0.0119500000,1.32500000,2.46000000,903.00,2020,"Transit",0.000000
"LTT 3780 c","LTT 3780",154.6449033,-11.7178010,12.25228400000,0.0757000000,2.39000000,8.04000000,359.00,2020,"Transit",0.024000
"TOI-1338 b","TOI-1338 A",92.1330955,-59.5409853,95.40010000000,0.4607000000,7.66100000,11.30000000,254.65,2020,"Transit",0.033100
"AU Mic b","AU Mic",311.2911369,-31.3424500,8.46344600000,0.0700000000,4.79000000,8.99000000,554.80,2020,"Transit",0.070000
"WASP-148 b","WASP-148",254.1305022,44.3025361,8.80380900000,0.0821500000,8.47398941,91.21675281,940.00,2020,"Transit",0.208000
"WASP-148 c","WASP-148",254.1305022,44.3025361,34.52400000000,0.2044000000,13.90000000,124.58873554,590.00,2020,"Radial Velocity",0.180900
"NGTS-11 b","NGTS-11",23.5214497,-14.4191493,35.45533000000,0.2010000000,9.15775300,109.33352000,435.00,2020,"Transit",0.130000
"TOI-849 b","TOI-849",28.7157956,-29.4217086,0.76554800000,0.0155000000,3.64000000,41.80000000,1932.00,2020,"Transit",0.000000
"TOI-700 b","TOI-700",97.0957165,-65.5786149,9.97722000000,0.0678000000,0.96300000,0.84900000,417.00,2020,"Transit",0.032000
"TOI-700 c","TOI-700",97.0957165,-65.5786149,16.05110390000,0.0931000000,2.53500000,6.96000000,356.00,2020,"Transit",0.033000
"TOI-700 d","TOI-700",97.0957165,-65.5786149,37.42345700000,0.1642000000,1.14500000,1.58000000,268.80,2020,"Transit",0.042000
"HIP 67522 b","HIP 67522",207.5260010,-40.8358961,6.95947310000,0.0748000000,9.98720180,13.80000000,1175.00,2020,"Transit",0.064000
"TOI-1899 b","TOI-1899",299.4268472,40.1433462,29.09031200000,0.1525000000,11.09689089,212.94503269,378.00,2020,"Transit",0.044000
"HD 86226 c","HD 86226",149.1235154,-24.0991859,3.98442000000,0.0490000000,2.16000000,7.25000000,1311.00,2020,"Transit",0.075000
"WD 1856+534 b","WD 1856+534",284.4156750,53.5090244,1.40794050000,0.0204000000,10.40000000,4386.05400000,163.00,2020,"Transit",0.000000
"LTT 9779 b","LTT 9779",358.6688767,-37.6282237,0.79205200000,0.0167900000,4.72000000,29.32000000,1978.00,2020,"Transit",0.000000
"TOI-824 b","TOI-824",222.1654705,-57.5888666,1.39297800000,0.0217700000,2.92600000,18.46700000,1253.00,2020,"Transit",
"TOI-421 b","TOI-421",81.8532824,-14.2767404,5.19757600000,0.0554000000,2.64000000,6.70000000,922.00,2020,"Transit",0.130000
"TOI-421 c","TOI-421",81.8532824,-14.2767404,16.06754100000,0.1170000000,5.09000000,14.10000000,635.00,2020,"Transit",0.190000
"GJ 3473 b","GJ 3473",120.5936065,3.3371629,1.19800350000,0.0158900000,1.26400000,1.86000000,773.00,2020,"Transit",0.000000
"GJ 3473 c","GJ 3473",120.5936065,3.3371629,15.50900000000,0.0876000000,2.63000000,7.41000000,329.10,2020,"Radial Velocity",0.000000
"WASP-107 c","WASP-107",188.3864277,-10.1462141,1091.00000000000,,13.00000000,111.23994245,,2020,"Radial Velocity",0.315000
"TOI-776 b","TOI-776",178.5779970,-37.5533568,8.24662000000,0.0653000000,1.79800000,5.00000000,520.00,2020,"Transit",0.052000
"TOI-776 c","TOI-776",178.5779970,-37.5533568,15.66532300000,0.1001000000,2.04700000,6.90000000,420.00,2020,"Transit",0.089000
"TOI-561 b","TOI-561",148.1851516,6.2161030,0.44656970000,0.0106400000,1.39700000,2.02000000,2319.00,2020,"Transit",0.000000
"TOI-561 c","TOI-561",148.1851516,6.2161030,10.77883800000,0.0889000000,2.86500000,5.93000000,802.00,2020,"Transit",0.023000
"TOI-561 d","TOI-561",148.1851516,6.2161030,25.71268000000,0.1587000000,2.61500000,13.33000000,600.00,2020,"Transit",0.111000
"TOI-561 e","TOI-561",148.1851516,6.2161030,77.14400000000,0.3300000000,2.51700000,12.40000000,416.00,2020,"Transit",0.074000
"TOI-451 b","TOI-451",62.9663850,-37.9397300,1.85870330000,0.0274000000,1.84000000,4.70000000,1474.00,2020,"Transit",0.000000
"TOI-451 c","TOI-451",62.9663850,-37.9397300,9.19246300000,0.0795000000,2.93000000,3.70000000,865.00,2020,"Transit",0.000000
"TOI-451 d","TOI-451",62.9663850,-37.9397300,16.36496200000,0.1168000000,3.93000000,10.20000000,714.00,2020,"Transit",0.000000
"TOI-178 b","TOI-178",7.3020115,-30.4541159,1.91456010000,0.0260700000,1.20000000,0.96000000,1040.00,2021,"Transit",
"TOI-178 c","TOI-178",7.3020115,-30.4541159,3.23848600000,0.0370000000,1.75400000,4.64000000,873.00,2021,"Transit",0.000320
"TOI-178 d","TOI-178",7.3020115,-30.4541159,6.55756900000,0.0592000000,2.69500000,5.20000000,690.00,2021,"Transit",0.006800
"TOI-178 e","TOI-178",7.3020115,-30.4541159,9.96318000000,0.0783000000,2.30100000,3.48000000,600.00,2021,"Transit",0.000380
"TOI-178 f","TOI-178",7.3020115,-30.4541159,15.23335000000,0.1039000000,2.41700000,5.63000000,521.00,2021,"Transit",0.000450
"TOI-178 g","TOI-178",7.3020115,-30.4541159,20.71663000000,0.1275000000,2.93900000,4.40000000,470.00,2021,"Transit",0.000430
"GJ 486 b","GJ 486",191.9815310,9.7494181,1.46712127000,0.0171400000,1.28900000,2.77000000,696.30,2021,"Radial Velocity",0.000860
"LHS 1478 b","LHS 1478",44.3388743,76.5514045,1.94953941000,0.0187200000,1.17400000,2.27000000,597.30,2021,"Transit",0.038000
"TOI-1231 b","TOI-1231",156.7472600,-52.4678724,24.24558600000,0.1288000000,3.65000000,15.40000000,329.60,2021,"Transit",0.087000
"TOI-674 b","TOI-674",164.5865592,-36.8581092,1.97714300000,0.0250000000,5.25000000,23.60000000,635.00,2021,"Transit",0.000000
"TOI-1685 b","TOI-1685",68.5939529,43.0370395,0.66913923000,0.0116400000,1.42100000,3.07000000,1000.00,2021,"Transit",0.000000
"TOI-1807 b","TOI-1807",201.2826259,38.9223671,0.54937097000,0.0122000000,1.49681583,2.44000000,1694.10,2021,"Transit",0.000000
"TOI-2076 b","TOI-2076",217.3920159,39.7903991,10.35504000000,0.0878100000,2.59000000,6.70000000,736.00,2021,"Transit",0.011400
"TOI-2076 c","TOI-2076",217.3920159,39.7903991,21.01447000000,0.1407000000,3.54000000,7.20000000,581.00,2021,"Transit",0.036000
"TOI-2076 d","TOI-2076",217.3920159,39.7903991,35.12803000000,0.1982000000,3.27000000,7.30000000,490.00,2021,"Transit",0.027000
"AU Mic c","AU Mic",311.2911369,-31.3424500,18.85902300000,0.1190000000,2.79000000,14.46000000,424.70,2021,"Transit",0.180000
"TOI-431 b","TOI-431",83.2692502,-26.7238698,0.49004700000,0.0113000000,1.28000000,3.07000000,1862.00,2021,"Transit",0.000000
"TOI-431 c","TOI-431",83.2692502,-26.7238698,4.84940000000,0.0520000000,1.49000000,2.83000000,867.00,2021,"Radial Velocity",0.000000
"TOI-431 d","TOI-431",83.2692502,-26.7238698,12.46103000000,0.0980000000,3.29000000,9.90000000,633.00,2021,"Transit",0.000000
"L 98-59 e","L 98-59",124.5328604,-68.3144658,12.82780000000,0.0712000000,1.49000000,2.82000000,347.00,2021,"Radial Velocity",0.012000
"HD 63935 b","HD 63935",117.9246417,9.3852412,9.05880700000,0.0830000000,2.91575244,10.50000000,825.22,2021,"Transit",0.000000
"HD 63935 c","HD 63935",117.9246417,9.3852412,21.40270000000,0.1480000000,3.06451296,11.10000000,619.59,2021,"Radial Velocity",0.000000
"GJ 367 b","GJ 367",146.1214640,-45.7790165,0.32192260000,0.0071000000,0.73600000,0.50300000,1329.00,2021,"Transit",0.000000
"TOI-2109 b","TOI-2109",253.1862971,16.5799153,0.67247414000,0.0179100000,15.09849700,1595.49860314,3646.00,2021,"Transit",
"HATS-75 b","HATS-75",60.9493919,-25.4089214,2.78865560000,0.0327420000,9.90873894,156.05374784,772.30,2021,"Transit",0.064000
"LTT 1445 A c","LTT 1445 A",45.4624781,-16.5944956,3.12390350000,0.0266100000,1.14700000,1.54000000,508.00,2022,"Transit",0.223000
"TOI-500 b","TOI-500",106.5590980,-47.5878156,0.54817700000,0.0118900000,1.16600000,1.42000000,1617.00,2022,"Transit",0.063000
"TOI-1075 b","TOI-1075",309.9712091,-65.4496994,0.60473280000,0.0115900000,1.79100000,9.95000000,1323.00,2022,"Transit",0.000000
"TOI-1442 b","TOI-1442",287.2921006,74.1742762,0.40906770000,0.0071000000,1.17000000,1.71000000,1072.00,2022,"Transit",
"TOI-2260 b","TOI-2260",247.6669998,49.0467891,0.35247280000,0.0097000000,1.62000000,3.26000000,2609.00,2022,"Transit",
"TOI-2445 b","TOI-2445",43.3161555,0.0523366,0.37112810000,0.0064000000,1.25000000,2.10000000,1060.00,2022,"Transit",
"GJ 3929 b","GJ 3929",239.5775678,35.4081141,2.61623500000,0.0252000000,1.09000000,1.75000000,568.00,2022,"Transit",0.000000
"WASP-189 b","WASP-189",225.6867320,-3.0314874,2.72403300000,0.0505300000,18.14733975,632.47852993,3353.00,2020,"Transit",0.000000
"TOI-1670 b","TOI-1670",259.0172522,72.1611806,10.98462000000,0.1030000000,2.06000000,41.31769291,1062.00,2022,"Transit",0.590000
"TOI-1670 c","TOI-1670",259.0172522,72.1611806,40.74976000000,0.2490000000,11.06326395,200.23189641,684.00,2022,"Transit",0.090000
"TOI-500 c","TOI-500",106.5590980,-47.5878156,6.63560000000,,2.09000000,5.03000000,,2022,"Radial Velocity",0.072000
"TOI-500 d","TOI-500",106.5590980,-47.5878156,26.23300000000,,6.35000000,33.12000000,,2022,"Radial Velocity",0.016000
"TOI-500 e","TOI-500",106.5590980,-47.5878156,61.30000000000,,3.99000000,15.05000000,,2022,"Radial Velocity",0.073000
"HD 260655 b","HD 260655",99.2915429,17.5662696,2.76953000000,0.0293300000,1.24000000,2.14000000,709.00,2022,"Transit",0.039000
"HD 260655 c","HD 260655",99.2915429,17.5662696,5.70588000000,0.0474900000,1.53300000,3.09000000,557.00,2022,"Transit",0.038000
"TOI-3714 b","TOI-3714",69.5523415,39.4580035,2.15484900000,0.0270000000,11.32107051,222.47988490,750.00,2022,"Transit",0.030000
"GJ 3929 c","GJ 3929",239.5775678,35.4081141,15.04000000000,0.0810000000,2.26000000,5.71000000,317.00,2022,"Radial Velocity",0.000000
"GJ 3090 b","GJ 3090",20.4384281,-46.7147234,2.85310198000,0.0316000000,2.18000000,4.52000000,723.00,2022,"Transit",0.250000
"TOI-181 b","TOI-181",352.1725409,-34.4914099,4.53200000000,0.0539000000,6.95590000,46.16870000,895.10,2023,"Transit",0.154300
"TOI-199 b","TOI-199",80.1058735,-59.8954326,104.85400000000,0.4254000000,9.07927437,54.03082919,325.00,2023,"Transit",0.090000
"TOI-700 e","TOI-700",97.0957165,-65.5786149,27.81012400000,0.1336000000,0.91900000,0.71800000,272.90,2023,"Transit",0.059000
"TOI-771 b","TOI-771",164.1138903,-72.9851736,2.32601550000,0.0208000000,1.36000000,2.47000000,543.00,2024,"Transit",0.055000
"TOI-836.01","TOI-836",225.0798831,-24.4542022,8.59545000000,0.0750000000,2.58700000,9.60000000,665.00,2021,"Transit",0.078000
"TOI-836 b","TOI-836",225.0798831,-24.4542022,3.81673000000,0.0422000000,1.70400000,4.53000000,871.00,2023,"Transit",0.053000
"LHS 475 b","LHS 475",290.2379403,-82.5597883,2.02908800000,0.0203700000,0.99100000,0.94100000,586.00,2023,"Transit",0.000000
"TOI-1136 d","TOI-1136",192.1848981,64.8552755,12.51990000000,0.1062000000,4.62700000,8.35000000,843.00,2022,"Transit",0.042000
"TOI-1136 c","TOI-1136",192.1848981,64.8552755,6.25740000000,0.0669000000,2.87900000,6.32000000,1062.00,2022,"Transit",0.110000
"TOI-1136 f","TOI-1136",192.1848981,64.8552755,26.32100000000,0.1740000000,3.73591482,9.70000000,658.00,2022,"Transit",0.001000
"TOI-1136 e","TOI-1136",192.1848981,64.8552755,18.80100000000,0.1400000000,2.63900000,6.07000000,737.00,2022,"Transit",0.042500
"TOI-1173 b","TOI-1173",197.6830975,70.7680117,7.06439710000,0.0710000000,8.77663189,28.28672822,868.00,2024,"Transit",0.037000
"TOI-1416 b","TOI-1416",216.9234892,41.9529862,1.06975680000,0.0190000000,1.62000000,3.48000000,1517.00,2023,"Transit",0.000000
"TOI-1420 b","TOI-1420",322.9418092,66.3490054,6.95610630000,0.0710000000,11.89000000,25.10000000,957.00,2023,"Transit",0.170000
"TOI-1468 c","TOI-1468",16.6538724,19.2249195,15.53247700000,0.0860800000,2.12600000,4.10000000,338.10,2022,"Transit",0.111000
"TOI-1468 b","TOI-1468",16.6538724,19.2249195,1.88052010000,0.0210700000,1.40100000,3.04000000,683.50,2022,"Transit",0.009900
"HIP 9618 b","HIP 9618",30.9050061,21.2813274,20.77285800000,0.1450000000,3.82838127,8.30000000,640.88,2023,"Transit",0.000000
"HIP 9618 c","HIP 9618",30.9050061,21.2813274,52.56363000000,0.2690000000,3.42855926,7.00000000,470.31,2023,"Transit",0.000000
"TOI-1801 b","TOI-1801",175.5755995,23.0270335,10.64387000000,0.0750000000,2.07900000,5.73800000,493.70,2023,"Transit",0.000000
"TOI-1823 b","TOI-1823",196.2197201,63.7532610,38.80000000000,0.2120000000,7.54062410,67.40000000,423.63,2024,"Transit",0.000000
"TOI-2031 A b","TOI-2031 A",331.1178077,81.5659509,5.71548654000,0.0660000000,14.20177855,254.26272560,1358.00,2025,"Transit",0.076000
"TOI-2134 b","TOI-2134",271.9355015,39.0729269,9.22919800000,0.0780300000,2.73500000,9.37000000,660.00,2023,"Transit",0.067000
"TOI-2134 c","TOI-2134",271.9355015,39.0729269,95.85284000000,0.3715000000,7.35000000,58.30000000,302.00,2023,"Transit",0.312500
"TOI-2374 b","TOI-2374",319.4982407,-22.0498228,4.31361930000,0.0481800000,7.48759911,61.65871096,926.00,2024,"Transit",0.130000
"TOI-2431 b","TOI-2431",37.7652989,8.3816255,0.22419578000,0.0063000000,1.53400000,6.20000000,2063.00,2026,"Transit",0.000000
"TOI-2525 b","TOI-2525",86.8509737,-60.5213081,23.28560000000,0.1511000000,8.67575106,26.69758619,512.97,2023,"Transit",0.170000
"TOI-2525 c","TOI-2525",86.8509737,-60.5213081,49.25190000000,0.2490000000,10.13291855,208.81326340,399.96,2023,"Transit",0.157000
"TOI-3235 b","TOI-3235",207.4738488,-46.0665139,2.59261842000,0.0270900000,11.39953337,211.35589065,604.00,2023,"Transit",0.029000
"TOI-3757 b","TOI-3757",91.0036423,55.0199793,3.43875300000,0.0384500000,12.00000000,85.30000000,759.00,2022,"Transit",0.140000
"TOI-3884 b","TOI-3884",181.5718341,12.5070258,4.54458280000,0.0361000000,6.43000000,32.59000000,441.00,2022,"Transit",0.060000
"TOI-3984 A b","TOI-3984 A",226.3371468,36.7869747,4.35332600000,0.0410000000,7.90000000,44.00000000,563.00,2023,"Transit",0.230000
"TOI-4010 c","TOI-4010",20.2148196,66.0722009,5.41465400000,0.0580000000,5.93000000,20.31000000,907.00,2023,"Transit",0.030000
"TOI-4010 d","TOI-4010",20.2148196,66.0722009,14.70886000000,0.1130000000,6.18000000,38.15000000,650.00,2023,"Transit",0.070000
"TOI-4010 b","TOI-4010",20.2148196,66.0722009,1.34833500000,0.0229000000,3.02000000,11.00000000,1441.00,2023,"Transit",0.030000
"LP 890-9 b","LP 890-9",64.1309096,-28.3157909,2.72990250000,0.0187500000,1.32000000,13.20000000,396.00,2022,"Transit",
"TOI-4336 A b","TOI-4336 A",206.1070129,-40.3373505,16.33635100000,0.0849000000,2.13700000,3.33000000,309.40,2024,"Transit",0.000000
"HD 20329 b","HD 20329",49.1781240,15.6563542,0.92611800000,0.0180000000,1.72000000,7.42000000,2141.00,2022,"Transit",0.000000
"Kepler-167 e","Kepler-167",292.6585253,38.3455558,1071.23205000000,1.8830000000,10.16000000,321.00669107,134.40,2016,"Transit",0.290000
"TOI-5205 b","TOI-5205",313.7706819,24.3609770,1.63075700000,0.0199000000,11.60000000,343.00000000,737.00,2023,"Transit",0.020000
"Kepler-167 c","Kepler-167",292.6585253,38.3455558,7.40610600000,0.0684000000,1.67400000,3.44000000,771.00,2014,"Transit",0.000000
"TOI-5293 A b","TOI-5293 A",355.8286820,-2.0450945,2.93028900000,0.0340000000,11.90000000,170.40000000,675.00,2023,"Transit",0.380000
"KOI-94 d","KOI-94",297.3330716,41.8911186,22.34298900000,0.1684000000,11.27000000,106.00000000,806.00,2013,"Transit",0.022000
"LP 890-9 c","LP 890-9",64.1309096,-28.3157909,8.45746300000,0.0398400000,1.36700000,25.30000000,272.00,2022,"Transit",
"HD 3167 e","HD 3167",8.7401487,4.3807215,91.90000000000,0.3797000000,3.97000000,14.90000000,389.00,2022,"Radial Velocity",0.128000
"TOI-1136 b","TOI-1136",192.1848981,64.8552755,4.17270000000,0.0510600000,1.90000000,3.50000000,1216.00,2022,"Transit",0.027000
"TOI-1136 g","TOI-1136",192.1848981,64.8552755,39.54500000000,0.2290000000,2.53000000,5.60000000,574.00,2022,"Transit",0.040000
"TOI-1338 c","TOI-1338 A",92.1330955,-59.5409853,215.79000000000,0.7940000000,10.30000000,75.40000000,354.89,2023,"Radial Velocity",0.037000
"WASP-84 c","WASP-84",131.1069959,1.8598933,1.44688490000,0.0235900000,1.95000000,15.20000000,1329.00,2023,"Transit",
"TOI-6109 c","TOI-6109",50.1319206,42.6069564,8.53887800000,0.0786000000,4.83260000,20.80000000,786.00,2025,"Transit",
"TOI-6255 b","TOI-6255",331.5031606,39.2988284,0.23818244000,,1.07900000,1.44000000,1256.46,2024,"Transit",0.000000
"WASP-193 b","WASP-193",164.3491401,-29.9971229,6.24634750000,0.0668000000,14.78464554,35.59678158,1250.00,2023,"Transit",0.081000
"LP 791-18 d","LP 791-18",165.6904843,-16.4064445,2.75485000000,0.0199200000,1.03200000,0.91000000,395.50,2023,"Transit",0.001100
"TOI-6324 b","TOI-6324",330.8445430,67.4986773,0.27922100000,,1.05900000,1.17000000,1216.00,2025,"Transit",0.000000
"HD 207496 b","HD 207496",328.7181708,-77.3388025,6.44100800000,0.0629000000,2.25000000,6.10000000,743.00,2023,"Transit",0.231000
"TOI-4010 e","TOI-4010",20.2148196,66.0722009,762.00000000000,1.5700000000,13.30000000,692.00000000,174.00,2023,"Radial Velocity",0.260000
"GJ 367 c","GJ 367",146.1214640,-45.7790165,11.53010000000,,1.86000000,4.13000000,,2023,"Radial Velocity",0.090000
"GJ 367 d","GJ 367",146.1214640,-45.7790165,34.36900000000,,2.33000000,6.03000000,,2023,"Radial Velocity",0.140000
"TOI-6109 b","TOI-6109",50.1319206,42.6069564,5.69047600000,0.0599000000,4.87040000,21.10000000,700.00,2025,"Transit",
"TOI-199 c","TOI-199",80.1058735,-59.8954326,273.69000000000,0.8070000000,11.40000000,88.99195396,255.43,2023,"Transit Timing Variations",0.096000
"AU Mic e","AU Mic",311.2911369,-31.3424500,33.11000000000,,4.87000000,21.10000000,,2025,"Radial Velocity",
"AU Mic d","AU Mic",311.2911369,-31.3424500,12.73596000000,,1.02000000,1.05300000,,2023,"Transit Timing Variations",0.003050
"GJ 806 b","GJ 806",311.2697002,44.5002351,0.92632370000,0.0140600000,1.33100000,1.90000000,940.00,2023,"Transit",
"GJ 806 c","GJ 806",311.2697002,44.5002351,6.64064000000,0.0523000000,2.28000000,5.80000000,490.00,2023,"Radial Velocity",
"HD 110067 b","HD 110067",189.8392243,20.0273377,9.11367800000,0.0793000000,2.20000000,5.69000000,800.00,2023,"Transit",
"HD 110067 c","HD 110067",189.8392243,20.0273377,13.67369400000,0.1039000000,2.38800000,6.30000000,699.00,2023,"Transit",
"HD 110067 d","HD 110067",189.8392243,20.0273377,20.51961700000,0.1362000000,2.85200000,8.52000000,602.00,2023,"Transit",
"HD 110067 e","HD 110067",189.8392243,20.0273377,30.79309100000,0.1785000000,1.94000000,3.90000000,533.00,2023,"Transit",
"HD 110067 f","HD 110067",189.8392243,20.0273377,41.05854000000,0.2163000000,2.60100000,5.04000000,489.00,2023,"Transit",
"HD 110067 g","HD 110067",189.8392243,20.0273377,54.76992000000,0.2621000000,2.60700000,8.40000000,440.00,2023,"Transit",
"GJ 341 b","GJ 341",140.3993759,-60.2811692,7.57686000000,,0.88000000,4.00000000,629.00,2025,"Transit",0.000000
"TOI-6894 b","TOI-6894",173.4691418,12.4510906,3.37077196000,0.0260400000,9.58367850,53.39517238,417.90,2025,"Transit",0.029000
"IRAS 04125+2902 b","IRAS 04125+2902",63.9283394,29.1665420,8.83497800000,0.0770000000,10.73820351,80.80000000,854.00,2024,"Transit",
"HIP 67522 c","HIP 67522",207.5260010,-40.8358961,14.33489200000,0.1228000000,7.93595834,22.00000000,917.00,2024,"Transit",0.077000
"Kepler-51 e","Kepler-51",296.4797624,49.9376486,264.28400000000,,2.18000000,5.40000000,,2024,"Transit Timing Variations",0.020000
"BD+05 4868 A b","BD+05 4868 A",326.8614036,6.6053185,1.27186900000,0.0208000000,,6.20000000,1820.00,2025,"Transit",
"TOI-771 c","TOI-771",164.1138903,-72.9851736,7.61000000000,0.0460000000,1.50000000,2.87000000,365.00,2025,"Radial Velocity",0.065000
"TOI-2076 e","TOI-2076",217.3920159,39.7903991,3.02237530000,0.0386300000,1.30100000,4.70000000,1110.00,2025,"Transit",0.000000
"L 98-59 f","L 98-59",124.5328604,-68.3144658,23.06400000000,0.1052000000,1.48000000,2.80000000,285.00,2025,"Radial Velocity",0.044000
"HIP 41378 g","HIP 41378",126.6158279,10.0803708,63.19000000000,,2.50000000,6.81000000,605.00,2025,"Radial Velocity",0.055000
"55 Cnc B b","55 Cnc B",133.1679080,28.3152863,6.79940000000,0.0440000000,1.69000000,3.50000000,395.41,2025,"Radial Velocity",0.000000
"55 Cnc B c","55 Cnc B",133.1679080,28.3152863,33.74700000000,0.1300000000,2.16000000,5.30000000,230.04,2025,"Radial Velocity",0.000000
"GJ 3090 c","GJ 3090",20.4384281,-46.7147234,15.94070000000,0.0997000000,3.14000000,10.00000000,407.20,2026,"Radial Velocity",0.000000
"TOI-4336 A c","TOI-4336 A",206.1070129,-40.3373505,7.58726600000,0.0509200000,1.25100000,1.55000000,399.50,2026,"Transit",0.000000
"TOI-260 b","TOI-260",4.7730178,-9.9661505,13.47585300000,0.0943000000,1.71000000,4.23000000,493.00,2024,"Transit",0.000000
"K2-232 c","K2-232",73.7667927,18.6543230,1950.00000000000,3.1700000000,12.80000000,1687.66884117,181.73,2026,"Radial Velocity",0.352000
"Kepler-12 b","Kepler-12",286.2434458,50.0403671,4.43796290000,0.0553000000,19.66058600,137.30256000,1480.00,2011,"Transit",0.000000
"KOI-94 b","KOI-94",297.3330716,41.8911186,3.74320800000,0.0511900000,1.71000000,10.50000000,1486.00,2013,"Transit",0.250000
"Kepler-167 d","Kepler-167",292.6585253,38.3455558,21.80379000000,0.1404000000,1.23800000,2.06000000,538.00,2016,"Transit",0.000000
"Kepler-51 d","Kepler-51",296.4797624,49.9376486,130.19400000000,0.5090000000,9.70000000,7.60000000,381.00,2014,"Transit",0.008000
"Kepler-51 c","Kepler-51",296.4797624,49.9376486,85.31200000000,0.3840000000,9.00000000,4.00000000,439.00,2012,"Transit",0.014000
"Kepler-51 b","Kepler-51",296.4797624,49.9376486,45.15400000000,0.2514000000,7.10000000,2.10000000,543.00,2012,"Transit",0.040000
"Kepler-167 b","Kepler-167",292.6585253,38.3455558,4.39315390000,0.0482500000,1.71800000,3.60000000,918.00,2014,"Transit",0.000000
"KOI-94 c","KOI-94",297.3330716,41.8911186,10.42364800000,0.1013000000,4.32000000,15.60000000,1012.00,2013,"Transit",0.430000
"KOI-94 e","KOI-94",297.3330716,41.8911186,54.32031000000,0.3046000000,6.56000000,35.00000000,584.00,2013,"Transit",0.019000
"PH2 b","PH2",289.7636212,51.9626830,282.52542000000,0.8330000000,9.33708092,87.08498352,295.10,2013,"Transit",0.215000
"K2-33 b","K2-33",242.5613635,-19.3193831,5.42486500000,0.0409000000,5.04000000,1175.97100000,850.00,2016,"Transit",0.000000
"HAT-P-11 b","HAT-P-11",297.7101763,48.0818635,4.88800000000,0.0525800000,4.36000000,25.00000000,838.00,2010,"Transit",0.251000
"HD 148797 c","HD 148797",248.4127554,-56.6992779,68.15145390000,0.3536000000,8.36189960,39.60000000,650.00,2026,"Transit",0.126000
"K2-198 c","K2-198",198.8436817,-6.4649888,3.35960550000,,1.42300000,2.61000000,1229.90,2019,"Transit",
"HD 170469 b","HD 170469",277.2955423,11.6954244,1145.00000000000,2.2400000000,14.10000000,209.76780000,209.60,2007,"Radial Velocity",0.110000
"Kepler-139 d","Kepler-139",282.3919451,43.8894167,7.30569992200,0.0755533961,1.69500000,2.00000000,972.00,2023,"Transit",0.000000
"Kepler-1639 b","Kepler-1639",283.0686510,48.8021209,9.87848200000,0.0932000000,2.58000000,7.18000000,1003.00,2016,"Transit",0.000000
"TOI-2580 b","TOI-2580",62.1992072,67.1165264,3.39775000000,0.0480000000,17.37392009,200.23189641,2410.00,2024,"Transit",0.080000
"Kepler-1000 b","Kepler-1000",286.6854729,47.0981948,120.01812720000,0.5326000000,4.76000000,20.30000000,473.00,2016,"Transit",0.000000
"TOI-2088 b","TOI-2088",261.3748943,75.8822796,124.72997000000,0.4720000000,3.68311790,37.00000000,300.33,2024,"Transit",0.000000
"HIP 98599 b","HIP 98599",300.4090608,-22.1110649,2656.00000000000,3.9600000000,12.70000000,2177.12458795,171.08,2026,"Radial Velocity",0.169000
"K2-154 b","K2-154",189.0015173,-2.6696217,3.67626000000,0.0405000000,1.99000000,4.62000000,715.00,2018,"Transit",
"Kepler-240 b","Kepler-240",291.1587635,40.7502108,4.14449500000,0.0480000000,1.37000000,2.45000000,864.00,2014,"Transit",0.000000
"HIP 38594 c","HIP 38594",118.5439118,-25.3023073,3477.76800000000,3.8050000000,7.94000000,48.40000000,79.96,2020,"Radial Velocity",0.160000
"Kepler-145 c","Kepler-145",291.3877397,44.5290465,42.88200000000,0.2624400000,4.32000000,79.40000000,709.00,2013,"Transit",0.110000
"Kepler-144 b","Kepler-144",281.9156128,42.7755535,5.88527300000,0.0660000000,1.33000000,2.33000000,1253.00,2014,"Transit",0.000000
"TOI-1846 b","TOI-1846",257.9549645,54.5278483,3.93067370000,0.0364600000,1.79200000,3.87000000,568.10,2025,"Transit",
"Kepler-1957 b","Kepler-1957",293.7114360,47.8874467,2.18661999700,0.0299000000,0.94374867,0.79000000,1099.00,2021,"Transit",0.000000
"Kepler-219 b","Kepler-219",288.7389481,46.7625929,4.58551200000,0.0570000000,2.95000000,9.01000000,1307.00,2014,"Transit",0.000000
"TIC 365102760 b","TIC 365102760",305.8398236,54.3943194,4.21285367000,0.0622000000,6.21000000,19.20000000,1676.12,2024,"Transit",0.406000
"Kepler-1153 b","Kepler-1153",289.1471849,45.8661300,1.75583532700,0.0277000000,1.73000000,3.64000000,1343.00,2016,"Transit",0.000000
"Kepler-327 b","Kepler-327",292.6422963,44.0876251,2.54957500000,0.0290000000,1.11000000,1.41000000,682.00,2014,"Transit",0.000000
"K2-72 b","K2-72",334.6227504,-9.6120084,5.57721200000,0.0400000000,1.08000000,1.28000000,466.13,2016,"Transit",0.110000
"TOI-5126 c","TOI-5126",151.6597827,18.6340631,17.89990000000,0.1439000000,3.86000000,14.20000000,971.00,2023,"Transit",0.000000
"Kepler-405 b","Kepler-405",291.4094615,38.3400107,10.61383900000,0.0950000000,2.08000000,4.98000000,785.00,2014,"Transit",0.000000
"Kepler-451 d","2MASS J19383260+4603591",294.6359173,46.0664076,43.00000000000,,13.50000000,559.37799632,,2022,"Eclipse Timing Variations",0.000000
"Kepler-1421 b","Kepler-1421",286.5806115,48.5442312,6.91311120000,0.0757600000,0.93000000,0.74900000,1209.00,2016,"Transit",0.000000
"K2-332 b","K2-332",135.8832666,14.2504994,17.70632000000,,2.20000000,5.48000000,266.00,2021,"Transit",
"Kepler-1288 b","Kepler-1288",285.7135000,41.6058799,2.76122421000,0.0413500000,1.12000000,1.46000000,2017.00,2016,"Transit",0.000000
"GJ 1151 c","GJ 1151",177.7304866,48.3732334,389.70000000000,0.5714000000,3.25000000,10.62000000,88.30,2023,"Radial Velocity",
"Kepler-80 c","Kepler-80",296.1125759,39.9787451,9.52355000000,0.0792000000,2.74000000,6.74000000,495.00,2012,"Transit",0.007900
"Kepler-925 b","Kepler-925",290.1065581,40.4906242,33.86785310000,0.1805000000,2.34000000,6.08000000,394.00,2016,"Transit",0.000000
"Kepler-194 d","Kepler-194",291.9714290,47.8640498,52.81497300000,0.2750000000,2.40000000,6.35000000,562.00,2014,"Transit",0.000000
"Kepler-945 b","Kepler-945",291.2697354,42.0960305,31.00338140000,0.2037000000,2.63000000,7.41000000,616.00,2016,"Transit",0.000000
"HD 156846 b","HD 156846",260.1423366,-19.3343650,359.51001000000,1.1200000000,12.40000000,3391.24610000,382.49,2007,"Radial Velocity",0.850000
"Kepler-1878 b","Kepler-1878",300.7324154,44.1070231,4.44587993600,0.0521000000,2.92019781,8.86000000,1063.00,2021,"Transit",0.000000
"Kepler-1447 b","Kepler-1447",289.6434285,50.7270160,56.67472850000,0.2836000000,2.90000000,8.75000000,522.00,2016,"Transit",0.000000
"Kepler-1805 b","Kepler-1805",285.0865387,40.8990506,8.84794044500,0.0699000000,1.54502915,3.00000000,479.00,2021,"Transit",0.000000
"HD 158259 f","HD 158259",261.3495847,52.7904721,12.02800000000,,2.35000000,6.14000000,,2020,"Radial Velocity",
"Kepler-370 b","Kepler-370",292.1710683,40.9162381,4.57953000000,0.0540000000,1.59000000,3.15000000,1040.00,2014,"Transit",0.000000
"Kepler-956 b","Kepler-956",292.5308289,49.0616555,5.24867263100,0.0601700000,3.00000000,9.27000000,1056.00,2016,"Transit",0.000000
"HD 63433 b","HD 63433",117.4793699,27.3631342,7.10794750000,0.0720000000,2.14000000,21.75500000,967.11,2020,"Transit",0.240000
"Kepler-1142 b","Kepler-1142",292.7144796,44.0822816,18.30272480000,0.1343000000,1.47000000,2.76000000,902.00,2016,"Transit",0.000000
"Kepler-853 b","Kepler-853",283.9367810,49.1102748,7.16892463000,0.0790000000,1.69000000,3.50000000,1187.00,2016,"Transit",0.000000
"Kepler-451 c","2MASS J19383260+4603591",294.6359173,46.0664076,1460.00000000000,,13.50000000,511.70373527,,2022,"Eclipse Timing Variations",0.290000
"WISPIT 1 b","WISPIT 1",117.7985550,-50.1376852,,338.0000000000,12.40000000,3305.41543280,12.94,2025,"Imaging",
"TOI-2529 b","TOI-2529",118.9945352,-52.3548332,64.59490000000,0.3270000000,11.54525012,743.71847238,636.00,2024,"Transit",0.021000
"KOI-1599.01","KOI-1599",298.3738383,40.6184483,20.44150000000,0.1472800000,1.90000000,4.60000000,660.00,2019,"Transit",0.014000
"Kepler-1759 b","Kepler-1759",298.4656275,48.5593334,3.72023010300,0.0429000000,0.90377910,0.67600000,954.00,2021,"Transit",0.000000
"Kepler-1215 b","Kepler-1215",297.4636477,48.1813978,4.76703963000,0.0528000000,1.22000000,1.98000000,1046.00,2016,"Transit",0.000000
"Kepler-1733 b","Kepler-1733",291.1384628,37.8592447,9.22957992600,0.0933000000,3.63582354,12.80000000,1021.00,2021,"Transit",0.000000
"Kepler-357 c","Kepler-357",291.2429746,44.0086337,16.85837000000,0.1200000000,2.67000000,7.61000000,576.00,2014,"Transit",0.000000
"Kepler-194 c","Kepler-194",291.9714290,47.8640498,17.30803200000,0.1310000000,2.59000000,7.22000000,815.00,2014,"Transit",0.000000
"Kepler-1056 b","Kepler-1056",299.5259832,46.8992561,27.49560600000,0.1629000000,3.01000000,9.32000000,590.00,2016,"Transit",0.000000
"Kepler-1424 b","Kepler-1424",290.9916648,40.2293347,29.60917440000,0.1906800000,1.16000000,1.65000000,629.00,2016,"Transit",0.000000
"Kepler-1642 c","Kepler-1642",297.2121215,43.6437890,6.65138020000,0.0678000000,2.66000000,7.56000000,1095.00,2016,"Transit",0.000000
"HD 164595 b","HD 164595",270.1613723,29.5726698,40.00000000000,0.2300000000,4.16000000,16.14000000,589.00,2015,"Radial Velocity",0.088000
"K2-24 c","K2-24",242.5734559,-24.9906029,42.34732000000,0.2620000000,7.93000000,16.40000000,591.00,2016,"Transit",0.028200
"Kepler-235 d","Kepler-235",286.0790779,39.2782370,20.06054800000,0.1220000000,2.05000000,4.86000000,401.00,2014,"Transit",0.000000
"HD 97037 b","HD 97037",167.5545621,-7.3901483,6449.08337000000,6.9250000000,12.10000000,6707.76852973,120.99,2022,"Radial Velocity",0.357000
"Kepler-776 b","Kepler-776",287.2726117,41.6356009,4.89718784000,0.0523000000,1.28000000,2.18000000,904.00,2016,"Transit",0.000000
"K2-352 b","K2-352",140.4451478,18.4696280,3.66591200000,,1.37000000,2.45000000,1160.00,2021,"Transit",
"TOI-3288 b","TOI-3288",297.1103158,-43.0180008,1.43386470000,0.0228500000,12.24020692,536.17652261,973.00,2025,"Transit",0.021000
"Kepler-1420 b","Kepler-1420",296.2038586,42.7778165,6.69960006000,0.0671000000,1.28000000,2.18000000,806.00,2016,"Transit",0.000000
"K2-333 b","K2-333",136.7892752,15.2056765,14.75928700000,,6.18000000,31.60000000,826.00,2021,"Transit",
"Kepler-79 e","Kepler-79",300.5171067,44.3815508,81.06650000000,0.3944500000,3.53000000,3.80000000,511.00,2014,"Transit",0.025000
"Kepler-20 d","Kepler-20",287.6979913,42.3385782,77.61145500000,0.3474000000,2.60600000,13.40000000,430.00,2011,"Transit",0.082000
"DMPP-1 c","DMPP-1",86.7761233,-10.6303217,10.03000000000,0.0973000000,3.31000000,10.94000000,1239.00,2019,"Radial Velocity",0.220000
"Kepler-947 b","Kepler-947",294.3667312,42.2526408,26.96443170000,0.1773000000,2.28000000,5.82000000,573.00,2016,"Transit",0.000000
"Kepler-689 b","Kepler-689",294.7106347,39.5216975,22.36656079000,0.1449000000,2.89000000,8.70000000,536.00,2016,"Transit",0.000000
"NGC 2682 YBP 1194 b","NGC 2682 YBP 1194",132.7533077,11.8146537,6.95900000000,,12.30000000,101.70560000,,2014,"Radial Velocity",0.300000
"HD 211970 b","HD 211970",335.5661579,-54.5596006,25.20100000000,0.1430000000,3.66000000,13.00000000,398.77,2019,"Radial Velocity",0.150000
"Kepler-336 c","Kepler-336",290.2376224,41.3313637,9.60000100000,0.0920000000,2.10000000,5.06000000,967.00,2014,"Transit",0.000000
"Kepler-423 b","Kepler-423",292.8557189,46.3911883,2.68432850000,0.0358500000,13.36100000,189.10100000,1605.00,2014,"Transit",0.019000
"2M0437 b","2MASS J04372171+2651014",69.3405531,26.8502997,,118.0000000000,13.00000000,1271.31362800,1450.00,2021,"Imaging",
"Kepler-561 b","Kepler-561",293.7471107,45.1071981,58.36204950000,0.2925600000,6.96000000,38.70000000,446.00,2016,"Transit",0.000000
"24 Boo b","24 Boo",217.1555242,49.8446488,30.33000000000,0.1940000000,13.90000000,280.64248338,1840.86,2018,"Radial Velocity",0.032000
"HD 74156 c","HD 74156",130.6047813,4.5772338,2448.48726000000,3.6780000000,12.50000000,2753.98314665,187.52,2003,"Radial Velocity",0.377000
"Kepler-1365 c","Kepler-1365",292.1996573,42.0459944,4.77468005000,0.0570100000,0.80000000,0.43700000,1137.00,2016,"Transit",0.000000
"HD 20003 c","HD 20003",46.9090081,-72.3219221,33.92390000000,0.1964000000,3.89000000,14.44000000,573.89,2019,"Radial Velocity",0.100000
"Kepler-716 b","Kepler-716",290.3931809,43.3638577,10.37168453000,0.0862800000,2.90000000,8.75000000,720.00,2016,"Transit",0.000000
"TOI-4562 b","TOI-4562",112.0100593,-63.5177788,225.10640000000,0.7680000000,12.53000000,732.00000000,318.00,2023,"Transit",0.760000
"HD 134606 b","HD 134606",228.8103897,-70.5203328,12.08900000000,0.1046000000,2.97000000,9.09000000,894.63,2024,"Radial Velocity",0.092000
"K2-66 b","K2-66",331.5266563,-10.7115362,5.06963000000,0.0598300000,2.49000000,21.30000000,1372.00,2016,"Transit",0.000000
"TIC 437041147 b","TIC 437041147",132.9480195,6.7648369,3.82301421497,,2.21526814,5.54000000,,2026,"Transit",
"Kepler-583 b","Kepler-583",282.1113206,42.3545514,6.51002530000,0.0689000000,2.28000000,5.82000000,1017.00,2016,"Transit",0.000000
"Kepler-1649 c","Kepler-1649",292.5029676,41.8299933,19.53527000000,0.0649000000,1.06000000,1.20000000,234.00,2020,"Transit",0.000000
"WASP-57 b","WASP-57",223.8199788,-2.0576866,2.83891856000,0.0376900000,11.76945000,204.68252000,1338.00,2012,"Transit",0.000000
"Kepler-381 d","Kepler-381",285.1828685,43.8310283,8.25629997300,0.0836400000,1.06678650,1.23000000,1387.00,2021,"Transit",0.000000
"TOI-1199 b","TOI-1199",166.8806581,61.3525723,3.67146300000,0.0498800000,10.51402390,75.96098927,1486.00,2024,"Transit",0.030000
"TOI-4961 b","TOI-4961",192.5018624,-59.8919345,7.47918200000,0.0726000000,12.34108775,572.09113260,919.00,2025,"Transit",0.182000
"Kepler-118 c","Kepler-118",299.2131881,41.4248195,20.17202000000,0.1410000000,7.68000000,45.70000000,564.00,2014,"Transit",0.000000
"Kepler-278 b","Kepler-278",290.1072124,38.7022694,30.15560000000,0.2020000000,3.95500000,56.00000000,586.00,2014,"Transit",0.696000
"K2-268 e","K2-268",133.7094899,11.8482712,6.13124300000,,1.33000000,2.33000000,801.00,2021,"Transit",
"Kepler-1254 d","Kepler-1254",285.1733174,48.7700099,5.72717226000,0.0575000000,1.31000000,2.27000000,794.00,2016,"Transit",0.000000
"HD 167768 b","HD 167768",274.2213308,-3.0085807,20.65320000000,0.1512000000,13.90000000,270.15414595,1873.59,2022,"Radial Velocity",0.149000
"TOI-1036 b","TOI-1036",157.8671116,-42.2404483,3.77952125496,,6.28499593,32.50000000,1294.00,2026,"Transit",
"EPIC 212424622 b","EPIC 212424622",202.3313765,-14.3594358,18.09830000000,,2.17000000,5.35000000,,2019,"Transit",
"Kepler-1915 b","Kepler-1915",301.2786852,44.2505116,13.83539963000,0.1140000000,3.21798413,10.40000000,809.00,2021,"Transit",0.000000
"Kepler-1734 b","Kepler-1734",294.1631670,41.4517316,6.79685020400,0.0714000000,3.08851092,9.74000000,985.00,2021,"Transit",0.000000
"Kepler-960 b","Kepler-960",281.4572217,46.7465538,3.12686223000,0.0380700000,2.29000000,5.86000000,1391.00,2016,"Transit",0.000000
"HD 208897 b","HD 208897",329.7490639,19.0201591,358.27000000000,1.0630000000,13.70000000,379.48711796,507.24,2017,"Radial Velocity",0.020000
"Kepler-1386 b","Kepler-1386",280.8233646,42.6360518,6.73972381000,0.0680000000,1.24000000,2.07000000,1011.00,2016,"Transit",0.000000
"Kepler-1921 c","Kepler-1921",300.3161723,45.4953271,3.15722086000,0.0454000000,1.41000000,2.57000000,1791.00,2023,"Transit",0.000000
"Kepler-1225 b","Kepler-1225",290.6332748,40.1369671,7.01075434000,0.0771000000,1.82000000,3.97000000,1453.00,2016,"Transit",0.000000
"Kepler-1708 b","Kepler-1708",296.8241065,43.6248197,737.11310000000,1.6400000000,9.96000000,1462.01067220,245.02,2021,"Transit",0.400000
"HD 96700 b","HD 96700",166.9742616,-30.1751383,8.12450000000,0.0777000000,2.93000000,8.90000000,1089.02,2021,"Radial Velocity",0.138000
"Kepler-208 b","Kepler-208",293.8901979,42.5279413,4.22864000000,0.0540000000,1.63000000,3.29000000,1379.00,2014,"Transit",0.000000
"Kepler-1146 b","Kepler-1146",286.7167120,47.4256580,2.35226579700,0.0325000000,1.23000000,2.04000000,1019.00,2016,"Transit",0.000000
"WASP-100 b","WASP-100",68.9598159,-64.0270390,2.84938000000,0.0457400000,14.90797000,400.46580000,2099.00,2014,"Transit",0.000000
"Kepler-1643 b","Kepler-1643",300.4310076,44.7510129,5.34265700000,0.0531000000,2.32000000,5.99000000,799.00,2016,"Transit",0.000000
"Kepler-215 d","Kepler-215",294.9735313,45.2136867,30.86442300000,0.1850000000,2.39000000,23.60000000,527.00,2014,"Transit",0.000000
"EPIC 212737443 b","EPIC 212737443",204.2215065,-7.3180577,13.60300000000,0.0980000000,2.58600000,7.20000000,536.00,2019,"Transit",0.200000
"TOI-2169 A b","TOI-2169 A",279.1701117,23.2586193,8.21482820000,0.0896000000,12.50922246,329.58805806,1364.00,2025,"Transit",0.045000
"K2-259 b","K2-259",186.8026947,1.5668631,15.48043000000,0.1271000000,2.32000000,5.99000000,795.00,2018,"Transit",
"TOI-5292 A b","TOI-5292 A",344.2223631,-8.1197473,2.02191000000,0.0279000000,12.64373023,412.85910069,809.00,2026,"Transit",0.034000
"Kepler-401 c","Kepler-401",290.0827494,50.8634361,47.31821800000,0.2690000000,2.15000000,5.27000000,598.00,2014,"Transit",0.000000
"Kepler-888 b","Kepler-888",295.5212866,49.7386804,70.69790610000,0.3148100000,1.76000000,3.75000000,417.00,2016,"Transit",0.000000
"Kepler-740 b","Kepler-740",286.4822566,46.6924560,3.58410121600,0.0462000000,4.57000000,18.90000000,1131.00,2016,"Transit",0.000000
"Kepler-1673 b","Kepler-1673",285.6671724,48.7195865,33.78880000000,0.2136300000,2.93551940,8.93000000,611.00,2020,"Transit",0.000000
"Kepler-1322 c","Kepler-1322",293.2045009,45.4353919,6.45998001100,0.0652000000,2.15492527,5.29000000,883.00,2021,"Transit",0.000000
"Kepler-1211 b","Kepler-1211",285.7207618,40.8569116,11.01816836000,0.0976300000,2.55000000,7.04000000,840.00,2016,"Transit",0.000000
"HIP 78530 b","HIP 78530",240.4810052,-21.9804920,,740.0000000000,12.00000000,7300.00000000,2700.00,2010,"Imaging",
"Kepler-48 f","Kepler-48",299.1393094,40.9489390,5219.68185400000,5.7191878770,13.80000000,298.58099680,95.68,2023,"Radial Velocity",0.015283
"Kepler-1750 b","Kepler-1750",292.3514917,48.5110714,205.91200260000,0.6785000000,6.00434637,30.10000000,298.00,2021,"Transit",0.000000
"TOI-4308 b","TOI-4308",327.7530693,-43.5623642,9.15120100000,,2.41890000,6.43000000,763.05,2023,"Transit",
"HD 18015 b","HD 18015",43.3636339,-8.8480392,2278.00000000000,3.8700000000,13.10000000,1048.83374310,242.98,2018,"Radial Velocity",0.148000
"TOI-1798.02","TOI-1798",211.0939367,46.5192825,0.43781182200,0.0107890000,1.46400000,5.60000000,1935.83,2024,"Transit",0.000000
"Kepler-24 b","Kepler-24",290.4132621,38.3437283,8.14000000000,0.0804500000,2.34800000,11.14000000,1050.00,2011,"Transit",0.023000
"Kepler-1875 b","Kepler-1875",296.7727406,50.1883667,34.45859909000,0.2039000000,3.22686692,10.50000000,559.00,2021,"Transit",0.000000
"Kepler-1642 b","Kepler-1642",297.2121215,43.6437890,12.20575130000,0.1016000000,3.20000000,10.30000000,895.00,2016,"Transit",0.000000
"HD 33142 c","HD 33142",76.8980559,-13.9863374,810.20000000000,1.9550000000,13.90000000,282.86728223,353.91,2016,"Radial Velocity",0.081000
"Kepler-864 b","Kepler-864",285.0570943,46.3206074,5.83376092000,0.0687000000,2.40000000,6.35000000,1143.00,2016,"Transit",0.000000
"HD 181720 b","HD 181720",290.7212224,-32.9208401,956.00000000000,1.8500000000,14.00000000,127.13200000,249.06,2009,"Radial Velocity",0.260000
"TOI-6677 b","TOI-6677",290.4719117,-46.8749591,5.45060661625,,5.83507112,28.70000000,334.00,2026,"Transit",
"Kepler-1394 b","Kepler-1394",283.4532068,45.0840729,3.93766373000,0.0547400000,1.39000000,2.51000000,1947.00,2016,"Transit",0.000000
"Kepler-1672 b","Kepler-1672",297.9400971,40.2785566,150.87800000000,0.5537400000,2.97022762,9.11000000,423.00,2020,"Transit",0.000000
"HD 331093 b","HD 331093",295.6200054,31.7395451,621.62000000000,1.4400000000,13.60000000,476.74261050,234.84,2021,"Radial Velocity",0.590000
"Kepler-58 d","Kepler-58",296.3586251,39.1152033,40.10137100000,0.2360000000,2.94000000,245.34300000,583.00,2014,"Transit",0.000000
"Kepler-404 c","Kepler-404",286.3985796,45.3435241,14.75116600000,0.1180000000,1.72000000,3.61000000,678.00,2014,"Transit",0.000000
"Kepler-1254 b","Kepler-1254",285.1733174,48.7700099,9.99113313000,0.0833000000,1.55000000,3.02000000,660.00,2016,"Transit",0.000000
"HD 37124 d","HD 37124",84.2599947,20.7289784,1862.00000000000,2.8070000000,14.00000000,221.20968000,159.79,2005,"Radial Velocity",0.160000
"WASP-3 b","WASP-3",278.6317411,35.6614312,1.84683000000,0.0315000000,15.91678000,772.32690000,2020.00,2007,"Transit",0.000000
"Kepler-1936 b","Kepler-1936",290.7300141,44.8361280,126.55699920000,0.5266200000,3.16615594,10.20000000,524.00,2021,"Transit",0.000000
"Kepler-1615 b","Kepler-1615",286.3592066,42.2273971,47.31261920000,0.2788000000,2.06000000,4.90000000,658.00,2016,"Transit",0.000000
"Kepler-327 d","Kepler-327",292.6422963,44.0876251,13.96945700000,0.0900000000,1.73000000,3.64000000,387.00,2014,"Transit",0.000000
"Kepler-1301 b","Kepler-1301",286.6041816,42.4403309,9.08237046000,0.0815000000,1.40000000,2.54000000,734.00,2016,"Transit",0.000000
"Kepler-784 c","Kepler-784",295.9206663,47.4486164,17.15723600000,0.1309000000,1.55000000,3.02000000,844.00,2023,"Transit",0.000000
"Kepler-1553 b","Kepler-1553",291.9191348,39.0221769,4.24261881000,0.0481000000,1.15000000,1.60000000,926.00,2016,"Transit",0.000000
"Kepler-1862 b","Kepler-1862",296.7533555,49.3780726,16.05730057000,0.1199000000,2.20300000,5.49000000,645.00,2021,"Transit",0.000000
"Kepler-990 b","Kepler-990",297.9381813,46.8813194,9.91723428000,0.0859500000,2.60000000,7.27000000,903.00,2016,"Transit",0.000000
"Kepler-1537 b","Kepler-1537",294.3853917,43.8254461,1.44445379800,0.0245000000,1.18000000,1.76000000,1800.00,2016,"Transit",0.000000
"HATS-28 b","HATS-28",284.3997616,-49.1385126,3.18107810000,0.0413100000,13.38354600,213.58176000,1253.00,2016,"Transit",0.202000
"HR 858 d","HR 858",42.9849779,-30.8140609,11.23051100000,0.1046000000,2.00100000,7.10000000,1061.00,2019,"Transit",0.000000
"TOI-2193 A b","TOI-2193 A",313.6912320,-72.8046404,2.12257350000,0.0331900000,19.83989584,298.75870258,1763.00,2022,"Transit",0.000000
"GJ 9773 b","GJ 9773",333.1502333,8.5503355,2965.00000000000,2.9210000000,14.20000000,172.58082500,59.89,2025,"Radial Velocity",0.218000
"Kepler-1785 b","Kepler-1785",295.7921797,47.6000699,19.58550072000,0.1391700000,2.70422447,7.77000000,666.00,2021,"Transit",0.000000
"Kepler-130 d","Kepler-130",288.4505905,40.2452006,87.51790500000,0.3770000000,1.64000000,3.33000000,451.00,2014,"Transit",0.800000
"HD 13808 c","HD 13808",33.1780708,-53.7437591,53.75300000000,0.2554000000,3.13000000,9.96000000,424.57,2021,"Radial Velocity",0.156000
"Kepler-340 b","Kepler-340",295.9334710,40.3005515,14.84438700000,0.1340000000,2.53000000,6.94000000,1092.00,2014,"Transit",0.000000
"HD 125271 b","HD 125271",216.6474037,-81.4542756,14901.99295000000,10.8170000000,12.40000000,3465.60094993,59.78,2022,"Radial Velocity",0.165000
"Kepler-1085 b","Kepler-1085",287.4776359,46.1411685,219.32175280000,0.7336100000,7.22000000,41.20000000,313.00,2016,"Transit",0.000000
"Kepler-1404 b","Kepler-1404",296.0094827,50.4983929,15.93147390000,0.1143000000,2.01000000,4.70000000,596.00,2016,"Transit",0.000000
"K2-99 c","K2-99",208.7737624,-5.4424943,522.20000000000,1.4300000000,12.60000000,2669.75861880,390.00,2022,"Radial Velocity",0.210000
"TOI-1728 b","TOI-1728",120.6116787,64.7971531,3.49151000000,0.0391000000,5.05000000,26.78000000,767.00,2020,"Transit",0.057000
"HATS-74 A b","HATS-74 A",171.0147921,-19.5569588,1.73185606000,0.0238400000,11.56766808,464.02947422,895.10,2021,"Transit",0.044000
"Kepler-1207 b","Kepler-1207",295.0641963,49.3589615,13.68237119000,0.1156000000,1.62000000,3.26000000,802.00,2016,"Transit",0.000000
"Kepler-1636 b","Kepler-1636",294.0575681,46.4409844,425.47785000000,1.1219100000,3.23000000,10.50000000,248.00,2016,"Transit",0.000000
"Kepler-1267 b","Kepler-1267",299.1695093,43.4410533,13.03139450000,0.1057000000,3.01000000,9.32000000,774.00,2016,"Transit",0.000000
"K2-73 c","K2-73",335.0256620,-9.0560881,1000.00000000000,,13.00000000,1142.00000000,186.10,2025,"Radial Velocity",
"Kepler-1795 b","Kepler-1795",286.4792568,39.2698793,13.36019993000,0.1002000000,1.66301611,3.40000000,520.00,2021,"Transit",0.000000
"K2-285 b","K2-285",349.3843458,1.3001522,3.47174500000,0.0381700000,2.59000000,9.68000000,1088.90,2018,"Transit",0.000000
"WISPIT 1 c","WISPIT 1",117.7985550,-50.1376852,,840.0000000000,12.80000000,1684.49055710,8.21,2025,"Imaging",
"TIC 349520724 b","TIC 349520724",111.2314215,-64.6398433,7.94044635021,,2.82626313,8.38000000,,2026,"Transit",
"LP 714-47 b","LP 714-47",64.1902212,-12.0848643,4.05203200000,0.0405600000,4.25000000,28.38000000,722.80,2020,"Transit",0.022000
"Kepler-963 b","Kepler-963",296.7529742,45.0411049,9.97683705000,0.0849000000,2.66000000,7.56000000,802.00,2016,"Transit",0.000000
"XO-2 S b","XO-2 S",117.0309753,50.2169068,18.22000000000,0.1347000000,10.90000000,82.63538582,706.59,2014,"Radial Velocity",0.150000
"Kepler-1748 b","Kepler-1748",285.9678970,45.7390789,5.82352018400,0.0615000000,2.71275017,7.81000000,955.00,2021,"Transit",0.000000
"Kepler-336 d","Kepler-336",290.2376224,41.3313637,20.67877200000,0.1540000000,2.37000000,6.21000000,749.00,2014,"Transit",0.000000
"Kepler-712 b","Kepler-712",294.9096739,42.9351987,21.02247699000,0.1361500000,3.41000000,11.50000000,521.00,2016,"Transit",0.000000
"TOI-4364 b","TOI-4364",80.0669270,-4.2392481,5.42401900000,0.0475300000,2.01000000,4.70000000,488.00,2025,"Transit",0.290000
"Kepler-247 b","Kepler-247",288.6425609,43.0393769,3.33616000000,0.0420000000,1.64000000,3.33000000,970.00,2014,"Transit",0.000000
"TOI-5628 A b","TOI-5628 A",185.7279551,18.8367047,4.34166120000,0.0368000000,8.29464572,28.60455663,492.00,2026,"Transit",0.000000
"EPIC 201427007 b","EPIC 201427007",184.6021322,-0.5512886,0.72091000000,,1.50000000,2.86000000,,2021,"Transit",
"TOI-2992 b","TOI-2992",164.3165643,-32.3224375,3.00781200000,0.0434000000,13.75341932,1058.36859531,1726.00,2025,"Transit",0.089000
"K2-268 b","K2-268",133.7094899,11.8482712,2.15167600000,0.0308000000,1.50000000,2.86000000,1136.00,2018,"Transit",
"Kepler-1096 b","Kepler-1096",294.7094688,45.9695533,2.89221750600,0.0340000000,1.24000000,2.07000000,794.00,2016,"Transit",0.000000
"TOI-615 b","TOI-615",133.4086892,-40.5437010,4.66159830000,0.0678000000,18.97680433,138.25535705,1666.00,2023,"Transit",0.390000
"HAT-P-28 b","HAT-P-28",13.0009159,34.7284020,3.25721500000,0.0434000000,13.58500000,198.95300000,1384.00,2011,"Transit",0.051000
"Kepler-667 b","Kepler-667",295.5549918,49.0172956,41.43962808000,0.2288000000,4.73000000,20.10000000,516.00,2016,"Transit",0.000000
"Kepler-557 b","Kepler-557",293.7084179,41.6151084,3.70598955100,0.0469000000,2.67000000,7.61000000,1281.00,2016,"Transit",0.000000
"EPIC 206024342 d","EPIC 206024342",331.2771441,-14.1218019,14.64753100000,,2.60000000,7.27000000,,2021,"Transit",
"rho CrB c","rho CrB",240.2600639,33.3001861,102.03600000000,0.4206000000,5.68000000,27.44200000,448.10,2016,"Radial Velocity",0.048000
"Kepler-483 b","Kepler-483",291.6467764,41.8846843,30.22910400000,0.1947100000,3.21000000,10.40000000,755.00,2016,"Transit",0.000000
"HD 73534 b","HD 73534",129.8153421,12.9599703,1750.00000000000,2.9900000000,13.70000000,353.42696000,220.25,2008,"Radial Velocity",0.126000
"HD 35843 b","HD 35843",81.3488924,-44.4312849,9.89910000000,0.0880000000,2.29000000,5.84000000,872.30,2025,"Radial Velocity",0.000000
"Kepler-116 b","Kepler-116",294.7420605,43.5367842,5.96873400000,0.0690000000,3.42000000,11.60000000,1251.00,2014,"Transit",0.000000
"HAT-P-62 b","HAT-P-62",74.5043816,48.3008551,2.64532350000,0.0377200000,12.02723629,241.86741773,1512.00,2021,"Transit",0.101000
"TOI-3896 b","TOI-3896",187.9302395,63.9085462,4.37730369667,,3.14949237,10.10000000,966.00,2026,"Transit",
"Kepler-443 b","Kepler-443",288.6104839,49.9685458,177.66930000000,0.4950000000,2.33000000,6.04000000,233.00,2015,"Transit",0.110000
"TOI-4504 d","TOI-4504",114.4673065,-62.0782776,41.28719750000,0.2219000000,11.26000000,643.00000000,524.80,2024,"Transit Timing Variations",0.293000
"HD 150010 b","HD 150010",247.8670682,72.6125804,562.00000000000,1.4000000000,13.30000000,762.78817680,681.22,2022,"Radial Velocity",0.200000
"Kepler-552 b","Kepler-552",290.7476903,48.2419838,5.26341576500,0.0612000000,3.95000000,14.80000000,1103.00,2016,"Transit",0.000000
"TOI-2719 b","TOI-2719",71.5549449,-0.8048725,3.37594000000,,5.98000000,29.90000000,1710.00,2025,"Transit",
"HD 23596 b","HD 23596",57.0018601,40.5307308,1535.11912000000,2.6940000000,12.40000000,3786.60764100,219.49,2003,"Radial Velocity",0.282000
"K2-347 b","K2-347",126.3726821,23.2974061,7.18725700000,,2.41000000,6.39000000,640.00,2021,"Transit",
"Kepler-812 b","Kepler-812",288.8552821,48.2085170,10.11716531000,0.1024000000,3.55000000,12.30000000,1163.00,2016,"Transit",0.000000
"TOI-2266 b","TOI-2266",245.2800398,31.5770413,2.32631800000,0.0200000000,1.54000000,2.99000000,550.00,2024,"Transit",
"Kepler-1187 b","Kepler-1187",286.8919996,38.3185034,18.87064068000,0.1401000000,2.61000000,7.32000000,701.00,2016,"Transit",0.000000
"Kepler-1547 b","Kepler-1547",283.7640396,42.2220992,0.69297967600,0.0155600000,0.90000000,0.66600000,3186.00,2016,"Transit",0.000000
"Kepler-170 b","Kepler-170",284.5211975,41.6296562,7.93059200000,0.0800000000,3.20000000,82.60000000,899.00,2014,"Transit",0.000000
"GJ 15 A b","GJ 15 A",4.6126677,44.0247296,11.44070000000,0.0720000000,1.55000000,3.03000000,550.00,2014,"Radial Velocity",0.094000
"Kepler-100 b","Kepler-100",291.3861294,41.9901394,6.88734000000,0.0730900000,1.34000000,4.01000000,1155.00,2014,"Transit",0.130000
"Kepler-1258 b","Kepler-1258",285.4049723,49.9948186,0.98494016700,0.0182400000,0.86000000,0.56600000,2335.00,2016,"Transit",0.000000
"NSVS 14256825 b","NSVS 14256825",305.0019460,4.6323715,3225.00000000000,3.1200000000,12.30000000,4497.29450000,473.47,2019,"Eclipse Timing Variations",0.120000
"TOI-1266 b","TOI-1266",197.9965833,65.8336973,10.89450000000,0.0730000000,2.52000000,4.46000000,415.00,2020,"Transit",0.039000
"Kepler-659 b","Kepler-659",287.6081777,47.5096893,17.67179600000,0.1204000000,2.50000000,6.80000000,513.00,2016,"Transit",0.000000
"GJ 27.1 b","GJ 27.1",9.9980016,-44.2541679,15.81900000000,0.1010000000,3.66000000,13.00000000,387.13,2014,"Radial Velocity",0.080000
"TOI-4495 c","TOI-4495",286.3624951,37.0259902,5.18553000000,0.0632300000,4.03000000,23.20000000,1365.00,2024,"Transit",0.023000
"Kepler-798 b","Kepler-798",292.4782785,42.1422821,13.71933369000,0.1174000000,2.39000000,6.30000000,864.00,2016,"Transit",0.000000
"TOI-5082.01","TOI-5082",106.5695780,22.6831477,4.24012200000,0.0512048420,2.54811000,7.03000000,1164.91,2024,"Transit",
"Kepler-364 c","Kepler-364",281.5699998,47.3986233,59.98062700000,0.3120000000,2.15000000,5.27000000,568.00,2014,"Transit",0.000000
"TOI-1260 d","TOI-1260",157.1440712,65.8541986,16.60816400000,0.1116000000,3.12000000,11.84000000,499.00,2022,"Transit",0.000000
"HD 50499 b","HD 50499",103.0080750,-33.9152670,2447.10000000000,3.8330000000,13.50000000,519.96988000,174.69,2005,"Radial Velocity",0.266000
"HD 20794 f","HD 20794",49.9997666,-43.0666533,647.60000000000,1.3541000000,2.28000000,5.82000000,214.52,2025,"Radial Velocity",0.450000
"Kepler-1595 b","Kepler-1595",285.7227502,43.0094855,4.56380468000,0.0510000000,1.23000000,2.04000000,980.00,2016,"Transit",0.000000
"HD 99109 b","HD 99109",171.0715576,-1.5297610,439.29999000000,1.1100000000,14.30000000,139.84520000,239.32,2005,"Radial Velocity",0.090000
"KOI-3503 b","KOI-3503",293.1507654,41.7291532,21.18500000000,0.1424700000,1.19000000,9.20000000,785.00,2021,"Transit",0.000000
"Kepler-526 b","Kepler-526",297.6509281,47.3962246,5.45849831600,0.0651800000,1.99000000,4.62000000,1099.00,2016,"Transit",0.000000
"HD 28109 c","HD 28109",65.2383065,-68.1026875,55.99712000000,0.3080000000,4.13000000,9.20000000,643.00,2022,"Transit",0.003900
"K2-11 b","K2-11",169.0418328,1.9866832,39.93767000000,0.2257000000,7.55000000,44.40000000,734.00,2015,"Transit",
"TOI-5968 b","TOI-5968",349.2675157,31.3539892,9.21504000000,,2.69000000,7.70000000,1180.00,2026,"Transit",0.000000
"TOI-1806 d","TOI-1806",166.1181474,30.4585763,8.19606400000,,2.88000000,8.65000000,378.87,2026,"Transit",0.000000
"TOI-5997 b","TOI-5997",263.1525777,33.5705564,5.65500700000,,1.45000000,2.70000000,730.24,2026,"Transit",0.000000
"TOI-5165 b","TOI-5165",154.2501533,6.8664785,3.57704800000,,3.32000000,11.00000000,870.00,2026,"Transit",0.000000
"TOI-213 b","TOI-213",38.8872913,-71.6242471,23.51990400000,,2.60000000,7.27000000,345.41,2026,"Transit",0.000000
"TOI-248 b","TOI-248",34.6842828,-54.8597252,5.99107230000,,2.37000000,6.21000000,1447.24,2026,"Transit",0.000000
"TOI-435 b","TOI-435",59.4105742,-25.1899379,3.35291900000,,4.03000000,15.30000000,753.66,2026,"Transit",0.000000
"TOI-783 b","TOI-783",172.1556368,-54.7842227,8.11251180000,,2.47000000,6.66000000,611.12,2026,"Transit",0.000000
"TOI-786 b","TOI-786",100.1042147,-63.3391076,12.66940050000,,2.41000000,6.39000000,1172.12,2026,"Transit",0.000000
"TOI-786 c","TOI-786",100.1042147,-63.3391076,38.55409700000,,2.60000000,7.27000000,780.65,2026,"Transit",0.000000
"TOI-797 b","TOI-797",108.5630862,-74.6030949,1.80079489000,,1.21000000,1.92000000,729.35,2026,"Transit",0.000000
"TOI-873 b","TOI-873",56.7366363,-63.3368784,5.93122680000,,1.65000000,3.36000000,518.03,2026,"Transit",0.000000
"TOI-1154 b","TOI-1154",254.9240430,64.6992141,21.74549000000,,2.73000000,7.90000000,642.00,2026,"Transit",0.000000
"TOI-1245 b","TOI-1245",283.5355298,69.6335338,4.82044060000,,2.35000000,6.12000000,572.00,2026,"Transit",0.000000
"TOI-1262 b","TOI-1262",180.7265015,74.0610093,20.87783500000,,2.39000000,6.30000000,572.00,2026,"Transit",0.000000
"TOI-1281 b","TOI-1281",199.4426447,71.7210512,6.39099700000,,2.68000000,7.65000000,1227.00,2026,"Transit",0.000000
"TOI-1432 b","TOI-1432",329.4017920,36.3214040,6.10949270000,,2.39000000,6.30000000,916.00,2026,"Transit",0.000000
"TOI-1435 b","TOI-1435",203.5379464,67.6212303,0.68582390000,,1.08000000,1.28000000,1707.74,2026,"Transit",0.000000
"TOI-1441 b","TOI-1441",305.4129061,58.1408282,22.09295800000,,2.82000000,8.35000000,790.00,2026,"Transit",0.000000
"TOI-1806.01","TOI-1806",166.1181474,30.4585763,15.14546930000,0.0877350440,3.40953670,11.50000000,337.47,2024,"Transit",
"TOI-2238 b","TOI-2238",67.6578076,-70.3549102,3.39046300000,,2.60000000,7.27000000,1464.00,2026,"Transit",0.000000
"TOI-2245 b","TOI-2245",117.2810113,-80.8938857,3.79809080000,,4.89000000,21.20000000,1530.00,2026,"Transit",0.000000
"TOI-2287 b","TOI-2287",222.7507902,85.8953909,11.81204100000,,1.80000000,3.89000000,898.93,2026,"Transit",0.000000
"TOI-2293 b","TOI-2293",115.5933766,70.4040765,6.06831400000,,2.08000000,4.98000000,503.42,2026,"Transit",0.000000
"TOI-2392 b","TOI-2392",83.7837026,-64.1166204,9.16936200000,,2.37000000,6.21000000,2408.58,2026,"Transit",0.000000
"TOI-2426 b","TOI-2426",43.8116980,-20.7812895,4.08120000000,,2.36000000,6.17000000,1226.00,2026,"Transit",0.000000
"TOI-2441 b","TOI-2441",91.4101516,-51.6796138,12.89015500000,,2.73000000,7.90000000,363.40,2026,"Transit",0.000000
"TOI-3585 b","TOI-3585",326.8071379,34.6466270,3.54106960000,,4.26000000,16.80000000,906.00,2026,"Transit",0.000000
"TOI-3851 b","TOI-3851",150.3804032,75.2118975,3.38344500000,,4.76000000,20.30000000,1355.00,2026,"Transit",0.000000
"TOI-4307 b","TOI-4307",81.3274982,-75.6937336,32.69684200000,,1.39000000,2.51000000,614.72,2026,"Transit",0.000000
"TOI-4310 b","TOI-4310",351.9035311,-25.5084621,29.56660200000,,2.97000000,9.11000000,386.96,2026,"Transit",0.000000
"TOI-4443.01","TOI-4443",274.2686643,21.9095459,1.84985670000,0.0299626450,1.71932650,3.60000000,1638.82,2024,"Transit",
"TOI-4443 c","TOI-4443",274.2686643,21.9095459,10.30881700000,,2.22000000,5.56000000,845.67,2026,"Transit",0.000000
"TOI-4499 b","TOI-4499",284.3618873,39.0761839,5.53888000000,,2.14000000,5.22000000,1352.00,2026,"Transit",0.000000
"TOI-4567 b","TOI-4567",128.5065853,-66.7685487,23.54250300000,,2.33000000,6.04000000,1088.33,2026,"Transit",0.000000
"TOI-4724 b","TOI-4724",100.9073254,-10.5841421,3.57610000000,,3.20000000,10.30000000,1314.00,2026,"Transit",0.000000
"TOI-4851 b","TOI-4851",112.2292890,-44.1397720,21.60913000000,,2.77000000,8.10000000,888.00,2026,"Transit",0.000000
"TOI-5289 b","TOI-5289",0.7601042,-7.7864163,3.44105600000,,4.38000000,17.60000000,1197.00,2026,"Transit",0.000000
"TOI-5493 b","TOI-5493",128.6401759,9.0353805,14.56485000000,,2.36000000,6.17000000,663.64,2026,"Transit",0.000000
"TOI-5531 b","TOI-5531",148.4721661,19.5943772,4.53528500000,,1.46000000,2.73000000,1150.36,2026,"Transit",0.000000
"TOI-5543 b","TOI-5543",66.1421717,23.2707819,3.54245760000,,3.78000000,13.70000000,994.02,2026,"Transit",0.000000
"TOI-5730 b","TOI-5730",175.5654299,24.1924943,1.92710700000,,1.40000000,2.54000000,701.47,2026,"Transit",0.000000
"TOI-5739 b","TOI-5739",205.1695358,19.1998592,8.43052400000,,2.33000000,6.04000000,1128.37,2026,"Transit",0.000000
"TOI-5807 b","TOI-5807",308.5672242,43.3606897,14.24184400000,,2.78000000,8.15000000,1027.00,2026,"Transit",0.000000
"TOI-5947 b","TOI-5947",336.6946071,18.5834311,6.93201900000,,2.32000000,5.99000000,873.00,2026,"Transit",0.000000
"TOI-5958 b","TOI-5958",345.6374497,24.2495703,2.30618270000,,1.89000000,4.23000000,1352.73,2026,"Transit",0.000000
"TOI-1806 c","TOI-1806",166.1181474,30.4585763,0.50189340000,,1.32000000,2.30000000,961.20,2026,"Transit",0.000000
"TOI-6098 b","TOI-6098",118.9367947,-48.0417719,2.72985000000,,2.30000000,5.90000000,1048.00,2026,"Transit",0.000000
"TOI-6174 b","TOI-6174",336.4000152,32.5245356,3.52470000000,,7.83000000,47.30000000,1490.00,2026,"Transit",0.000000
"TOI-6310 b","TOI-6310",37.7611169,25.4132904,3.35278300000,,3.11000000,9.85000000,836.00,2026,"Transit",0.000000
"TOI-6434 b","TOI-6434",117.3287324,-11.2423467,2.77791000000,,4.61000000,19.20000000,832.00,2026,"Transit",0.000000
"TOI-6450 b","TOI-6450",134.6086213,-6.3138012,3.60990000000,,7.36000000,42.50000000,981.00,2026,"Transit",0.000000
"TOI-6647 b","TOI-6647",1.2121501,42.8681961,3.99920000000,,3.97000000,14.90000000,1451.00,2026,"Transit",0.000000
"TOI-6662 b","TOI-6662",84.8560007,74.7674107,0.29395013000,,0.94000000,0.77900000,1113.59,2026,"Transit",0.000000
"TOI-6729 c","TOI-6729",45.3103823,-75.2033076,7.83743500000,,3.01000000,9.32000000,1682.59,2026,"Transit",0.000000
"TOI-6729 b","TOI-6729",45.3103823,-75.2033076,3.86382800000,,1.61000000,3.22000000,1479.00,2026,"Transit",0.000000
"NGTS-26 b","NGTS-26",217.6832961,-31.7324526,4.51992790000,0.0490000000,14.88552637,92.80589484,1331.00,2024,"Transit",0.000000
"TOI-7182 b","TOI-7182",359.2621221,9.7846592,14.71272000000,,2.08000000,4.98000000,818.00,2026,"Transit",0.000000
"TOI-7389 b","TOI-7389",255.3362808,56.9881867,26.34536800000,,1.35000000,2.39000000,1093.00,2026,"Transit",0.000000
"TOI-7391 b","TOI-7391",286.4690511,70.6374855,7.41088140000,,1.58000000,3.12000000,433.38,2026,"Transit",0.000000
"TOI-7550 b","TOI-7550",83.0488162,-44.6745698,4.98440700000,,2.90000000,8.75000000,938.34,2026,"Transit",0.000000
"TOI-2540 b","TOI-2540",82.5585484,-42.6979461,12.71873900000,,2.29000000,5.86000000,477.25,2026,"Transit",0.000000
"TOI-4324 b","TOI-4324",145.6464731,-19.2356989,6.25092910000,,1.23000000,2.04000000,438.81,2026,"Transit",0.000000
"TOI-5177 b","TOI-5177",155.0725193,7.2735860,2.20864000000,,1.93000000,4.38000000,2185.00,2026,"Transit",0.000000
"TOI-5696 b","TOI-5696",161.1569248,6.3334749,32.43016000000,,2.59000000,7.22000000,80.00,2026,"Transit",0.000000
"TOI-5961 b","TOI-5961",349.2160437,5.6958866,1.61751050000,,1.38000000,2.48000000,955.76,2026,"Transit",0.000000
"KOI-319 b","KOI-319",290.1174980,44.8729586,46.14827000000,0.2668000000,10.67000000,3178.28407000,703.00,2014,"Transit",0.034000
"TOI-1743 b","TOI-1743",257.7473322,71.8722039,4.26604600000,0.0358900000,1.83000000,4.01000000,485.00,2025,"Transit",
"Kepler-1837 b","Kepler-1837",288.2076012,45.6834463,5.90608978300,0.0650000000,2.06673842,4.92000000,1012.00,2021,"Transit",0.000000
"Kepler-1986 b","Kepler-1986",292.9582727,42.8548909,19.54896660000,0.1307000000,1.89000000,4.23000000,579.00,2023,"Transit",0.000000
"Kepler-696 b","Kepler-696",293.4965906,41.1375635,4.19042557500,0.0535000000,6.14000000,31.30000000,1234.00,2016,"Transit",0.000000
"Kepler-189 c","Kepler-189",287.5646296,44.3050662,20.13486600000,0.1370000000,2.38000000,22.70000000,544.00,2014,"Transit",0.000000
"HD 105618 b","HD 105618",182.4021288,11.2115695,10.02245000000,0.0910000000,5.44000000,25.42627256,1023.19,2022,"Radial Velocity",0.455000
"TOI-1301.01","TOI-1301",275.8625432,71.5817479,6.09640720900,0.0598660000,2.47700000,6.70000000,737.36,2024,"Transit",
"Kepler-1497 b","Kepler-1497",296.1961550,45.6343124,8.74199772000,0.0817000000,1.66000000,3.39000000,924.00,2016,"Transit",0.000000
"EPIC 212624936 b","EPIC 212624936",210.6376171,-10.0236852,0.57865700000,,1.20000000,1.87000000,,2021,"Transit",
"Kepler-194 b","Kepler-194",291.9714290,47.8640498,2.09228100000,0.0320000000,1.51000000,2.89000000,1648.00,2014,"Transit",0.000000
"Kepler-661 b","Kepler-661",283.7107463,47.8631748,6.02930132100,0.0585000000,3.07000000,9.64000000,678.00,2016,"Transit",0.000000
"Kepler-529 c","Kepler-529",285.8884067,47.8803640,12.83450220000,0.1075000000,2.00000000,4.66000000,891.00,2016,"Transit",0.000000
"HAT-P-61 b","HAT-P-61",75.4801665,50.1311784,1.90231289000,0.0301000000,10.07687365,335.94462620,1505.00,2021,"Transit",0.113000
"TOI-2589 b","TOI-2589",107.4881501,-37.2309480,61.62770000000,0.3000000000,12.10569916,1112.39942450,592.00,2023,"Transit",0.522000
"HD 95872 b","HD 95872",165.8658796,-22.0943303,4375.00000000000,5.1500000000,13.00000000,1188.68420000,103.45,2015,"Radial Velocity",0.060000
"Kepler-1412 b","Kepler-1412",292.1801539,49.2024810,3.61460510000,0.0460800000,0.83000000,0.49800000,1397.00,2016,"Transit",0.000000
"Kepler-760 c","Kepler-760",287.5931997,44.1794278,2.46697439000,0.0348900000,1.48000000,2.79000000,1139.00,2016,"Transit",0.000000
"2MASS J0249-0557 c","2MASS J0249-0557 A",42.4851627,-5.9599921,,1950.0000000000,17.37392009,3616.88727166,1723.00,2018,"Imaging",
"TOI-4504 c","TOI-4504",114.4673065,-62.0782776,82.81909300000,0.3593000000,11.17000000,821.00000000,412.50,2024,"Transit",0.049870
"Kepler-1540 b","Kepler-1540",283.3445555,41.2017544,125.41311770000,0.4426000000,2.49000000,6.76000000,266.00,2016,"Transit",0.000000
"TIC 445839811 b","TIC 445839811",200.1188173,48.4072699,11.10862603180,,2.47771211,6.70000000,,2026,"Transit",
"Kepler-225 c","Kepler-225",292.1939846,47.4570808,18.79423400000,0.1110000000,1.84000000,4.04000000,412.00,2014,"Transit",0.000000
"Kepler-180 b","Kepler-180",295.5712566,49.7745140,13.81712400000,0.1090000000,1.50000000,2.86000000,781.00,2014,"Transit",0.000000
"HD 18438 b","HD 18438",46.5318358,79.4185800,803.00000000000,2.1000000000,12.10000000,6674.39654700,1208.15,2023,"Radial Velocity",0.100000
"HD 154088 b","HD 154088",256.1164214,-28.5838342,18.56000000000,0.1340000000,2.46000000,6.60000000,689.99,2021,"Radial Velocity",0.344000
"bet Pic c","bet Pic",86.8212337,-51.0661480,1202.00000000000,2.7000000000,12.50000000,2765.10714090,1250.00,2019,"Radial Velocity",0.307000
"HD 24064 b","HD 24064",59.1510071,74.0800789,535.59998000000,1.2900000000,12.30000000,4096.82870000,1088.02,2015,"Radial Velocity",0.350000
"Kepler-1349 b","Kepler-1349",286.3385562,48.7442697,2.12823928000,0.0342100000,0.70000000,0.27100000,1668.00,2016,"Transit",0.000000
"HD 29399 b","HD 29399",68.3903471,-62.8237576,892.70000000000,1.9130000000,13.50000000,498.99059899,358.32,2022,"Radial Velocity",0.050000
"TOI-4511 b","TOI-4511",49.3052786,15.5017268,10.98090968596,,2.75304932,8.01000000,1542.00,2026,"Transit",
"Kepler-411 e","Kepler-411",287.6057027,49.5233937,31.50972800000,0.1860000000,3.28000000,10.80000000,503.00,2018,"Transit Timing Variations",0.016000
"eps Ind A b","eps Ind A",330.8714021,-56.7969023,25450.00000000000,15.7600000000,12.70000000,2065.88464550,275.00,2019,"Radial Velocity",0.250000
"Kepler-1306 b","Kepler-1306",294.4783627,46.9458638,16.29595382000,0.1230000000,1.91000000,4.31000000,678.00,2016,"Transit",0.000000
"TOI-2200 b","TOI-2200",98.7835071,-72.4567778,2.93602836512,,6.96310517,38.70000000,1147.00,2026,"Transit",
"K2-285 c","K2-285",349.3843458,1.3001522,7.13804800000,0.0824000000,3.53000000,15.68000000,741.40,2018,"Transit",0.000000
"Kepler-345 b","Kepler-345",295.2288521,45.9710432,7.41556300000,0.0660000000,0.74000000,0.48000000,622.00,2014,"Transit",0.000000
"Kepler-539 c","Kepler-539",299.1224639,41.8667953,1000.00000000000,2.4200000000,13.30000000,762.79200000,253.00,2016,"Transit Timing Variations",0.500000
"HD 33844 b","HD 33844",78.1505649,-14.9509775,551.40002000000,1.6000000000,13.40000000,638.83830000,430.22,2015,"Radial Velocity",0.150000
"GJ 317 c","GJ 317",130.2445254,-23.4528090,6500.00000000000,5.0400000000,13.60000000,454.49462201,47.67,2016,"Radial Velocity",0.217000
"Kepler-467 b","Kepler-467",287.3629145,38.6497341,24.99324193000,0.1684800000,2.25000000,5.69000000,712.00,2016,"Transit",0.000000
"Kepler-964 b","Kepler-964",295.3000650,40.5565792,13.52251060000,0.1073000000,2.12000000,5.14000000,652.00,2016,"Transit",0.000000
"TOI-1386 c","TOI-1386",334.5041029,54.3190454,232.00000000000,0.7500000000,10.30000000,75.20000000,327.40,2024,"Radial Velocity",0.380000
"HD 99706 c","HD 99706",172.1261621,43.9662025,1278.00000000000,,12.80000000,1808.45270000,,2016,"Radial Velocity",0.411000
"Kepler-1262 b","Kepler-1262",288.7718287,42.2131694,8.67900242000,0.0830000000,1.82000000,3.97000000,949.00,2016,"Transit",0.000000
"BEBOP-3 b","BEBOP-3",110.9026550,79.1323952,547.00000000000,1.4440000000,14.20000000,177.34825111,287.88,2025,"Radial Velocity",0.247000
"Kepler-1071 b","Kepler-1071",293.0579794,45.2487472,6.17998440000,0.0629000000,2.38000000,6.26000000,814.00,2016,"Transit",0.000000
"Kepler-1515 b","Kepler-1515",290.9739057,48.1782059,214.31141640000,0.7523500000,9.55000000,66.20000000,380.00,2016,"Transit",0.000000
"Kepler-1809 b","Kepler-1809",290.2651662,40.5484937,3.75729990000,0.0444400000,1.51300000,2.90000000,877.00,2021,"Transit",0.000000
"K2-242 b","K2-242",179.8358421,-6.5178542,6.51389000000,0.0494000000,2.54000000,6.99000000,416.00,2018,"Transit",
"TIC 77319217 b","TIC 77319217",71.0406969,-39.8976018,7.54830765124,,3.10879526,9.85000000,,2026,"Transit",
"Kepler-649 b","Kepler-649",285.6558336,45.0794516,29.90722674000,0.1752200000,2.26000000,5.73000000,564.00,2016,"Transit",0.000000
"HAT-P-55 b","HAT-P-55",264.2735096,25.7311468,3.58523130000,0.0462800000,14.84069045,189.42573057,1367.00,2015,"Transit",0.170000
"Kepler-344 c","Kepler-344",292.4996101,46.3243406,125.59680900000,0.4880000000,2.95000000,9.01000000,360.00,2014,"Transit",0.000000
"HIP 65891 b","HIP 65891",202.6050857,-58.6643937,1089.60000000000,2.8200000000,12.70000000,1938.75328270,429.05,2015,"Radial Velocity",0.090000
"GJ 4274 c","GJ 4274",335.7805478,-17.6104078,69.57000000000,0.1860000000,2.83000000,8.39000000,157.32,2026,"Radial Velocity",
"Kepler-1111 b","Kepler-1111",295.4634045,45.8127697,8.79617863000,0.0872000000,2.00000000,4.66000000,938.00,2016,"Transit",0.000000
"Kepler-172 b","Kepler-172",283.3684093,41.8218390,2.94030900000,0.0400000000,2.35000000,6.12000000,1256.00,2014,"Transit",0.000000
"K2-139 b","K2-139",289.0667070,-17.9107147,28.38061900000,0.1796000000,9.11000000,123.00021000,524.00,2017,"Transit",0.120000
"HD 64121 b","HD 64121",117.3651424,-54.8126136,623.00000000000,1.5100000000,13.20000000,813.64072192,464.77,2022,"Radial Velocity",0.110000
"Kepler-902 b","Kepler-902",289.7317067,46.9538750,40.10995470000,0.2230000000,2.54000000,6.99000000,556.00,2016,"Transit",0.000000
"Kepler-894 b","Kepler-894",288.7340513,46.9393630,9.80322400000,0.0916000000,2.78000000,8.15000000,896.00,2016,"Transit",0.000000
"Kepler-1794 b","Kepler-1794",300.6196594,45.7888068,9.76298046100,0.0821000000,1.79426276,3.87000000,703.00,2021,"Transit",0.000000
"TOI-1064 b","TOI-1064",296.0039349,-47.5620305,6.44386800000,0.0615200000,2.58700000,13.50000000,784.00,2022,"Transit",0.047000
"Kepler-884 b","Kepler-884",292.5844328,49.9232012,5.69919514000,0.0611600000,1.23000000,2.04000000,964.00,2016,"Transit",0.000000
"Kepler-1019 b","Kepler-1019",283.7175909,47.2043818,1.41122984700,0.0221000000,1.46000000,2.73000000,1164.00,2016,"Transit",0.000000
"WASP-28 b","WASP-28",353.6162694,-1.5799849,3.40883495000,0.0442000000,13.66374747,282.54945382,1456.00,2014,"Transit",0.000000
"GJ 3341 b","GJ 3341",78.9471415,-31.2948458,14.20700000000,0.0890000000,2.46000000,6.60000000,377.62,2015,"Radial Velocity",0.310000
"TOI-4552 b","TOI-4552",264.7142556,-47.6370457,0.30110032000,0.0056255000,1.11000000,1.83000000,1122.00,2026,"Transit",0.000000
"GJ 1289 b","GJ 1289",355.7813464,36.5363314,111.74000000000,0.2700000000,2.38000000,6.27000000,150.00,2024,"Radial Velocity",0.000000
"Kepler-555 b","Kepler-555",285.5168720,38.9324587,16.21775407000,0.1201000000,2.83000000,8.40000000,664.00,2016,"Transit",0.000000
"Kepler-683 b","Kepler-683",291.4399598,37.9056293,2.53918317900,0.0355000000,1.97000000,4.54000000,1332.00,2016,"Transit",0.000000
"HATS-10 b","HATS-10",294.3068385,-22.2044872,3.31284600000,0.0449100000,10.86152100,167.17858000,1407.00,2015,"Transit",0.501000
"Kepler-1977 b","Kepler-1977",290.6178587,37.2891002,4.53702121000,0.0486000000,1.66000000,3.39000000,798.00,2023,"Transit",0.000000
"Kepler-715 b","Kepler-715",283.6307971,43.3793638,10.00652995000,0.0933000000,3.75000000,13.50000000,876.00,2016,"Transit",0.000000
"TOI-1694 b","TOI-1694",97.7487104,66.3605956,3.77013890000,0.0445000000,5.27000000,28.24000000,1037.00,2023,"Transit",0.122000
"Kepler-164 d","Kepler-164",287.7808115,47.6298453,28.98676900000,0.1870000000,2.45000000,6.57000000,637.00,2014,"Transit",0.000000
"Kepler-786 b","Kepler-786",293.7439223,38.9392217,53.52934870000,0.2548300000,2.43000000,6.48000000,348.00,2016,"Transit",0.000000
"TOI-3785 b","TOI-3785",130.9002258,63.0780768,4.67473730000,0.0430000000,5.14000000,14.95000000,582.00,2023,"Transit",0.110000
"WASP-145 A b","WASP-145 A",322.2537644,-58.8361466,1.76903810000,0.0261000000,10.08810000,282.86870000,1200.00,2018,"Transit",0.000000
"WASP-136 b","WASP-136",0.3257610,-8.9262512,5.21536178778,0.0661000000,16.81347105,479.92089457,1630.00,2016,"Transit",0.000000
"HATS-12 b","HATS-12",289.2024020,-19.3559227,3.14270200000,0.0441000000,7.76000000,759.61370000,1446.00,2016,"Transit",0.085000
"HD 98736 b","HD 98736",170.4549045,18.1896082,968.80000000000,1.8640000000,13.30000000,740.54390000,179.53,2018,"Radial Velocity",0.226000
"Kepler-1136 b","Kepler-1136",284.1078441,44.2458047,2.36172432900,0.0299000000,1.64000000,3.33000000,922.00,2016,"Transit",0.000000
"GJ 667 C f","GJ 667 C",259.7510609,-34.9977651,39.02600000000,0.1560000000,1.45000000,2.70000000,,2013,"Radial Velocity",0.030000
"Kepler-635 b","Kepler-635",289.7732613,40.8007019,23.44971004000,0.1833200000,2.64000000,7.46000000,802.00,2016,"Transit",0.000000
"TOI-1279 b","TOI-1279",185.0628734,56.2014094,9.61419000000,0.0850000000,2.66146528,10.60000000,759.00,2024,"Transit",0.000000
"Kepler-468 b","Kepler-468",288.9022829,49.3704079,38.47875706700,0.2213000000,13.34000000,,484.00,2016,"Transit",0.000000
"DE CVn b","DE CVn",201.7207198,45.5455449,4098.10000000000,5.7500000000,12.40000000,3823.27330161,46.91,2018,"Eclipse Timing Variations",0.000000
"TOI-682.01","TOI-682",167.8854300,-22.0727803,6.83923880000,,3.74186000,13.50000000,1090.00,2021,"Transit",
"USco CTIO 108 b","USco CTIO 108",241.4752653,-18.3124167,,670.0000000000,12.30000000,4449.62000000,2.96,2008,"Imaging",
"Kepler-1496 b","Kepler-1496",293.9739359,45.3507167,64.65880170000,0.3211000000,2.22000000,5.56000000,535.00,2016,"Transit",0.000000
"HD 102272 b","HD 102272",176.5980316,14.1240201,127.58000000000,0.5100000000,12.90000000,1570.08020000,1038.01,2008,"Radial Velocity",0.050000
"Kepler-366 c","Kepler-366",296.8520316,49.0844359,12.51616000000,0.1100000000,1.79000000,3.86000000,848.00,2014,"Transit",0.000000
"KOI-2513.01","KOI-2513",293.6688776,46.3792321,19.00547000000,0.5000000000,2.80224517,7310.05336100,758.00,2023,"Transit",0.360000
"Kepler-537 b","Kepler-537",289.8805804,51.2769907,3.24755521900,0.0431700000,1.41000000,2.57000000,1181.00,2016,"Transit",0.000000
"GJ 3323 b","GJ 3323",75.4868824,-6.9485133,5.36360000000,0.0328200000,1.23000000,2.02000000,290.06,2017,"Radial Velocity",0.230000
"TOI-4495 b","TOI-4495",286.3624951,37.0259902,2.56699000000,0.0395700000,2.48300000,7.70000000,1735.00,2026,"Transit",0.078000
"Kepler-1761 b","Kepler-1761",284.1329728,49.1426325,4.04354000100,0.0413000000,1.39109603,2.51000000,613.00,2021,"Transit",0.000000
"NGTS-6 b","NGTS-6",75.7953820,-30.3994612,0.88205900000,0.0167700000,14.86313400,425.57437000,1283.90,2019,"Transit",0.000000
"Kepler-920 c","Kepler-920",284.2969363,49.1585983,100.82741130000,0.4029000000,3.80000000,13.80000000,364.00,2016,"Transit",0.000000
"Kepler-818 b","Kepler-818",296.2351072,39.3702865,10.03538581400,0.0886000000,5.11000000,22.90000000,786.00,2016,"Transit",0.000000
"Kepler-139 c","Kepler-139",282.3919451,43.8894167,157.07287800000,0.5860000000,3.38000000,13.00000000,350.00,2014,"Transit",0.000000
"Kepler-959 b","Kepler-959",292.1711850,40.8113849,14.80074836000,0.1633000000,4.38000000,17.60000000,1912.00,2016,"Transit",0.000000
"BD-210397 c","BD-210397",33.3024198,-21.1962147,6240.00000000000,5.9000000000,12.90000000,1525.57635360,69.51,2023,"Radial Velocity",0.430000
"Kepler-1436 b","Kepler-1436",297.7115530,46.7679816,9.70571600000,0.0907000000,1.31000000,2.27000000,1001.00,2016,"Transit",0.000000
"HU Aqr AB c","HU Aqr",316.9921976,-5.2948694,4368.00000000000,5.4000000000,12.90000000,1430.23500000,,2011,"Eclipse Timing Variations",0.510000
"Kepler-1597 b","Kepler-1597",288.1639687,42.4810124,2.94654179000,0.0413600000,1.06000000,1.20000000,1497.00,2016,"Transit",0.000000
"WASP-83 b","WASP-83",190.1519558,-19.2843527,4.97125200000,0.0590000000,11.65736000,95.34900000,1120.00,2015,"Transit",0.000000
"HD 116029 c","HD 116029",200.1646905,24.6484725,907.00000000000,,13.70000000,403.64410000,,2016,"Radial Velocity",0.038000
"Kepler-282 e","Kepler-282",284.6772402,44.7976401,44.34700000000,0.2333200000,3.10000000,56.20000000,484.00,2013,"Transit",0.000000
"XO-2 S c","XO-2 S",117.0309753,50.2169068,120.05900000000,0.4737000000,13.60000000,438.60320166,376.79,2014,"Radial Velocity",0.149000
"Kepler-850 b","Kepler-850",293.0844515,48.5753645,7.19303878000,0.0744000000,1.78000000,3.82000000,995.00,2016,"Transit",0.000000
"Kepler-65 d","Kepler-65",288.6887221,41.1511076,8.13123000000,0.0840000000,1.52000000,4.14000000,1117.00,2012,"Transit",0.014000
"Kepler-1090 b","Kepler-1090",295.6629002,44.5258237,198.68017900000,0.6332300000,2.25000000,5.69000000,297.00,2016,"Transit",0.000000
"TOI-715 b","TOI-715",113.8523276,-73.5774089,19.28800400000,0.0830000000,1.55000000,3.02000000,234.00,2023,"Transit",
"GJ 393 b","GJ 393",157.2288672,0.8378485,7.02679000000,0.0540200000,1.17000000,1.71000000,485.00,2021,"Radial Velocity",
"Kepler-1680 b","Kepler-1680",297.0746571,39.9338893,8.77424000000,0.0764200000,1.35954736,2.42000000,771.00,2020,"Transit",0.000000
"Gaia-2 b","Gaia-2",110.7353308,67.2526565,3.69152240000,0.0467000000,14.81827249,259.66580852,1213.23,2022,"Transit",
"WASP-124 b","WASP-124",332.7143373,-30.7497189,3.37265000000,0.0449000000,13.89916000,190.69800000,1400.00,2016,"Transit",0.017000
"TOI-1439 b","TOI-1439",241.7639371,67.8776404,27.64400000000,0.1920000000,4.24278610,38.50000000,748.40,2024,"Transit",0.157000
"GJ 1061 c","GJ 1061",54.0032486,-44.5143104,6.68210000000,0.0342000000,1.19000000,1.81000000,304.12,2020,"Radial Velocity",0.020000
"K2-50 b","K2-50",169.4836540,5.9882890,8.75290000000,0.0705000000,1.59000000,3.15000000,580.53,2016,"Transit",
"Kepler-23 b","Kepler-23",294.2189131,49.4792536,7.10000000000,0.0721200000,1.63800000,2.56000000,1157.00,2011,"Transit",0.017000
"Kepler-257 b","Kepler-257",297.3159994,46.0232642,2.38266700000,0.0340000000,2.61000000,7.32000000,1237.00,2014,"Transit",0.000000
"TOI-1736 c","TOI-1736",43.4344615,69.1013450,571.25000000000,1.3700000000,12.50000000,2800.00000000,249.00,2023,"Radial Velocity",0.368500
"Kepler-310 d","Kepler-310",288.8392780,46.9867472,92.87612500000,0.3920000000,2.47000000,7.00000000,353.00,2014,"Transit",0.000000
"WASP-192 b","WASP-192",223.6587187,-38.7445469,2.87867650000,0.0408000000,13.78707000,731.00900000,1620.00,2019,"Transit",0.000000
"Kepler-184 b","Kepler-184",291.9518784,43.0746172,10.68757600000,0.0920000000,2.36000000,6.17000000,780.00,2014,"Transit",0.000000
"Kepler-1744 b","Kepler-1744",291.0206823,42.4624633,37.10110092000,0.2094500000,3.76754004,13.60000000,532.00,2021,"Transit",0.000000
"Kepler-1107 b","Kepler-1107",291.0499340,39.1416740,0.57103851800,0.0128500000,1.34000000,2.36000000,1897.00,2016,"Transit",0.000000
"Kepler-40 b","Kepler-40",296.8136883,47.5265446,6.87349000000,0.0800000000,13.11000000,699.20000000,1620.00,2010,"Transit",0.000000
"TOI-908 b","TOI-908",53.1594266,-81.2507450,3.18379200000,0.0416570000,3.18600000,16.13700000,1317.00,2023,"Transit",0.132000
"Kepler-851 b","Kepler-851",294.6802199,49.1401106,8.50699658000,0.0802000000,1.68000000,3.46000000,900.00,2016,"Transit",0.000000
"HD 99492 c","HD 99492",171.6896870,3.0071331,95.23300000000,,4.42000000,17.90000000,,2023,"Radial Velocity",0.063000
"G 264-012 c","G 264-012",326.6719598,66.8038480,8.05180000000,0.0525000000,1.76000000,3.75000000,387.00,2021,"Radial Velocity",
"Kepler-827 b","Kepler-827",294.9660027,42.7085608,51.92927591000,0.2742000000,5.63000000,27.00000000,574.00,2016,"Transit",0.000000
"Kepler-228 c","Kepler-228",296.2860853,48.2246328,4.13444400000,0.0520000000,2.70000000,7.75000000,1160.00,2014,"Transit",0.000000
"K2-346 b","K2-346",125.9864854,22.6632260,26.20144600000,,2.26000000,5.73000000,450.00,2021,"Transit",
"Kepler-77 b","Kepler-77",289.6079433,44.3454347,3.57878087000,0.0450100000,10.76100000,136.66100000,1440.00,2013,"Transit",0.000000
"Kepler-1509 b","Kepler-1509",283.7977792,46.9310139,25.43381970000,0.1707000000,1.85000000,4.08000000,667.00,2016,"Transit",0.000000
"GJ 581 b","GJ 581",229.8564725,-7.7226935,5.36860000000,0.0399000000,4.79000000,20.50000000,464.32,2005,"Radial Velocity",0.034200
"K2-403 b","K2-403",164.1893864,9.6739464,33.58997900000,,5.33300000,24.60000000,949.00,2022,"Transit",
"HD 43691 b","HD 43691",94.8946124,41.0920773,36.99870000000,0.2380000000,13.20000000,810.46650000,761.79,2007,"Radial Velocity",0.079600
"Kepler-1574 b","Kepler-1574",292.1586689,49.6377914,6.94243340000,0.0743000000,1.29000000,2.21000000,1003.00,2016,"Transit",0.000000
"Kepler-238 f","Kepler-238",287.8971066,40.6378141,50.44700000000,0.2863500000,2.00000000,13.50000000,568.00,2013,"Transit",0.000000
"K2-253 b","K2-253",186.0853062,-6.3789537,4.00167000000,0.0506000000,12.67000000,,1238.00,2018,"Transit",
"Kepler-1290 b","Kepler-1290",290.6852287,43.8596155,4.69500134000,0.0557000000,1.42000000,2.60000000,1098.00,2016,"Transit",0.000000
"Kepler-68 d","Kepler-68",291.0323102,49.0402129,632.62000000000,1.4690000000,13.90000000,267.00000000,260.75,2013,"Radial Velocity",0.102000
"Kepler-218 b","Kepler-218",295.4128785,46.2665801,3.61933700000,0.0460000000,1.48000000,2.79000000,1156.00,2014,"Transit",0.000000
"Kepler-645 b","Kepler-645",290.3227098,44.0358625,3.27582262100,0.0454100000,2.10000000,5.06000000,1730.00,2016,"Transit",0.000000
"TOI-1450 A b","TOI-1450 A",286.8540627,59.0866254,2.04392740000,,1.13000000,1.25800000,722.00,2024,"Transit",
"HD 206610 b","HD 206610",325.8537599,-7.4082451,673.20000000000,1.7400000000,13.40000000,647.10188000,437.88,2009,"Radial Velocity",0.100000
"Kepler-99 b","Kepler-99",297.3539994,41.3000452,4.60358000000,0.0507100000,1.48000000,6.15000000,810.00,2014,"Transit",0.000000
"Kepler-1010 b","Kepler-1010",289.1926026,44.1493165,34.26857050000,0.1930000000,2.32000000,5.99000000,477.00,2016,"Transit",0.000000
"Kepler-687 b","Kepler-687",289.3154576,39.1532911,20.50586978000,0.1326000000,3.52000000,12.20000000,518.00,2016,"Transit",0.000000
"Kepler-1855 b","Kepler-1855",283.4018628,41.5161554,0.72733098300,0.0115000000,1.21620500,1.96000000,849.00,2021,"Transit",0.000000
"UCAC4 328-061594 b","UCAC4 328-061594",152.6991091,-24.4532674,,19000.0000000000,12.10000000,6674.39654700,,2024,"Imaging",
"Kepler-1363 b","Kepler-1363",296.9964872,49.2563228,2.94194094000,0.0363000000,1.25000000,2.10000000,988.00,2016,"Transit",0.000000
"Kepler-296 b","Kepler-296",286.5400278,49.4372614,10.86438400000,0.0790000000,1.61000000,3.22000000,495.00,2014,"Transit",0.330000
"BD+48 738 b","BD+48 738",40.7102869,49.5869395,392.60000000000,1.0000000000,13.90000000,289.22530000,705.93,2011,"Radial Velocity",0.200000
"HR 8799 c","HR 8799",346.8701486,21.1340376,69000.00000000000,38.0000000000,13.00000000,3000.00000000,1200.00,2008,"Imaging",0.500000
"Kepler-1773 b","Kepler-1773",286.2232284,38.2581676,40.80970001000,0.2483100000,3.50469499,12.10000000,623.00,2021,"Transit",0.000000
"Kepler-989 b","Kepler-989",281.5827983,47.2334674,7.96431535200,0.0734000000,2.21000000,5.52000000,805.00,2016,"Transit",0.000000
"Kepler-1508 b","Kepler-1508",298.1188802,40.3750316,20.70565040000,0.1629000000,1.33000000,2.33000000,967.00,2016,"Transit",0.000000
"TOI-7041 b","TOI-7041",357.8021716,-50.8698618,9.69100000000,,11.43316031,114.41822652,882.37,2025,"Transit",0.040000
"K2-37 c","K2-37",243.4509662,-24.7870527,6.42966000000,0.0653400000,2.41000000,6.39000000,839.00,2016,"Transit",
"2MASS J19383260+4603591 b","2MASS J19383260+4603591",294.6359173,46.0664076,406.00000000000,0.9200000000,13.40000000,603.87700000,669.65,2015,"Eclipse Timing Variations",0.330000
"TOI-1260 b","TOI-1260",157.1440712,65.8541986,3.12746300000,0.0367000000,2.41000000,8.56000000,871.00,2021,"Transit",0.000000
"HIP 39330 b","HIP 39330",120.6116831,-46.3353155,4650.00000000000,5.0500000000,13.50000000,530.77343969,125.05,2026,"Radial Velocity",0.078000
"Kepler-52 c","Kepler-52",286.7380152,49.9757383,16.38500210000,0.1037900000,1.84000000,45.40000000,433.00,2012,"Transit",0.012000
"Kepler-1637 b","Kepler-1637",282.2368006,48.1542016,6.10960324000,0.0596000000,0.89000000,0.64000000,1093.00,2016,"Transit",0.000000
"Kepler-1990 b","Kepler-1990",299.7047433,44.4357068,1.73513619000,0.0286000000,3.27000000,10.70000000,1554.00,2023,"Transit",0.000000
"GJ 9714 b","GJ 9714",315.4141767,-32.5250028,19240.75467000000,12.3190000000,12.50000000,2988.54051102,47.68,2022,"Radial Velocity",0.155000
"Kepler-312 b","Kepler-312",298.3957687,42.4597712,1.77241900000,0.0310000000,1.29000000,2.21000000,1685.00,2014,"Transit",0.000000
"Kepler-1671 b","Kepler-1671",291.7484295,39.4467817,4.16787000000,0.0494600000,1.32557381,2.32000000,962.00,2020,"Transit",0.000000
"Kepler-466 b","Kepler-466",295.6486585,48.4955191,51.07926307000,0.2676900000,2.85000000,8.50000000,503.00,2016,"Transit",0.000000
"UZ For c","UZ For",53.8694682,-25.7393857,1916.25000000000,2.8000000000,,2447.20000000,,2011,"Eclipse Timing Variations",0.050000
"HD 63765 b","HD 63765",116.9582617,-54.2653450,358.00000000000,0.9400000000,14.20000000,168.44990000,246.90,2011,"Radial Velocity",0.240000
"TOI-7008 b","TOI-7008",216.9882531,79.4503960,0.84069041367,,4.94735276,21.70000000,1783.00,2026,"Transit",
"Kepler-1038 c","Kepler-1038",298.9721472,44.1323499,7.12765979800,0.0692000000,1.41623380,2.59000000,784.00,2021,"Transit",0.000000
"TOI-3877 b","TOI-3877",170.4544727,33.9913822,4.12359600000,0.0529000000,11.67975789,99.79811980,1445.00,2025,"Transit",0.220000
"Kepler-1699 b","Kepler-1699",292.1373281,48.9171579,3.49082000000,0.0418000000,1.56671124,3.08000000,1010.00,2020,"Transit",0.000000
"HD 143105 b","HD 143105",238.4023547,68.7199779,2.19740000000,0.0379000000,13.70000000,384.57430000,2028.25,2016,"Radial Velocity",0.070000
"HD 191939 e","HD 191939",302.0256247,66.8503014,101.12000000000,0.4070000000,13.00000000,112.20000000,390.00,2022,"Radial Velocity",0.031000
"Kepler-1569 b","Kepler-1569",292.2046748,37.2212065,5.79180156000,0.0666900000,1.68000000,3.46000000,1222.00,2016,"Transit",0.000000
"Kepler-859 b","Kepler-859",286.7418337,43.1901197,20.38177573000,0.1315700000,3.09000000,9.75000000,528.00,2016,"Transit",0.000000
"HD 83443 b","HD 83443",144.2994103,-43.2727210,2.98562800000,0.0406000000,14.10000000,127.76701961,1262.68,2002,"Radial Velocity",0.012000
"Kepler-106 b","Kepler-106",300.8640060,44.3375497,6.16486000000,0.0649100000,0.82000000,5.30000000,1021.00,2014,"Transit",0.000000
"Kepler-834 b","Kepler-834",287.0544674,45.1803351,13.32388301000,0.0862000000,2.02000000,4.74000000,378.00,2016,"Transit",0.000000
"K2-249 b","K2-249",183.3667344,-8.9952309,12.40900000000,0.1151000000,2.79000000,8.20000000,1061.00,2018,"Transit",
"Kepler-454 c","Kepler-454",287.4786474,38.2290751,524.19000000000,1.2870000000,12.90000000,1433.40611557,249.58,2015,"Radial Velocity",0.005300
"HD 33283 b","HD 33283",77.0044889,-26.7976689,18.19910000000,0.1508000000,12.50000000,104.56607000,1034.40,2006,"Radial Velocity",0.399000
"Kepler-169 e","Kepler-169",285.9999204,40.9193822,13.76710200000,0.1050000000,2.20000000,5.48000000,595.00,2014,"Transit",0.000000
"GJ 536 b","GJ 536",210.2597264,-2.6522901,8.70874000000,0.0668000000,2.41000000,6.37000000,451.00,2016,"Radial Velocity",0.000000
"Kepler-37 e","Kepler-37",284.0592503,44.5183733,51.19600000000,0.2500000000,0.37000000,8.10000000,401.00,2014,"Transit",0.000000
"Kepler-37 b","Kepler-37",284.0592503,44.5183733,13.36702000000,0.1019000000,0.30980000,0.79000000,718.00,2013,"Transit",0.098000
"TOI-2236 b","TOI-2236",20.1660113,-86.9799650,3.53159020000,0.0500900000,14.36991326,502.16888306,1688.00,2022,"Transit",0.000000
"HD 159868 c","HD 159868",264.7466665,-43.1462347,351.00000000000,1.0320000000,14.00000000,244.09344000,383.37,2012,"Radial Velocity",0.184000
"Kepler-1665 b","Kepler-1665",290.3962400,41.0399229,11.95480000000,0.0960000000,2.83910787,8.44000000,906.00,2020,"Transit",0.000000
"HIP 111909 b","HIP 111909",340.0304354,-49.5985391,487.08000000000,1.3200000000,13.70000000,384.57237247,436.91,2025,"Radial Velocity",
"Kepler-1125 b","Kepler-1125",295.4812018,40.7319316,17.67006420000,0.1348000000,1.84000000,4.04000000,778.00,2016,"Transit",0.000000
"Kepler-384 b","Kepler-384",286.0261113,44.7828571,22.59705300000,0.1480000000,1.12000000,1.46000000,670.00,2014,"Transit",0.000000
"HD 37605 b","HD 37605",85.0074276,6.0595116,55.01292000000,0.2770000000,13.20000000,854.96270000,465.76,2004,"Radial Velocity",0.674500
"Kepler-1618 b","Kepler-1618",295.1753619,45.9308594,6.10826019000,0.0710900000,1.26000000,2.13000000,1267.00,2016,"Transit",0.000000
"Kepler-352 d","Kepler-352",299.8966237,46.0519022,6.88727998700,0.0657400000,0.80628032,0.44900000,788.00,2021,"Transit",0.000000
"K2-148 c","K2-148",14.5176494,-0.1932580,6.92260000000,0.0616000000,1.73000000,3.64000000,630.02,2018,"Transit",
"NGTS-9 b","NGTS-9",141.9206435,-19.3476477,4.43527000000,0.0580000000,11.99363000,921.70700000,1448.00,2019,"Transit",0.060000
"Kepler-584 b","Kepler-584",288.2306150,42.4136181,35.18103040000,0.2281000000,4.21000000,16.50000000,664.00,2016,"Transit",0.000000
"Kepler-92 b","Kepler-92",289.0860607,41.5630224,13.74900000000,0.1223200000,3.51000000,64.30000000,975.00,2013,"Transit",0.170000
"TOI-277 b","TOI-277",19.0766985,-20.9532772,3.99400000000,0.0269000000,2.65000000,7.51000000,587.92,2022,"Transit",
"EPIC 212297394 b","EPIC 212297394",207.2061241,-17.6098985,2.28936300000,,1.48000000,2.79000000,1149.00,2019,"Transit",
"TIC 67686059 b","TIC 67686059",19.8843370,-35.2930148,3.52163529551,,2.59125922,7.23000000,,2026,"Transit",
"K2-270 b","K2-270",131.2665588,13.5497322,1.54306900000,0.0247000000,1.38000000,2.48000000,1203.00,2018,"Transit",
"TIC 160113658 b","TIC 160113658",59.4555606,-41.6320332,6.72952262077,,3.49015778,12.00000000,,2026,"Transit",
"Kepler-533 b","Kepler-533",293.6856893,48.8249915,28.51120525000,0.1670400000,3.38000000,11.40000000,423.00,2016,"Transit",0.000000
"VHS J125601.92-125723.9 b","VHS J125601.92-125723.9",194.0089640,-12.9560310,5800000.00000000000,350.0000000000,13.67495645,5085.25451200,1194.00,2015,"Imaging",0.680000
"HD 23079 c","HD 23079",54.9281897,-52.9162344,5.74891300000,,2.80000000,8.26000000,,2025,"Radial Velocity",0.097000
"Kepler-55 e","Kepler-55",285.1683291,44.0264898,4.61753400000,0.0480000000,1.55000000,3.02000000,728.00,2014,"Transit",0.000000
"GJ 887 b","GJ 887",346.5027573,-35.8473489,9.26190000000,0.0683000000,1.80000000,3.90000000,426.00,2020,"Radial Velocity",0.140000
"Kepler-1467 b","Kepler-1467",295.0485389,45.3426781,47.05690430000,0.2388000000,3.30000000,10.90000000,411.00,2016,"Transit",0.000000
"Kepler-199 c","Kepler-199",295.5594278,40.2362490,67.09340800000,0.3160000000,3.25000000,10.60000000,420.00,2014,"Transit",0.000000
"HD 222076 b","HD 222076",354.5319820,-70.9032461,871.00000000000,1.8300000000,13.50000000,495.81480000,346.88,2016,"Radial Velocity",0.080000
"Kepler-282 b","Kepler-282",284.6772402,44.7976401,9.22052400000,0.0820000000,1.01000000,1.01000000,817.00,2014,"Transit",0.000000
"K2-388 b","K2-388",352.7139342,-11.0773564,6.33932000000,,3.90000000,14.50000000,874.00,2022,"Transit",
"TOI-1224 b","TOI-1224",37.1978356,-80.8991053,4.17827450000,0.0355000000,2.10400000,5.08000000,541.00,2024,"Transit",
"Kepler-623 b","Kepler-623",296.9867284,47.4773531,9.07097734000,0.0854000000,3.01000000,9.32000000,825.00,2016,"Transit",0.000000
"WASP-176 b","WASP-176",313.6872928,9.1790688,3.89905200000,0.0535000000,16.86954500,271.74465000,1721.00,2020,"Transit",0.000000
"Kepler-363 d","Kepler-363",283.1920779,41.3054172,11.93212500000,0.1070000000,2.05000000,4.86000000,905.00,2014,"Transit",0.000000
"HD 4917 b","HD 4917",12.7762624,-12.9276648,400.50000000000,1.1670000000,13.50000000,513.29545000,479.78,2018,"Radial Velocity",0.066000
"KOBE-1 c","KOBE-1",19.1660378,25.3310358,29.67100000000,0.1607100000,3.56000000,12.40000000,392.50,2025,"Radial Velocity",0.000000
"Kepler-970 b","Kepler-970",289.6252192,40.7087351,16.73652500000,0.1390000000,2.60900000,7.31000000,464.00,2016,"Transit",0.340000
"HAT-P-70 b","HAT-P-70",74.5523332,9.9979794,2.74432452000,0.0473900000,20.96083000,2154.88740000,2562.00,2019,"Transit",0.000000
"Kepler-943 b","Kepler-943",284.2739322,41.5349809,49.77014380000,0.2559000000,5.93000000,29.50000000,455.00,2016,"Transit",0.000000
"Kepler-10 b","Kepler-10",285.6792980,50.2414842,0.83749070000,0.0168500000,1.47000000,3.24000000,2188.00,2011,"Transit",0.000000
"Kepler-271 d","Kepler-271",283.0029316,44.2841080,5.24972541000,0.0555400000,0.66000000,0.21900000,954.00,2016,"Transit",0.000000
"TOI-1233.01","HD 108236",186.5740627,-51.3630519,14.17568500000,0.1074000000,2.53900000,6.98000000,708.00,2021,"Transit",0.055000
"HD 221585 b","HD 221585",353.2293802,63.1556146,1173.00000000000,2.3060000000,13.50000000,511.70630000,242.77,2016,"Radial Velocity",0.123000
"TIC 18942729 b","TIC 18942729",119.2150697,16.6772341,0.99817838064,,2.00021315,4.66000000,,2026,"Transit",
"HD 22496 b","HD 22496",53.7565398,-48.4178173,5.09071000000,0.0510000000,2.22000000,5.57000000,573.00,2021,"Radial Velocity",
"Kepler-1640 b","Kepler-1640",294.5577857,40.8504949,7.58441260000,0.0836000000,4.82000000,20.70000000,1228.00,2016,"Transit",0.000000
"Kepler-589 c","Kepler-589",280.6414331,47.7520581,3.52466011000,0.0426000000,1.11727238,1.45000000,1098.00,2021,"Transit",0.000000
"Kepler-647 b","Kepler-647",284.7882977,44.5916225,16.22546490000,0.1223700000,1.17000000,1.71000000,788.00,2016,"Transit",0.000000
"Gaia-1 b","Gaia-1",90.6436658,-0.5771099,3.05252400000,0.0404700000,13.77583728,533.95172376,1159.07,2022,"Transit",
"Kepler-1527 b","Kepler-1527",297.4144457,46.0608077,160.12991800000,0.6276000000,4.77000000,20.40000000,450.00,2016,"Transit",0.000000
"Kepler-1980 b","Kepler-1980",295.1672065,38.6370390,33.02571790000,0.2049000000,2.21000000,5.52000000,564.00,2023,"Transit",0.000000
"TOI-122 b","TOI-122",332.9482355,-58.9460850,5.07803000000,0.0392000000,2.72000000,7.85000000,471.00,2020,"Transit",0.000000
"HATS-52 b","HATS-52",140.0875894,-31.2692116,1.36665436000,0.0249800000,15.49083800,711.93920000,1834.00,2017,"Transit",0.246000
"Kepler-250 d","Kepler-250",289.5947633,44.1418114,17.64831200000,0.1270000000,2.18000000,5.39000000,579.00,2014,"Transit",0.000000
"Kepler-1298 b","Kepler-1298",284.4227535,49.1061907,7.12811928000,0.0814000000,1.31000000,2.27000000,1373.00,2016,"Transit",0.000000
"Kepler-1361 b","Kepler-1361",283.5653603,46.9042278,3.57554956000,0.0430400000,0.86000000,0.56600000,1061.00,2016,"Transit",0.000000
"Kepler-619 b","Kepler-619",290.8490899,48.4159782,5.40427219700,0.0601400000,3.16000000,10.10000000,1073.00,2016,"Transit",0.000000
"K2-99 b","K2-99",208.7737624,-5.4424943,18.24783000000,0.1530000000,11.88151954,276.51071409,1184.00,2016,"Transit",0.220000
"TOI-532 b","TOI-532",85.0800537,11.5626373,2.32665080000,0.0296000000,5.82000000,61.50000000,867.00,2021,"Transit",0.000000
"HD 210277 b","HD 210277",332.3748117,-7.5505962,442.19000000000,1.1300000000,13.60000000,410.00070000,259.86,1998,"Radial Velocity",0.480000
"Kepler-178 b","Kepler-178",287.1010275,46.8964033,9.57669400000,0.0850000000,2.90000000,8.75000000,846.00,2014,"Transit",0.000000
"Kepler-1604 b","Kepler-1604",285.4106549,44.4122318,0.68368425600,0.0140600000,1.41000000,2.57000000,2023.00,2016,"Transit",0.000000
"Kepler-984 b","Kepler-984",296.9588566,46.3940661,43.03422720000,0.2368800000,2.12000000,5.14000000,484.00,2016,"Transit",0.000000
"HD 13724 c","HD 13724",33.0859626,-46.8166738,142.22895000000,0.5340000000,8.18000000,50.85254512,393.06,2022,"Radial Velocity",0.651000
"Kepler-1286 b","Kepler-1286",280.2583709,43.8357433,11.25402929000,0.0991000000,2.15000000,5.27000000,888.00,2016,"Transit",0.000000
"Kepler-318 b","Kepler-318",298.4828337,46.7936357,4.66271500000,0.0560000000,4.71000000,19.90000000,1039.00,2014,"Transit",0.000000
"Kepler-732 b","Kepler-732",283.7317274,45.9585288,9.46781404800,0.0691000000,2.18000000,5.39000000,407.00,2016,"Transit",0.000000
"HIP 109600 b","HIP 109600",333.0270790,29.0662082,232.08000000000,0.7060000000,13.20000000,851.78440000,312.88,2016,"Radial Velocity",0.163000
"Kepler-407 b","Kepler-407",286.0363025,49.6145027,0.66931240000,0.0153100000,1.19000000,1.93000000,1983.00,2014,"Transit",0.000000
"GJ 1148 c","GJ 1148",175.4326081,42.7515862,532.58000000000,0.9120000000,9.71000000,68.06000000,99.38,2017,"Radial Velocity",0.342000
"Kepler-897 b","Kepler-897",290.5867992,51.6957731,8.04726420000,0.0770000000,2.39000000,6.30000000,855.00,2016,"Transit",0.000000
"Kepler-435 b","Kepler-435",292.2873012,43.1972542,8.60015360000,0.0948000000,22.31000000,266.97000000,1729.00,2015,"Transit",0.114000
"HD 184010 d","HD 184010",292.8401421,26.6172796,836.40000000000,1.9200000000,14.30000000,143.02278315,381.37,2022,"Radial Velocity",0.000000
"WASP-70 A b","WASP-70 A",315.4771912,-13.4333821,3.71302030000,0.0485300000,13.04700000,187.51200000,1387.00,2014,"Transit",0.000000
"TOI-1798.01","TOI-1798",211.0939367,46.5192825,8.02152233100,0.0749840000,2.44800000,6.50000000,734.31,2024,"Transit",0.000000
"TOI-444 b","TOI-444",64.1839982,-26.7664071,17.96360000000,0.1330000000,2.77000000,8.10000000,609.00,2023,"Transit",
"TOI-2202 b","TOI-2202",51.2284214,-73.9575458,11.91260750000,0.0956400000,10.95117414,287.31687993,652.07,2021,"Transit",0.022000
"TrES-1 b","TrES-1",286.0408755,36.6325360,3.03007000000,0.0392500000,12.66617000,266.97720000,1140.00,2004,"Transit",0.000000
"Kepler-1052 c","Kepler-1052",295.3427300,46.6022134,180.92172900000,0.6135000000,2.30000000,5.90000000,302.00,2023,"Transit",0.000000
"Kepler-206 b","Kepler-206",291.6346564,41.8338415,7.78198700000,0.0780000000,1.20000000,1.87000000,983.00,2014,"Transit",0.000000
"Kepler-763 b","Kepler-763",292.1445534,47.1573604,1.19655156000,0.0205000000,1.22000000,1.98000000,1414.00,2016,"Transit",0.000000
"Kepler-155 b","Kepler-155",288.4957831,51.0819286,5.93119400000,0.0560000000,2.09000000,5.02000000,614.00,2014,"Transit",0.000000
"ups And c","ups And",24.1983534,41.4038147,241.25800000000,0.8277740000,12.30000000,4443.24112986,407.56,1999,"Radial Velocity",0.259600
"NGTS-34 b","NGTS-34",162.4997176,-44.5478575,43.12655000000,0.2570000000,3.65000000,19.10000000,624.00,2025,"Transit",
"K2-274 b","K2-274",129.2823699,20.3992512,14.13303140000,0.0964000000,2.08000000,4.98000000,655.00,2018,"Transit",
"DH Tau b","DH Tau",67.4231674,26.5493897,,330.0000000000,30.26430000,3496.00000000,2200.00,2004,"Imaging",
"HD 200964 c","HD 200964",316.6664183,3.8033357,852.50000000000,1.9600000000,13.70000000,385.84562000,380.62,2010,"Radial Velocity",0.243000
"TOI-1011 b","TOI-1011",113.9847611,-32.8419988,2.47049800000,,1.45000000,4.04000000,1364.00,2025,"Transit",0.000000
"Kepler-1583 b","Kepler-1583",286.3869335,47.0165188,9.32807355000,0.0830700000,0.60000000,0.15600000,788.00,2016,"Transit",0.000000
"HATS-32 b","HATS-32",346.0750861,-21.2720168,2.81265480000,0.0402400000,14.00004100,292.40360000,1437.00,2016,"Transit",0.471000
"ZTF J1828+2308 b","ZTF J1828+2308",277.2031946,23.1439121,0.11200670000,,11.13051784,6356.56814000,,2025,"Transit",
"Kepler-1876 b","Kepler-1876",299.1604859,41.1437964,6.99205000000,0.0758000000,0.85300000,2.40000000,1299.00,2021,"Transit",0.098000
"TOI-6564 b","TOI-6564",205.8178791,-56.1564491,3.98541300000,0.0542000000,16.39873876,222.16205649,1445.00,2026,"Transit",0.000000
"K2-219 c","K2-219",12.8452963,8.8675474,6.66767000000,,1.43839723,2.66000000,,2018,"Transit",
"HD 37124 b","HD 37124",84.2599947,20.7289784,154.37800000000,0.5336400000,14.00000000,214.53525000,366.48,2002,"Radial Velocity",0.054000
"Kepler-881 b","Kepler-881",288.9925529,46.6706513,4.44448017000,0.0552000000,1.78000000,3.82000000,1217.00,2016,"Transit",0.000000
"TOI-333 b","TOI-333",353.3574989,-41.1715206,3.78525030000,0.0490000000,4.26000000,20.10000000,1445.00,2025,"Transit",0.000000
"Kepler-60 c","Kepler-60",288.9612535,42.2650472,8.91870000000,0.0842200000,1.90000000,3.85000000,1023.00,2012,"Transit",0.039000
"Kepler-665 b","Kepler-665",297.0255947,48.4785669,16.01310205000,0.1148000000,2.60000000,7.27000000,593.00,2016,"Transit",0.000000
"Kepler-1848 b","Kepler-1848",299.3814921,45.5920846,5.60402011900,0.0583500000,1.40885390,2.57000000,774.00,2021,"Transit",0.000000
"TOI-2096 c","TOI-2096",151.6186989,74.8272107,6.38784000000,0.0400000000,1.91400000,4.32000000,349.00,2023,"Transit",0.100000
"Kepler-1698 b","Kepler-1698",293.3450181,39.2577469,1.21070000000,0.0206500000,1.07315686,1.25000000,1351.00,2020,"Transit",0.000000
"HIP 14810 c","HIP 14810",47.8092750,21.0971302,147.74700000000,0.5490000000,13.60000000,416.35730000,373.22,2006,"Radial Velocity",0.156600
"HD 25463 c","HD 25463",60.7483361,9.2077676,3.04405000000,0.0443000000,1.36354953,4.30000000,1585.57,2023,"Transit",0.000000
"Kepler-1869 c","Kepler-1869",292.6149958,42.7643438,1.71682830400,0.0280000000,0.74000000,0.33000000,1455.00,2023,"Transit",0.000000
"Kepler-292 b","Kepler-292",295.7661979,42.4242822,2.58082700000,0.0350000000,1.32000000,2.30000000,1130.00,2014,"Transit",0.000000
"Kepler-33 b","Kepler-33",289.0775348,46.0051696,5.66793000000,0.0677000000,1.74000000,3.68000000,1336.00,2011,"Transit",0.000000
"Kepler-601 b","Kepler-601",282.0046852,42.1764657,5.37886844100,0.0549400000,1.90000000,4.27000000,833.00,2016,"Transit",0.000000
"TOI-1347 b","TOI-1347",280.3266806,70.2900536,0.84742346000,0.0171000000,1.80000000,11.10000000,1400.00,2024,"Transit",0.000000
"K2-417 b","K2-417",350.1417675,-10.0365901,6.53500000000,0.0630000000,3.31000000,699.22249540,558.00,2023,"Transit",
"Kepler-1020 b","Kepler-1020",292.6724710,46.3772776,96.91514960000,0.3759400000,2.28000000,5.82000000,325.00,2016,"Transit",0.000000
"Kepler-1346 b","Kepler-1346",291.8413410,45.1791850,3.40165668000,0.0440000000,1.58000000,3.12000000,1236.00,2016,"Transit",0.000000
"TOI-1750 b","TOI-1750",240.3019781,68.9373001,11.33727129656,,2.78943837,8.19000000,612.92,2026,"Transit",
"HD 180314 b","HD 180314",288.7094401,31.8604391,394.73000000000,1.4480000000,12.00000000,7216.92963775,597.64,2010,"Radial Velocity",0.247000
"Kepler-181 c","Kepler-181",296.1512831,50.0957806,4.30214900000,0.0490000000,1.99000000,4.62000000,937.00,2014,"Transit",0.000000
"Kepler-953 c","Kepler-953",288.9716297,44.6246451,9.10967112000,0.0862000000,1.19000000,1.81000000,873.00,2016,"Transit",0.000000
"TOI-1696 b","TOI-1696",65.2806480,48.8198312,2.50031100000,0.0229000000,3.09000000,48.80000000,489.00,2022,"Transit",0.000000
"TIC 77552382 b","TIC 77552382",152.5133767,-4.9035250,3.51025904942,,5.69176189,27.50000000,1433.88,2026,"Transit",
"HD 96167 b","HD 96167",166.3125657,-10.2913450,498.04000000000,1.3320000000,14.00000000,227.88411000,333.63,2009,"Radial Velocity",0.685000
"Kepler-1770 b","Kepler-1770",299.2502851,43.4103663,16.84189987000,0.1261000000,2.84141754,8.45000000,699.00,2021,"Transit",0.000000
"Kepler-292 e","Kepler-292",295.7661979,42.4242822,11.97901000000,0.0970000000,2.67000000,7.61000000,678.00,2014,"Transit",0.000000
"Kepler-154 b","Kepler-154",289.7805393,49.8965624,33.04053200000,0.1980000000,2.26000000,5.73000000,561.00,2014,"Transit",0.000000
"Kepler-1660 AB b","Kepler-1660 A",290.5519537,40.2350445,239.50440000000,0.8000000000,12.90000000,1586.59940774,415.08,2023,"Eclipse Timing Variations",0.055410
"Kepler-379 b","Kepler-379",295.7010981,38.9458209,20.09838000000,0.1520000000,1.66000000,3.39000000,775.00,2014,"Transit",0.000000
"HAT-P-33 b","HAT-P-33",113.1842383,33.8350214,3.47447000000,0.0499500000,20.73665000,292.40360000,1782.00,2011,"Transit",0.000000
"Kepler-567 b","Kepler-567",297.6726072,48.3023458,16.54297375000,0.1229000000,2.25000000,5.69000000,611.00,2016,"Transit",0.000000
"KIC 8121913 b","KIC 8121913",298.9677981,43.9093780,3.29460100000,,13.40000000,667.43965470,,2021,"Orbital Brightness Modulation",
"K2-198 d","K2-198",198.8436817,-6.4649888,7.45001770000,,2.43800000,6.52000000,943.20,2019,"Transit",
"Kepler-176 e","Kepler-176",294.6679021,43.8532104,51.16579000000,0.2565400000,1.45000000,0.52075000,398.00,2016,"Transit",0.000000
"HD 109246 b","HD 109246",188.0271840,74.4893379,68.27000000000,0.3300000000,13.90000000,273.33380000,507.43,2010,"Radial Velocity",0.120000
"TOI-5489 c","TOI-5489",128.6912940,11.4895882,4.92126000000,,1.28000000,2.18000000,536.00,2025,"Transit",
"K2-415 b","K2-415",137.2015437,11.8622503,4.01796940000,0.0270000000,1.01500000,7.50000000,412.40,2023,"Transit",
"Kepler-800 b","Kepler-800",286.5747697,44.7951858,14.13176026000,0.1106000000,2.85000000,8.50000000,675.00,2016,"Transit",0.000000
"Kepler-327 c","Kepler-327",292.6422963,44.0876251,5.21233300000,0.0470000000,1.03000000,20.30000000,537.00,2014,"Transit",0.000000
"Kepler-28 c","Kepler-28",292.1370409,42.4294835,8.99000000000,0.0751900000,1.85700000,2.06000000,509.00,2011,"Transit",0.017000
"K2-271 b","K2-271",125.2239144,16.0907958,8.56242100000,0.0770000000,7.28000000,41.80000000,893.00,2018,"Transit",
"KMT-2018-BLG-0748L b","KMT-2018-BLG-0748L",267.8745000,-30.6463889,,0.6200000000,9.01000000,60.00000000,,2020,"Microlensing",
"KMT-2024-BLG-1870L b","KMT-2024-BLG-1870L",272.4653333,-26.8828889,,3.1500000000,13.80000000,336.89811142,,2026,"Microlensing",
"KMT-2017-BLG-0849L b","KMT-2017-BLG-0849L",265.3594583,-25.2812194,,2.7300000000,2.41000000,6.39000000,,2024,"Microlensing",
"Kepler-1418 b","Kepler-1418",282.9975322,41.6785900,22.47644250000,0.1310000000,1.66000000,3.39000000,419.00,2016,"Transit",0.000000
"OGLE-2016-BLG-0613L AB b","OGLE-2016-BLG-0613L AB",269.2604060,-28.1161671,,6.4000000000,13.00000000,1330.00000000,,2017,"Microlensing",
"TOI-1694 c","TOI-1694",97.7487104,66.3605956,386.25000000000,0.9740000000,13.80000000,316.55709337,222.00,2023,"Radial Velocity",0.111000
"HD 9446 c","HD 9446",23.3350424,29.2649187,192.90000000000,0.6540000000,13.40000000,578.42600000,345.42,2009,"Radial Velocity",0.060000
"MASCARA-4 b","MASCARA-4",147.5800667,-66.1139253,2.82409320000,0.0474000000,16.98160576,532.36258173,2250.00,2020,"Transit",0.000000
"Kepler-1846 b","Kepler-1846",294.3909489,44.7629523,14.82009983000,0.1105400000,1.76378826,3.76000000,552.00,2021,"Transit",0.000000
"HD 147873 b","HD 147873",246.4380471,-33.5672217,116.59600000000,0.5220000000,12.80000000,1633.64620000,603.16,2016,"Radial Velocity",0.207000
"Kepler-224 e","Kepler-224",290.9342679,47.3575414,18.64357700000,0.1240000000,1.97000000,4.54000000,517.00,2014,"Transit",0.000000
"Kepler-1670 b","Kepler-1670",290.3264599,43.1217550,20.49980000000,0.1528000000,3.35648010,11.20000000,731.00,2020,"Transit",0.000000
"Kepler-92 c","Kepler-92",289.0860607,41.5630224,26.72300000000,0.1905400000,2.60000000,6.10000000,781.00,2013,"Transit",0.040000
"Kepler-1799 b","Kepler-1799",288.3086994,51.4783348,11.92969990000,0.1028000000,4.12801189,15.90000000,770.00,2021,"Transit",0.000000
"KMT-2021-BLG-0736L b","KMT-2021-BLG-0736L",268.3225833,-29.7124194,,4.0000000000,4.86000000,21.00000000,,2025,"Microlensing",
"PSR B1620-26 b","PSR B1620-26",245.9092617,-26.5315944,,23.0000000000,13.30000000,794.57500000,,2003,"Pulsar Timing",
"TYC 8998-760-1 b","TYC 8998-760-1",201.3001096,-64.9391566,,146.0000000000,21.18497352,6928.65927260,2638.00,2020,"Imaging",0.440000
"OGLE-2017-BLG-1434L b","OGLE-2017-BLG-1434L",268.2804667,-30.2456583,,1.1800000000,1.94000000,4.43000000,,2018,"Microlensing",
"KMT-2019-BLG-2783L b","KMT-2019-BLG-2783L",269.2919167,-33.7885194,,1.8500000000,13.70000000,368.68095212,,2023,"Microlensing",
"OGLE-2016-BLG-1093L b","OGLE-2016-BLG-1093L",269.0042917,-32.7134722,,2.1300000000,14.00000000,225.65816897,,2022,"Microlensing",
"MOA-2010-BLG-117L b","MOA-2010-BLG-117L",271.9569700,-25.3446388,,2.4200000000,14.20000000,170.00000000,,2018,"Microlensing",
"OGLE-2006-BLG-109L b","OGLE-2006-BLG-109L",268.1437920,-30.0877778,1788.50000000000,2.3000000000,14.00000000,231.00000000,82.00,2008,"Microlensing",
"OGLE-2012-BLG-0406L b","OGLE-2012-BLG-0406L",268.3257080,-30.4711667,,3.4500000000,13.20000000,868.00000000,,2013,"Microlensing",
"Kepler-1265 b","Kepler-1265",284.5858364,47.0795646,6.49441289000,0.0612000000,1.35000000,2.39000000,732.00,2016,"Transit",0.000000
"HD 332231 b","HD 332231",306.7411340,33.7443882,18.71202400000,0.1450000000,9.07303305,74.10000000,798.30,2020,"Transit",0.000000
"HD 233604 b","HD 233604",137.4535054,53.5682016,192.00000000000,0.7470000000,12.70000000,2089.64400000,882.50,2013,"Radial Velocity",0.050000
"Kepler-1591 b","Kepler-1591",296.5166659,44.6086233,8.18504949000,0.0794000000,1.27000000,2.15000000,892.00,2016,"Transit",0.000000
"HD 22532 b","HD 22532",53.8148478,-49.4172669,872.60000000000,1.9000000000,13.40000000,673.79622284,420.41,2022,"Radial Velocity",0.030000
"TOI-7189 b","TOI-7189",273.0378977,2.1882623,2.89055000000,0.0329400000,10.90000000,159.04000000,738.00,2026,"Transit",0.060100
"TOI-7265 B b","TOI-7265 B",318.7040182,45.9259093,4.17232000000,0.0400700000,10.70000000,224.95000000,571.00,2026,"Transit",0.037200
"KMT-2021-BLG-0322L b","KMT-2021-BLG-0322L",270.9116667,-29.6043889,,,12.70000000,2034.10180480,,2021,"Microlensing",
"MOA-2016-BLG-526L b","MOA-2016-BLG-526L",266.6682917,-34.3860806,,2.0700000000,3.97000000,14.93793513,,2024,"Microlensing",
"TOI-6695 c","TOI-6695",129.5720221,-23.5502170,242.40000000000,0.8380000000,13.60000000,460.85119015,415.00,2025,"Radial Velocity",0.022000
"Kepler-249 b","Kepler-249",296.9853002,43.6586043,3.30653900000,0.0350000000,1.09000000,1.32000000,554.00,2014,"Transit",0.000000
"OGLE-2018-BLG-1185L b","OGLE-2018-BLG-1185L",269.7927500,-27.8350833,,1.5400000000,2.83000000,8.40000000,,2021,"Microlensing",
"WISEP J121756.91+162640.2 A b","WISEP J121756.91+162640.2 A",184.4871250,16.4445000,,8.0000000000,10.46800000,6992.00000000,450.00,2012,"Imaging",
"KMT-2024-BLG-0176L b","KMT-2024-BLG-0176L",266.5324583,-34.2105806,,1.3200000000,14.00000000,241.54958932,,2026,"Microlensing",
"KMT-2021-BLG-1150L b","KMT-2021-BLG-1150L",268.7901250,-31.3133306,,4.5000000000,13.90000000,279.68899816,,2023,"Microlensing",
"KMT-2017-BLG-1146L b","KMT-2017-BLG-1146L",269.1058330,-33.1424694,,1.6000000000,14.00000000,230.00000000,,2019,"Microlensing",
"MOA-2007-BLG-400L b","MOA-2007-BLG-400L",272.4249167,-29.2241528,,5.9000000000,13.50000000,540.30829190,34.00,2008,"Microlensing",
"UZ For b","UZ For",53.8694682,-25.7393857,5840.00000000000,5.9000000000,,2002.20000000,,2011,"Eclipse Timing Variations",0.040000
"TWA 7 b","TWA 7",160.6248102,-33.6712596,,52.0000000000,12.70000000,108.06165838,316.00,2025,"Imaging",
"Kepler-1222 b","Kepler-1222",294.8896160,49.3798215,1.91694425400,0.0280100000,0.79000000,0.41800000,1246.00,2016,"Transit",0.000000
"Kepler-463 b","Kepler-463",298.9368228,44.8578644,8.98101683300,0.0792500000,3.05000000,9.53000000,880.00,2016,"Transit",0.000000
"TOI-2337 b","TOI-2337",290.6198948,60.8539035,2.99432000000,,10.08808263,508.52545120,1272.46,2022,"Transit",0.019000
"HD 202206 c","HD 202206",318.7405221,-20.7897284,1299.22000000000,2.3900000000,13.10000000,982.08977763,183.35,2004,"Radial Velocity",0.171000
"MOA-2010-BLG-477L b","MOA-2010-BLG-477L",271.5310060,-31.4544773,,2.0000000000,13.60000000,480.00000000,,2012,"Microlensing",
"OGLE-2017-BLG-1522L b","OGLE-2017-BLG-1522L",270.3193660,-28.4619713,,0.5900000000,14.00000000,240.00000000,,2018,"Microlensing",
"Kepler-566 b","Kepler-566",291.5544735,47.8144362,18.42794624000,0.1247000000,2.15000000,5.27000000,526.00,2016,"Transit",0.000000
"Kepler-1224 b","Kepler-1224",286.6257591,37.5373130,13.32351601000,0.1162500000,1.33000000,2.33000000,872.00,2016,"Transit",0.000000
"WASP-149 b","WASP-149",124.0736810,-8.6865813,1.33281300000,0.0240000000,15.24421375,314.96795134,1855.00,2025,"Transit",0.000000
"KMT-2019-BLG-1042L b","KMT-2019-BLG-1042L",270.5440417,-27.5806694,,1.7000000000,9.05000000,60.38739733,,2022,"Microlensing",
"KMT-2019-BLG-0298L b","KMT-2019-BLG-0298L",264.8780000,-27.6381389,,5.6700000000,13.40000000,575.26941667,,2023,"Microlensing",
"WASP-60 b","WASP-60",356.6667136,31.1559115,4.30500000000,0.0554800000,9.86392000,174.80650000,1479.00,2012,"Transit",0.000000
"KMT-2019-BLG-0371L b","KMT-2019-BLG-0371L",268.3839167,-31.5550222,,0.7900000000,12.60000000,2447.27873390,,2021,"Microlensing",
"TOI-5916 b","TOI-5916",325.2995114,9.5990534,2.36712341000,0.0278900000,11.80000000,219.00000000,716.00,2026,"Transit",0.045000
"OGLE-2017-BLG-1237L b","OGLE-2017-BLG-1237L",271.6499583,-28.3288306,,2.5300000000,13.00000000,1207.74794660,,2024,"Microlensing",
"OGLE-2017-BLG-0640L b","OGLE-2017-BLG-0640L",267.4651250,-29.4615000,,1.1400000000,13.50000000,514.88201934,,2024,"Microlensing",
"MXB 1658-298 b","MXB 1658-298",255.5272522,-29.9455833,760.00000000000,1.6130000000,12.00000000,7532.57100000,,2017,"Eclipse Timing Variations",
"KMT-2018-BLG-0029L b","KMT-2018-BLG-0029L",264.4694580,-27.9847000,,4.2700000000,2.67000000,7.59000000,,2020,"Microlensing",
"Kepler-619 c","Kepler-619",290.8490899,48.4159782,1.20846502600,0.0221600000,1.69000000,3.50000000,1767.00,2016,"Transit",0.000000
"Kepler-186 b","Kepler-186",298.6527360,43.9549884,3.88679070000,0.0343000000,1.07000000,1.24000000,571.00,2014,"Transit",0.000000
"K2-183 d","K2-183",125.0071770,14.0194586,22.62034400000,0.1527000000,2.30000000,5.90000000,615.00,2018,"Transit",
"Kepler-1677 b","Kepler-1677",298.4932730,47.0130566,22.06400000000,0.1599000000,2.70216183,7.76000000,712.00,2020,"Transit",0.000000
"KMT-2018-BLG-0087L b","KMT-2018-BLG-0087L",264.3270000,-27.8320611,,0.8700000000,10.10000000,73.10053361,,2022,"Microlensing",
"KOI-55 c","KOI-55",296.3561853,41.0927315,0.34288700000,0.0076000000,0.86700000,0.65500000,6910.74,2011,"Orbital Brightness Modulation",
"KMT-2024-BLG-1044L b","KMT-2024-BLG-1044L",271.5640000,-27.5925806,,,2.70000000,7.75000000,,2024,"Microlensing",
"KMT-2019-BLG-0297L b","KMT-2019-BLG-0297L",270.0632917,-28.9652806,,0.9600000000,12.10000000,6038.73973300,,2023,"Microlensing",
"OGLE-2012-BLG-0724L b","OGLE-2012-BLG-0724L",268.9682917,-29.8185278,,1.6000000000,14.30000000,150.00000000,,2016,"Microlensing",
"TOI-603 b","TOI-603",141.1078542,5.7660562,16.17984600000,0.1282000000,7.37000000,33.00000000,899.00,2026,"Transit",
"Kepler-1620 b","Kepler-1620",297.2709026,46.9284743,101.95182900000,0.4322000000,1.61000000,3.22000000,428.00,2016,"Transit",0.000000
"KMT-2019-BLG-0578L b","KMT-2019-BLG-0578L",269.4846667,-27.7948611,,2.0000000000,13.70000000,381.39408840,,2025,"Microlensing",
"Kepler-85 e","Kepler-85",290.9734395,45.2902761,25.21675100000,0.1630000000,1.27000000,0.60000000,559.00,2014,"Transit",0.000000
"TOI-2128 b","TOI-2128",256.9817998,32.1053027,16.34136000000,0.1270000000,2.08874836,4.50000000,780.53,2024,"Transit",0.000000
"Kepler-1693 c","Kepler-1693",290.2015581,48.1857799,5.36370992700,0.0588000000,0.97698289,0.89400000,1059.00,2021,"Transit",0.000000
"TOI-5174 b","TOI-5174",174.1094967,-2.0233506,12.21428600000,,5.35100000,24.80000000,808.37,2022,"Transit",
"WASP-172 b","WASP-172",199.4337420,-47.2375748,5.47743300000,0.0694000000,17.59813000,149.38010000,1740.00,2018,"Transit",0.000000
"Kepler-403 b","Kepler-403",289.9214256,46.7445267,7.03146200000,0.0760000000,1.25000000,2.10000000,1194.00,2014,"Transit",0.000000
"KMT-2022-BLG-2286L b","KMT-2022-BLG-2286L",269.1652500,-28.8549194,,2.0200000000,12.10000000,6038.73973300,,2024,"Microlensing",
"Kepler-1493 b","Kepler-1493",288.5493683,38.5651973,15.02179830000,0.1197000000,1.41000000,2.57000000,874.00,2016,"Transit",0.000000
"OGLE-2019-BLG-0249L b","OGLE-2019-BLG-0249L",265.4035000,-34.7017500,,1.8400000000,12.70000000,2262.93825784,,2023,"Microlensing",
"Kepler-137 c","Kepler-137",282.1355875,43.0391951,18.73575300000,0.1300000000,1.88000000,4.19000000,568.00,2014,"Transit",0.000000
"TOI-2114 b","TOI-2114",261.0963946,33.2050726,6.20995900000,0.0760000000,14.54925695,324.18497514,1472.00,2026,"Transit",0.472000
"TOI-5806 b","TOI-5806",329.1018029,20.6779808,3.18563810000,0.0484000000,15.13212395,721.47048389,1621.00,2026,"Transit",
"OGLE-2018-BLG-1011L c","OGLE-2018-BLG-1011L",269.0140000,-29.0828889,,0.8000000000,13.20000000,890.00000000,,2019,"Microlensing",
"TOI-7169 b","TOI-7169",351.0546897,36.8175661,3.43731250000,0.0428000000,16.53324653,130.30964687,1631.00,2026,"Transit",0.055000
"OGLE-2018-BLG-0677L b","OGLE-2018-BLG-0677L",268.7511250,-32.0165306,,0.6300000000,1.82000000,3.96000000,,2020,"Microlensing",
"OGLE-2019-BLG-0679L b","OGLE-2019-BLG-0679L",265.7404167,-27.7728806,,6.9900000000,13.10000000,1061.54687938,,2023,"Microlensing",
"MOA-bin-1L b","MOA-bin-1L",261.7925000,-29.7939722,,8.3000000000,13.00000000,1200.00000000,,2012,"Microlensing",
"Kepler-365 b","Kepler-365",295.6265640,49.1304110,10.66490300000,0.0980000000,2.04000000,4.82000000,865.00,2014,"Transit",0.000000
"KMT-2020-BLG-0414L c","KMT-2020-BLG-0414L",271.9150000,-28.4852222,,22.3000000000,11.90000000,8581.36698900,,2021,"Microlensing",
"HD 11977 b","HD 11977",28.7347403,-67.6469871,711.00000000000,1.9300000000,12.70000000,2080.00000000,547.97,2005,"Radial Velocity",0.400000
"Kepler-1038 b","Kepler-1038",298.9721472,44.1323499,148.46033820000,0.5238000000,3.53000000,12.20000000,285.00,2016,"Transit",0.000000
"Kepler-250 c","Kepler-250",289.5947633,44.1418114,7.15680400000,0.0690000000,2.28000000,5.82000000,782.00,2014,"Transit",0.000000
"eps CrB b","eps CrB",239.3965057,26.8776171,417.90000000000,1.3000000000,12.70000000,2129.46100000,853.92,2012,"Radial Velocity",0.110000
"TOI-521 b","TOI-521",123.3442567,12.2221079,1.54285047000,0.0195000000,1.98000000,5.30000000,794.00,2025,"Transit",0.000000
"OGLE-2015-BLG-0954L b","OGLE-2015-BLG-0954L",270.1843330,-28.6608889,,1.6000000000,13.10000000,1100.00000000,,2016,"Microlensing",
"KOI-134 c","KOI-134",295.5865980,45.3649371,33.95000000000,0.2305000000,9.86000000,69.92224954,798.82,2025,"Transit Timing Variations",0.240000
"HD 127195 c","HD 127195",217.8714193,-47.7292571,836.99000000000,,14.10000000,206.58846455,,2026,"Radial Velocity",0.050000
"HD 125136 b","HD 125136",215.3703435,-72.3175327,849.77000000000,,13.30000000,718.29219982,,2026,"Radial Velocity",0.050000
"KMT-2019-BLG-0953L b","KMT-2019-BLG-0953L",269.3385833,-28.6746389,,1.1000000000,4.06000000,15.50000000,,2022,"Microlensing",
"OGLE-2017-BLG-1691L b","OGLE-2017-BLG-1691L",263.5938333,-29.2848306,,2.4100000000,3.92000000,14.62010672,,2022,"Microlensing",
"alf Ari b","alf Ari",31.7932860,23.4624210,380.80000000000,1.2000000000,13.40000000,572.07000000,747.22,2010,"Radial Velocity",0.250000
"TOI-2180 b","TOI-2180",277.9436300,56.6506789,260.79000000000,0.8280000000,11.32107051,875.61726129,348.00,2022,"Transit",0.368300
"KMT-2024-BLG-0404L c","KMT-2024-BLG-0404L",271.1470833,-27.9535000,,,4.33000000,17.30000000,,2025,"Microlensing",
"Kepler-122 e","Kepler-122",291.1118647,39.9490248,37.99327300000,0.2270000000,2.60000000,27.70000000,618.00,2014,"Transit",0.000000
"Kepler-411 c","Kepler-411",287.6057027,49.5233937,7.83443500000,0.0739000000,4.42100000,26.40000000,838.00,2016,"Transit",0.108000
"OGLE-2018-BLG-1428L b","OGLE-2018-BLG-1428L",265.5487080,-26.1378889,,3.3000000000,14.00000000,240.00000000,,2021,"Microlensing",
"KMT-2021-BLG-1689L b","KMT-2021-BLG-1689L",269.5791667,-30.1452778,,2.5000000000,7.71000000,46.00000000,,2022,"Microlensing",
"MOA-2010-BLG-073L b","MOA-2010-BLG-073L",272.5472580,-26.5229319,,1.2100000000,12.40000000,3500.00000000,,2012,"Microlensing",
"KMT-2017-BLG-2197L b","KMT-2017-BLG-2197L",262.6113333,-30.1593111,,15.9100000000,12.50000000,2809.60311788,,2025,"Microlensing",
"KMT-2018-BLG-1988L b","KMT-2018-BLG-1988L",265.2825417,-35.5947000,,3.0900000000,2.22000000,5.56000000,,2022,"Microlensing",
"Kepler-302 b","Kepler-302",294.3169307,43.6292436,30.18410400000,0.1930000000,4.06000000,15.50000000,634.00,2014,"Transit",0.000000
"GJ 3779 b","GJ 3779",200.7335358,24.4639425,3.02320000000,0.0260000000,2.75000000,8.00000000,526.94,2018,"Radial Velocity",0.070000
"Kepler-985 b","Kepler-985",290.1443390,44.0498808,116.33190100000,0.4466400000,2.98000000,9.17000000,323.00,2016,"Transit",0.000000
"Kepler-248 b","Kepler-248",293.0613138,43.5813577,6.30820500000,0.0660000000,3.02000000,9.38000000,819.00,2014,"Transit",0.000000
"Kepler-836 b","Kepler-836",287.4527659,45.7043964,11.36112327000,0.1013000000,2.73000000,7.90000000,869.00,2016,"Transit",0.000000
"TOI-1224 c","TOI-1224",37.1978356,-80.8991053,17.94546600000,,2.88400000,8.67000000,303.12,2024,"Transit",0.000000
"Kepler-142 d","Kepler-142",295.1190067,48.4813635,41.80911800000,0.2420000000,2.16000000,5.31000000,582.00,2014,"Transit",0.000000
"OGLE-2019-BLG-0304L b","OGLE-2019-BLG-0304L",264.0267083,-26.1459889,,1.2300000000,14.20000000,162.09248757,,2021,"Microlensing",
"MOA-2022-BLG-563L b","MOA-2022-BLG-563L",270.3002083,-27.8358306,,2.1500000000,14.00000000,127.13136280,,2024,"Microlensing",
"KMT-2021-BLG-2010L b","KMT-2021-BLG-2010L",268.0085000,-32.2697500,,1.7900000000,13.80000000,340.07639549,,2023,"Microlensing",
"KMT-2024-BLG-1005L b","KMT-2024-BLG-1005L",269.8055833,-28.7557806,,0.7800000000,12.10000000,6674.39654700,,2025,"Microlensing",
"KMT-2021-BLG-1077L c","KMT-2021-BLG-1077L",266.4891250,-33.8428111,,0.9300000000,10.60000000,79.45710175,,2022,"Microlensing",
"Kepler-1676 b","Kepler-1676",287.2368778,43.5671665,29.92210000000,0.1954000000,3.37695960,11.30000000,782.00,2020,"Transit",0.000000
"K2-65 b","K2-65",333.2125206,-10.9261373,12.64750000000,0.1014000000,1.58000000,3.12000000,723.51,2016,"Transit",
"OGLE-2018-BLG-0799L b","OGLE-2018-BLG-0799L",273.4590000,-25.4857222,,1.2800000000,10.90000000,82.63538582,,2022,"Microlensing",
"KMT-2023-BLG-0466L b","KMT-2023-BLG-0466L",270.6100000,-33.0029694,,2.6800000000,13.10000000,1032.94232275,,2026,"Microlensing",
"BD+63 1405 b","BD+63 1405",271.3979337,63.6700064,1198.48000000000,2.0600000000,12.40000000,3305.41543280,150.69,2021,"Radial Velocity",0.880000
"WASP-73 b","WASP-73",319.9496969,-58.1489328,4.08722000000,0.0551200000,15.91678000,908.99380000,1790.00,2014,"Transit",0.000000
"Kepler-733 b","Kepler-733",293.0181882,45.9147063,20.83424726000,0.1483000000,2.82000000,8.35000000,595.00,2016,"Transit",0.000000
"Kepler-124 d","Kepler-124",286.7527322,49.0648788,30.95085100000,0.1700000000,1.11000000,1.41000000,428.00,2014,"Transit",0.000000
"Kepler-244 c","Kepler-244",287.2426410,42.3014185,9.76729200000,0.0870000000,2.05000000,4.86000000,791.00,2014,"Transit",0.000000
"Kepler-2001 c","Kepler-2001",291.6594558,50.5838585,14.09258318900,0.1084000000,1.82000000,3.97000000,597.00,2023,"Transit",0.000000
"KMT-2021-BLG-0852L b","KMT-2021-BLG-0852L",265.8311667,-33.8918389,,7.7800000000,14.20000000,155.73591943,,2026,"Microlensing",
"Kepler-32 b","Kepler-32",297.8423073,46.5743595,5.90124000000,0.0500000000,2.20000000,1303.00000000,514.00,2011,"Transit",0.000000
"TOI-5108 b","TOI-5108",166.2695041,11.2464069,6.75358100000,0.0730000000,6.60000000,32.00000000,1180.00,2025,"Transit",
"KMT-2016-BLG-2605L b","KMT-2016-BLG-2605L",269.8230833,-26.9820000,,0.6810000000,14.00000000,245.04570180,,2021,"Microlensing",
"OGLE-2018-BLG-0977L b","OGLE-2018-BLG-0977L",268.5061250,-30.6048056,,2.0000000000,2.41000000,6.40000000,,2022,"Microlensing",
"OGLE-2007-BLG-368L b","OGLE-2007-BLG-368L",269.1081670,-32.2374167,,2.8000000000,4.72000000,20.00000000,,2009,"Microlensing",
"MOA-2011-BLG-262L b","MOA-2011-BLG-262L",270.0978330,-31.2452583,,0.9500000000,4.29000000,17.00000000,,2014,"Microlensing",
"Kepler-132 c","Kepler-132",283.2358100,41.3430370,6.41491400000,0.0680000000,1.28000000,2.18000000,1069.00,2014,"Transit",0.000000
"KMT-2025-BLG-0481L b","KMT-2025-BLG-0481L",265.3560000,-34.3717500,,2.1800000000,14.10000000,187.51876013,,2026,"Microlensing",
"KMT-2019-BLG-1339L b","KMT-2019-BLG-1339L",265.7434170,-25.5739167,,2.1500000000,13.70000000,397.00000000,,2020,"Microlensing",
"OGLE-2017-BLG-1140L b","OGLE-2017-BLG-1140L",266.8830570,-24.5226669,,1.0200000000,13.50000000,505.00000000,,2018,"Microlensing",
"KMT-2022-BLG-1790L b","KMT-2022-BLG-1790L",271.0562500,-27.0347500,,5.2500000000,13.50000000,549.84314411,,2025,"Microlensing",
"KMT-2018-BLG-1996L b","KMT-2018-BLG-1996L",268.6785000,-22.8204111,,4.2700000000,13.70000000,346.43296363,,2021,"Microlensing",
"Kepler-47 b","Kepler-47",295.2978883,46.9204303,49.46430000000,0.2877000000,3.05000000,2.07000000,490.20,2012,"Transit",0.021000
"HD 190007 b","HD 190007",300.6956339,3.3266992,11.72412800000,0.0920000000,4.06000000,15.50000000,651.41,2020,"Radial Velocity",0.136000
"Kepler-1219 b","Kepler-1219",297.2158443,47.3785082,16.10467749000,0.1414600000,2.12000000,5.14000000,1159.00,2016,"Transit",0.000000
"Kepler-1808 b","Kepler-1808",287.2924737,39.3832039,23.34040070000,0.1467000000,3.02511302,9.40000000,601.00,2021,"Transit",0.000000
"Kepler-824 b","Kepler-824",290.4774060,39.7319975,4.51436633000,0.0550000000,1.87000000,4.16000000,1231.00,2016,"Transit",0.000000
"HD 95089 b","HD 95089",164.6987480,1.7290087,464.40000000000,1.3600000000,13.70000000,400.46580000,458.34,2009,"Radial Velocity",0.119000
"Kepler-610 c","Kepler-610",293.1713241,45.0655934,151.86392000000,0.5594000000,3.30000000,10.90000000,318.00,2016,"Transit",0.000000
"Kepler-410 A b","Kepler-410 A",283.1510448,45.1400838,17.83364800000,0.1226000000,2.83800000,8.44000000,866.00,2013,"Transit",0.170000
"DMPP-6 b","DMPP-6",120.3857827,-70.0234291,7.60270000000,0.0779000000,2.28000000,5.80000000,1203.65,2026,"Radial Velocity",0.340000
"Gaia22dkvL b","Gaia22dkvL",151.7690000,-66.1808889,,1.4000000000,14.10000000,187.83658854,,2024,"Microlensing",
"MOA-2022-BLG-249L b","MOA-2022-BLG-249L",268.8655417,-28.3060611,,1.6300000000,2.04000000,4.83000000,,2023,"Microlensing",
"Kepler-1063 b","Kepler-1063",290.5267975,38.1428283,14.07971466000,0.1176000000,1.49000000,2.83000000,931.00,2016,"Transit",0.000000
"KMT-2021-BLG-1303L b","KMT-2021-BLG-1303L",271.8638750,-29.2815806,,2.8900000000,13.60000000,120.77479466,,2022,"Microlensing",
"OGLE-2018-BLG-0596L b","OGLE-2018-BLG-0596L",269.0555417,-29.1990833,,0.9700000000,3.81000000,13.93000000,,2019,"Microlensing",
"KMT-2023-BLG-0830L b","KMT-2023-BLG-0830L",271.6579583,-28.3323111,,1.7000000000,4.41000000,17.79839079,,2025,"Microlensing",
"KMT-2023-BLG-0735L b","KMT-2023-BLG-0735L",267.5759583,-29.2029194,,2.9600000000,6.97000000,38.77506565,,2024,"Microlensing",
"KMT-2021-BLG-0320L b","KMT-2021-BLG-0320L",269.3881250,-30.5039389,,1.5400000000,6.20000000,31.78284070,,2022,"Microlensing",
"OGLE-2023-BLG-0766L b","OGLE-2023-BLG-0766L",269.8296250,-28.3246889,,2.5000000000,13.70000000,349.61124770,,2026,"Microlensing",
"Kepler-1628 b","Kepler-1628",281.6336936,43.4115547,76.37803300000,0.2952000000,6.43000000,33.80000000,240.00,2016,"Transit",0.000000
"OGLE2-TR-L9 b","OGLE2-TR-L9",166.9798793,-61.1462496,2.48553350000,0.0308000000,18.04600000,1430.17500000,2034.00,2008,"Transit",
"TOI-5736 b","TOI-5736",213.7583971,49.5009379,0.64899000000,,1.56000000,3.05000000,1311.00,2025,"Transit",
"Kepler-1577 b","Kepler-1577",292.9552704,47.5730433,6.30560247000,0.0657000000,1.13000000,1.51000000,1125.00,2016,"Transit",0.000000
"K2-13 b","K2-13",170.1554763,2.5027534,39.91488000000,0.2114000000,1.89000000,4.23000000,511.00,2015,"Transit",
"Kepler-122 f","Kepler-122",291.1118647,39.9490248,56.26800000000,0.2857500000,1.75000000,36.00000000,543.00,2014,"Transit",0.000000
"Kepler-414 c","Kepler-414",297.9615616,48.2443363,7.17100000000,0.0719500000,3.01000000,29.90000000,890.00,2014,"Transit",0.000000
"TOI-1533 b","TOI-1533",355.2467209,57.4852417,3.64579740000,0.0445000000,2.89000000,28.10000000,1011.00,2026,"Transit",0.000000
"Kepler-675 b","Kepler-675",293.8334488,50.2303479,2.33743801000,0.0325000000,2.44000000,6.53000000,1070.00,2016,"Transit",0.000000
"Kepler-1489 c","Kepler-1489",281.2957984,44.4654063,0.68074100000,,0.51000000,0.08700000,,2024,"Transit",
"K2-190 c","K2-190",205.3630485,-13.1608686,21.57402300000,,1.09308317,1.34000000,,2018,"Transit",
"Kepler-276 c","Kepler-276",293.5681970,39.0363123,31.88400000000,0.1861900000,2.90000000,16.60000000,563.00,2013,"Transit",0.000000
"HD 148164 b","HD 148164",246.4351678,11.9190729,328.55000000000,0.9930000000,13.70000000,390.93090000,337.89,2018,"Radial Velocity",0.587000
"Kepler-1996 b","Kepler-1996",285.2537555,46.5822183,32.37618300000,0.1789000000,2.26000000,5.73000000,392.00,2023,"Transit",0.000000
"HIP 107772 b","HIP 107772",327.4977057,-41.2440371,55.19900000000,0.2430000000,3.64000000,12.90000000,280.92,2020,"Radial Velocity",0.180000
"Kepler-446 c","Kepler-446",282.2501047,44.9210020,3.03617900000,0.0283000000,1.11000000,1.41000000,520.00,2015,"Transit",0.000000
"KIC 3526061 b","KIC 3526061",285.1863974,38.6111112,3552.00000000000,5.1400000000,12.10000000,5768.58558705,248.63,2022,"Radial Velocity",0.850000
"HD 11964 c","HD 11964",29.2884252,-10.2434693,37.91000000000,0.2290000000,5.38000000,25.00000000,757.54,2008,"Radial Velocity",0.300000
"Kepler-1482 b","Kepler-1482",285.3138209,48.7252700,12.25383217000,0.0996800000,1.01000000,1.01000000,678.00,2016,"Transit",0.000000
"TOI-5515 b","TOI-5515",139.6163639,16.9899558,8.59225810839,,2.65362762,7.53000000,778.10,2026,"Transit",
"TOI-2184 b","TOI-2184",100.8331246,-66.9476563,6.90683000000,,11.39953337,206.58846455,1676.05,2022,"Transit",0.080000
"HD 102329 c","HD 102329",176.6941567,3.4742143,1123.00000000000,,13.50000000,483.10160000,,2016,"Radial Velocity",0.209000
"HD 39194 b","HD 39194",86.1290710,-70.1382377,5.63692000000,0.0589500000,1.99000000,4.62000000,915.16,2021,"Radial Velocity",0.101000
"HD 199509 b","HD 199509",317.3445632,-82.0274926,99.62167000000,0.4260000000,7.43000000,43.22466335,410.73,2022,"Radial Velocity",0.373000
"Kepler-325 d","Kepler-325",289.8354219,49.8256070,38.71518500000,0.2200000000,2.79000000,8.20000000,498.00,2014,"Transit",0.000000
"Kepler-1940 b","Kepler-1940",291.2042027,45.2383344,4.95061016100,0.0525000000,1.54732469,3.01000000,885.00,2021,"Transit",0.000000
"TOI-2545 b","TOI-2545",135.5458029,-3.4208194,7.99403700000,,2.75000000,8.00000000,1022.99,2022,"Transit",
"Kepler-1612 b","Kepler-1612",291.2503022,45.6550536,3.91795101000,0.0482000000,1.03000000,1.08000000,1030.00,2016,"Transit",0.000000
"HD 136352 c","HD 136352",230.4401147,-48.3188174,27.59221000000,0.1721000000,2.91600000,11.24000000,677.00,2019,"Radial Velocity",0.000000
"EPIC 201615463 c","K2-166",185.1880932,2.2823788,3.80464000000,,1.22000000,1.98000000,,2019,"Transit",
"Kepler-225 b","Kepler-225",292.1939846,47.4570808,6.73897500000,0.0560000000,1.20000000,1.87000000,579.00,2014,"Transit",0.000000
"HD 20868 b","HD 20868",50.1794053,-33.7296900,380.85001000000,0.9500000000,13.70000000,397.28750000,207.11,2008,"Radial Velocity",0.750000
"Kepler-1930 b","Kepler-1930",297.5771450,40.0276768,13.02680016000,0.1023300000,1.52955541,2.95000000,643.00,2021,"Transit",0.000000
"Kepler-1439 b","Kepler-1439",285.7396971,40.9798688,8.07392849000,0.0594000000,1.46000000,2.73000000,420.00,2016,"Transit",0.000000
"HD 155193 b","HD 155193",257.4208876,10.0381003,352.65000000000,1.0400000000,14.00000000,238.37130525,391.86,2021,"Radial Velocity",0.210000
"TOI-1266 c","TOI-1266",197.9965833,65.8336973,18.80270000000,0.1050000000,1.98000000,3.17000000,346.00,2020,"Transit",0.071000
"Kepler-1536 b","Kepler-1536",291.5852554,45.7158742,364.75803100000,0.8507000000,3.14000000,10.00000000,166.00,2016,"Transit",0.000000
"HD 134987 b","HD 134987",228.3675397,-25.3096721,258.17999000000,0.8100000000,13.50000000,511.70630000,339.45,1999,"Radial Velocity",0.230000
"Kepler-961 b","Kepler-961",282.0354942,43.6312491,16.87727414000,0.1258500000,2.55000000,7.04000000,642.00,2016,"Transit",0.000000
"Kepler-539 b","Kepler-539",299.1224639,41.8667953,125.63243000000,0.4988000000,8.37312300,308.29510000,387.60,2016,"Transit",0.390000
"HD 5278 c","HD 5278",12.5467785,-83.7437671,40.87000000000,0.2416000000,4.49000000,18.40000000,664.95,2021,"Radial Velocity",0.070000
"Kepler-319 c","Kepler-319",288.8119782,39.7706431,6.94135700000,0.0690000000,2.63000000,7.41000000,876.00,2014,"Transit",0.000000
"HD 179079 b","HD 179079",287.7903733,-2.6387703,14.47900000000,0.1214000000,,4195.33497240,997.61,2008,"Radial Velocity",0.049000
"Kepler-1099 b","Kepler-1099",288.7499866,48.2771163,2.16845259300,0.0337000000,2.83000000,8.40000000,1558.00,2016,"Transit",0.000000
"Kepler-244 d","Kepler-244",287.2426410,42.3014185,20.05040100000,0.1400000000,2.31000000,15.20000000,622.00,2014,"Transit",0.000000
"NY Vir c","NY Vir",204.7005847,-2.0303873,8799.00000000000,,12.80000000,1760.77820000,,2019,"Eclipse Timing Variations",0.150000
"Kepler-377 b","Kepler-377",295.4220717,38.7356737,12.50952900000,0.1090000000,1.39000000,2.51000000,875.00,2014,"Transit",0.000000
"Kepler-879 b","Kepler-879",295.8065515,50.9097521,33.38559380000,0.2012000000,2.57000000,7.13000000,580.00,2016,"Transit",0.000000
"Kepler-705 b","Kepler-705",289.5085612,41.8120234,56.05605380000,0.2320000000,2.11000000,5.10000000,265.00,2016,"Transit",0.000000
"Kepler-163 c","Kepler-163",295.0027458,46.9873389,21.34726200000,0.1520000000,2.26000000,5.73000000,648.00,2014,"Transit",0.000000
"TOI-778 b","TOI-778",199.3338503,-15.2737046,4.63361100000,0.0600000000,15.40000000,878.00000000,1561.00,2023,"Transit",0.210000
"Kepler-1355 b","Kepler-1355",283.7414249,49.0679833,1.28958811200,0.0224000000,1.46000000,2.73000000,1448.00,2016,"Transit",0.000000
"KOI-134 b","KOI-134",295.5865980,45.3649371,67.12770000000,0.3630000000,12.03844527,346.43296363,659.00,2025,"Transit",0.160000
"Kepler-138 b","Kepler-138",290.3814122,43.2930645,10.31340000000,0.0753000000,0.64000000,0.07000000,452.00,2014,"Transit",0.020000
"Kepler-1542 e","Kepler-1542",285.7284757,42.6544651,5.10115756000,0.0564900000,0.76000000,0.36300000,1065.00,2016,"Transit",0.000000
"Kepler-1579 b","Kepler-1579",293.2880220,43.5149061,0.84990788900,0.0140000000,0.84000000,0.52000000,1139.00,2016,"Transit",0.000000
"K2-264 c","K2-264",131.3583524,19.6984010,19.66030200000,0.1128300000,2.66800000,7.60000000,331.00,2018,"Transit",0.450000
"Kepler-1073 d","Kepler-1073",294.1527259,38.2330886,2.50476002700,0.0352000000,1.48770949,2.82000000,1369.00,2021,"Transit",0.000000
"Kepler-510 b","Kepler-510",287.6550196,39.2441716,19.55659418000,0.1352000000,2.47000000,6.66000000,797.00,2016,"Transit",0.000000
"HD 164509 b","HD 164509",270.3800811,0.1044685,280.17000000000,0.8700000000,14.30000000,140.79869000,319.12,2012,"Radial Velocity",0.238000
"TIC 34085383 b","TIC 34085383",59.2353630,-7.3757198,3.47793368523,,3.91982296,14.60000000,,2026,"Transit",
"TYC 3667-1280-1 b","TYC 3667-1280-1",12.8875757,58.4261485,26.46800000000,0.2100000000,12.80000000,1716.28200000,1350.00,2016,"Radial Velocity",0.036000
"HATS-59 c","HATS-59",170.3243250,-22.3881770,1422.00000000000,2.5040000000,12.30000000,4036.44100000,175.90,2018,"Radial Velocity",0.083000
"Kepler-1605 b","Kepler-1605",287.1349405,47.4886251,85.75654950000,0.3656700000,1.08000000,1.28000000,528.00,2016,"Transit",0.000000
"Ross 458 c","Ross 458",195.1912147,12.3755996,,1100.0000000000,14.01125000,1906.98000000,4.32,2010,"Imaging",
"SR 12 AB c","SR 12 AB",246.8312363,-24.6946687,,,12.30000000,4131.62000000,,2010,"Imaging",
"HD 187123 b","HD 187123",296.7428786,34.4189900,3.09658280000,0.0426000000,14.20000000,166.21800000,1450.90,1998,"Radial Velocity",0.010300
"OGLE-TR-132 b","OGLE-TR-132",162.6440933,-61.9572476,1.68986800000,0.0303500000,13.45000000,375.02000000,2013.00,2004,"Transit",0.600000
"OGLE-TR-56 b","OGLE-TR-56",269.1479583,-29.5392222,1.21191890000,0.0238300000,15.27800000,441.77000000,2212.00,2002,"Transit",0.000000
"WASP-156 b","WASP-156",32.7820850,2.4181937,3.83616290000,0.0460000000,6.15000000,42.00000000,934.50,2017,"Transit",0.160000
"HD 22781 b","HD 22781",55.2065581,31.8258855,528.07000000000,1.1670000000,12.30000000,4338.20000000,193.48,2011,"Radial Velocity",0.819100
"Kepler-16 b","Kepler-16",289.0758307,51.7572290,228.77600000000,0.7048000000,8.44930000,105.83300000,205.90,2011,"Transit",0.006900
"Kepler-27 c","Kepler-27",292.2367608,41.0858710,31.33090000000,0.1910000000,4.90000000,4385.87000000,481.00,2011,"Transit",0.000000
"WASP-23 b","WASP-23",101.1275033,-42.7622296,2.94442560000,0.0376000000,10.78300000,280.95000000,1076.55,2010,"Transit",0.062000
"Kepler-27 b","Kepler-27",292.2367608,41.0858710,15.33480000000,0.1180000000,4.00000000,2895.31000000,610.00,2011,"Transit",0.000000
"HD 114783 b","HD 114783",198.1818436,-2.2649921,493.70000000000,1.1600000000,13.70000000,349.60000000,210.79,2001,"Radial Velocity",0.144000
"HD 19994 b","HD 19994",48.1943193,-1.1963955,466.20000000000,1.3050000000,13.60000000,435.41000000,350.10,2003,"Radial Velocity",0.063000
"47 UMa b","47 UMa",164.8647611,40.4304931,1078.00000000000,2.1000000000,13.20000000,804.08000000,215.23,1996,"Radial Velocity",0.032000
"Kepler-18 c","Kepler-18",298.0794448,44.7462480,7.64159000000,0.0752000000,5.49000000,17.30000000,899.00,2011,"Transit",0.000000
"Kepler-18 b","Kepler-18",298.0794448,44.7462480,3.50472500000,0.0447000000,2.00000000,6.90000000,1165.00,2011,"Transit",0.000000
"Kepler-31 c","Kepler-31",294.0230229,45.8530535,42.63180000000,0.2600000000,5.30000000,1493.70000000,615.00,2011,"Transit",0.000000
"Kepler-32 e","Kepler-32",297.8423073,46.5743595,2.89600000000,0.0330000000,1.50000000,4.08181000,652.00,2012,"Transit",0.000000
"61 Vir b","61 Vir",199.5964550,-18.3157745,4.21500000000,0.0502010000,2.11000000,5.10000000,1177.85,2009,"Radial Velocity",0.120000
"61 Vir c","61 Vir",199.5964550,-18.3157745,38.02100000000,0.2175000000,4.46000000,18.20000000,565.87,2009,"Radial Velocity",0.140000
"47 UMa d","47 UMa",164.8647611,40.4304931,14002.00000000000,11.6000000000,13.50000000,521.22000000,91.58,2009,"Radial Velocity",0.160000
"47 UMa c","47 UMa",164.8647611,40.4304931,2391.00000000000,3.6000000000,14.20000000,171.62100000,164.38,2001,"Radial Velocity",0.098000
"BD-08 2823 c","BD-08 2823",150.1971964,-9.5165689,237.60000000000,0.6800000000,12.50000000,104.00000000,233.85,2009,"Radial Velocity",0.190000
"CoRoT-23 b","CoRoT-23",279.7826586,4.3577516,3.63130000000,0.0480000000,11.77000000,889.90000000,1660.00,2011,"Transit",0.160000
"Kepler-18 d","Kepler-18",298.0794448,44.7462480,14.85888000000,0.1172000000,6.98000000,16.40000000,720.00,2011,"Transit",0.000000
"HATS-1 b","HATS-1",175.5252399,-23.3548451,3.44645900000,0.0444000000,14.59400000,589.55000000,1359.00,2012,"Transit",0.120000
"HD 47186 c","HD 47186",99.0367212,-27.6234285,1353.60000000000,2.3950000000,13.00000000,111.42000000,183.18,2008,"Radial Velocity",0.249000
"HD 196885 A b","HD 196885 A",309.9664609,11.2500236,1333.00000000000,2.3700000000,13.20000000,819.97000000,224.21,2007,"Radial Velocity",0.480000
"CoRoT-6 b","CoRoT-6",281.0725563,6.6632062,8.88659300000,0.0855000000,13.06800000,940.74000000,1017.00,2009,"Transit",0.100000
"HR 8799 b","HR 8799",346.8701486,21.1340376,170000.00000000000,68.0000000000,13.00000000,2000.00000000,1200.00,2008,"Imaging",
"HAT-P-37 b","HAT-P-37",284.2960393,51.2691212,2.79743600000,0.0379000000,13.20400000,371.52800000,1271.00,2011,"Transit",0.058000
"Kepler-42 b","Kepler-42",292.2196000,44.6173667,1.21376720000,0.0116000000,0.78000000,0.70594400,519.00,2011,"Transit",0.040000
"Kepler-32 d","Kepler-32",297.8423073,46.5743595,22.78020000000,0.1300000000,2.70000000,39.90890000,328.00,2012,"Transit",0.000000
"Kepler-32 f","Kepler-32",297.8423073,46.5743595,0.74296000000,0.0130000000,0.82000000,1862.11000000,1026.00,2012,"Transit",0.000000
"BD+20 2457 b","BD+20 2457",154.1867820,19.8912626,379.63000000000,1.4500000000,12.10000000,6807.63000000,1159.67,2009,"Radial Velocity",0.150000
"HR 8799 d","HR 8799",346.8701486,21.1340376,37000.00000000000,24.0000000000,13.00000000,3000.00000000,1300.00,2008,"Imaging",0.600000
"GJ 179 b","GJ 179",73.0245495,6.4752347,2288.00000000000,2.4100000000,13.80000000,301.93698665,64.53,2009,"Radial Velocity",0.210000
"SWEEPS-4 b","SWEEPS-4",269.7246667,-29.1890556,4.20000000000,0.0550000000,9.07900000,1207.70000000,,2006,"Transit",
"Kepler-42 c","Kepler-42",292.2196000,44.6173667,0.45328509000,0.0060000000,0.73000000,60.33700000,720.00,2011,"Transit",0.000000
"Kepler-33 c","Kepler-33",289.0775348,46.0051696,13.17562000000,0.1189000000,3.20000000,0.39000000,1009.00,2011,"Transit",0.000000
"Kepler-35 b","Kepler-35",294.4969550,46.6896733,131.45800000000,0.6034700000,8.16000000,40.36300000,352.89,2011,"Transit",0.042000
"CoRoT-16 b","CoRoT-16",278.5246658,-6.0026026,5.35227000000,0.0618000000,13.11000000,170.03200000,1195.53,2011,"Transit",0.330000
"HD 240210 b","HD 240210",347.6219227,57.0294818,501.75000000000,1.1600000000,12.80000000,1655.82000000,970.67,2009,"Radial Velocity",0.150000
"BD+20 2457 c","BD+20 2457",154.1867820,19.8912626,621.99000000000,2.0100000000,12.40000000,3963.17000000,984.96,2009,"Radial Velocity",0.180000
"HD 110014 b","HD 110014",189.8111935,-7.9956702,835.47700000000,2.1400000000,12.40000000,3524.59000000,669.84,2009,"Radial Velocity",0.462000
"HIP 5158 b","HIP 5158",16.5094891,-22.4536134,345.72000000000,0.8900000000,13.60000000,451.00000000,219.65,2009,"Radial Velocity",0.520000
"Kepler-33 e","Kepler-33",289.0775348,46.0051696,31.78440000000,0.2138000000,4.02000000,5.57000000,752.00,2011,"Transit",0.000000
"Kepler-33 d","Kepler-33",289.0775348,46.0051696,21.77596000000,0.1662000000,5.35000000,3.91000000,853.00,2011,"Transit",0.000000
"BD+20 274 b","BD+20 274",25.9203179,21.0052692,578.20000000000,1.3000000000,13.00000000,1334.88600000,755.70,2012,"Radial Velocity",0.210000
"KELT-1 b","KELT-1",0.3620995,39.3837953,1.21751400000,0.0246600000,12.44200000,8654.15000000,2361.00,2012,"Transit",0.009900
"CoRoT-5 b","CoRoT-5",101.2772396,0.8152163,4.03789620000,0.0494700000,15.55800000,148.42000000,1438.00,2009,"Transit",0.090000
"HD 134987 c","HD 134987",228.3675397,-25.3096721,5000.00000000000,5.8000000000,13.90000000,260.00000000,125.03,2009,"Radial Velocity",0.120000
"HD 147018 b","HD 147018",245.7490012,-61.6901291,44.23600000000,0.2388000000,13.40000000,674.00000000,519.98,2009,"Radial Velocity",0.468600
"Kepler-33 f","Kepler-33",289.0775348,46.0051696,41.02902000000,0.2535000000,4.46000000,9.60000000,691.00,2011,"Transit",0.000000
"Kepler-31 b","Kepler-31",294.0230229,45.8530535,20.86130000000,0.1600000000,5.50000000,36.74180000,781.00,2011,"Transit",0.000000
"Kepler-34 b","Kepler-34",296.4358022,44.6415369,288.82200000000,1.0896000000,8.56400000,69.92000000,294.42,2011,"Transit",0.182000
"HD 45350 b","HD 45350",97.1902262,38.9627315,963.60000000000,1.9200000000,13.50000000,568.89000000,217.81,2004,"Radial Velocity",0.778000
"HD 147018 c","HD 147018",245.7490012,-61.6901291,1008.00000000000,1.9220000000,12.70000000,2080.00000000,183.28,2009,"Radial Velocity",0.133000
"CFBDSIR J145829+101343 b","CFBDSIR J145829+101343",224.6208333,10.2286111,10037.50000000000,2.6000000000,12.40000000,3337.10000000,370.00,2011,"Imaging",
"HD 220773 b","HD 220773",351.6144715,8.6428871,3724.70000000000,4.9400000000,13.60000000,460.80000000,167.02,2011,"Radial Velocity",0.510000
"HD 147513 b","HD 147513",246.0057894,-39.1929661,528.40000000000,1.3200000000,13.70000000,385.00000000,244.43,2003,"Radial Velocity",0.260000
"HD 129445 b","HD 129445",221.5104196,-68.7629901,1840.00000000000,2.9000000000,13.30000000,797.74930157,173.36,2009,"Radial Velocity",0.700000
"WASP-5 b","WASP-5",359.3490277,-41.2772202,1.62842790000,0.0267000000,12.18400000,502.15000000,1706.00,2008,"Transit",0.038000
"OGLE-TR-111 b","OGLE-TR-111",163.3241150,-61.4056976,4.01444630000,0.0473000000,11.42197100,174.79900000,1019.00,2004,"Transit",0.000000
"HD 8535 b","HD 8535",20.9054804,-41.2701007,1313.00000000000,2.4500000000,14.00000000,216.12440000,206.21,2010,"Radial Velocity",0.150000
"MOA-2009-BLG-266L b","MOA-2009-BLG-266L",267.0081250,-35.0054111,2800.00000000000,3.2000000000,3.21000000,10.40000000,,2011,"Microlensing",
"GJ 667 C b","GJ 667 C",259.7510609,-34.9977651,7.20300000000,0.0504310000,2.25000000,5.68000000,,2012,"Radial Velocity",0.200000
"HIP 5158 c","HIP 5158",16.5094891,-22.4536134,9017.76000000000,7.7000000000,12.20000000,4780.16320000,72.63,2011,"Radial Velocity",0.140000
"HAT-P-23 b","HAT-P-23",306.1239076,16.7621462,1.21288400000,0.0232000000,15.33400000,664.23700000,2056.00,2010,"Transit",0.106000
"HAT-P-20 b","HAT-P-20",111.9164295,24.3361185,2.87531700000,0.0361000000,9.71800000,2302.89900000,970.00,2010,"Transit",0.015000
"CoRoT-17 b","CoRoT-17",278.6992360,-6.6122880,3.76810000000,0.0461000000,11.43000000,772.29000000,1626.00,2011,"Transit",0.000000
"HD 132563 b","HD 132563",224.5892892,44.0428571,1544.00000000000,2.6200000000,13.60000000,473.54700000,213.27,2011,"Radial Velocity",0.220000
"Kepler-45 b","Kepler-45",292.8729292,41.0641727,2.45523900000,0.0300000000,10.76000000,160.49700000,1000.00,2011,"Transit",0.110000
"HU Aqr AB b","HU Aqr",316.9921976,-5.2948694,2390.00000000000,3.6000000000,12.80000000,1875.19700000,,2011,"Eclipse Timing Variations",0.000000
"Kepler-417 b","Kepler-417",293.8241813,42.7796480,12.33100000000,0.1006000000,2.31000000,11.00000000,671.00,2014,"Transit",0.000000
"Kepler-37 d","Kepler-37",284.0592503,44.5183733,39.79226220000,0.2109000000,2.03000000,2.00000000,499.00,2013,"Transit",0.100000
"GJ 3634 b","GJ 3634",164.6433493,-31.1443383,2.64561000000,0.0287000000,2.83000000,8.40000000,656.45,2010,"Radial Velocity",0.080000
"Kepler-14 b","Kepler-14",287.7088140,47.3330500,6.79012300000,0.0771000000,12.73300000,2669.66000000,1605.00,2011,"Transit",0.035000
"CoRoT-18 b","CoRoT-18",98.1724172,-0.0316045,1.90006930000,0.0295000000,14.68000000,1102.82000000,1550.00,2011,"Transit",0.080000
"Kepler-15 b","Kepler-15",296.2005506,49.1400304,4.94278200000,0.0571400000,10.76000000,209.76000000,1251.00,2011,"Transit",0.060000
"KOI-55 b","KOI-55",296.3561853,41.0927315,0.24010400000,0.0060000000,0.75900000,0.44000000,7777.78,2011,"Orbital Brightness Modulation",
"PSR J1719-1438 b","PSR J1719-1438",259.7919708,-14.6336000,0.09070629300,0.0044000000,,382.80000000,,2011,"Pulsar Timing",0.060000
"CoRoT-14 b","CoRoT-14",103.4242023,-5.5360385,1.51214000000,0.0270000000,12.22000000,2415.40000000,1952.00,2010,"Transit",0.000000
"HD 11964 b","HD 11964",29.2884252,-10.2434693,1945.00000000000,3.1600000000,14.10000000,198.00000000,203.93,2005,"Radial Velocity",0.041000
"HAT-P-4 b","HAT-P-4",229.9912200,36.2295450,3.05653600000,0.0443800000,14.28000000,213.25500000,1686.00,2007,"Transit",0.000000
"OGLE-TR-10 b","OGLE-TR-10",267.8677483,-29.8764758,3.10127800000,0.0434000000,14.01100000,197.04600000,1702.00,2004,"Transit",0.000000
"OGLE-TR-113 b","OGLE-TR-113",163.1010355,-61.4468591,1.43247520000,0.0228900000,12.25100000,400.44900000,1342.00,2004,"Transit",0.000000
"HD 192310 b","HD 192310",303.8284712,-27.0337556,74.72000000000,0.3200000000,4.27000000,16.90000000,355.00,2011,"Radial Velocity",0.130000
"OGLE-2014-BLG-1760L b","OGLE-2014-BLG-1760L",269.4090000,-28.9620472,,1.8870000000,13.80000000,295.89824692,,2016,"Microlensing",
"OGLE-2013-BLG-0132L b","OGLE-2013-BLG-0132L",269.7646180,-28.4210281,,3.6000000000,11.60000000,92.00000000,,2017,"Microlensing",
"Kepler-277 b","Kepler-277",286.5831894,39.0772582,17.32400000000,0.1416800000,2.92000000,87.30000000,964.00,2013,"Transit",0.000000
"KMT-2017-BLG-1194L b","KMT-2017-BLG-1194L",274.3221250,-25.3239389,,1.7800000000,1.70000000,3.54000000,,2023,"Microlensing",
"KMT-2017-BLG-2331L b","KMT-2017-BLG-2331L",264.4072083,-29.4612111,,2.1400000000,14.20000000,171.00000000,,2024,"Microlensing",
"HD 41004 A b","HD 41004 A",89.9566041,-48.2394189,963.00000000000,,13.20000000,807.25000000,,2004,"Radial Velocity",0.740000
"OGLE-2019-BLG-0299L b","OGLE-2019-BLG-0299L",266.6794583,-23.5843111,,2.8000000000,12.70000000,1976.89269154,,2021,"Microlensing",
"Kepler-476 b","Kepler-476",295.1637592,43.9630716,14.00640607000,0.1126000000,3.08000000,9.69000000,807.00,2016,"Transit",0.000000
"KMT-2021-BLG-2294L b","KMT-2021-BLG-2294L",270.0624167,-28.6124389,,1.1500000000,5.02000000,22.24798849,,2022,"Microlensing",
"KMT-2022-BLG-1013L b","KMT-2022-BLG-1013L",264.7092500,-28.3556694,,1.3800000000,12.10000000,98.52680617,,2023,"Microlensing",
"Kepler-247 d","Kepler-247",288.6425609,43.0393769,20.47370000000,0.1408100000,4.50000000,50.00000000,530.00,2014,"Transit",0.102000
"Kepler-1976 b","Kepler-1976",292.1670600,48.7275345,4.95931924400,0.0565000000,12.21000000,,1103.00,2023,"Transit",0.000000
"WASP-155 b","WASP-155",347.9797230,33.0476125,3.11041300000,0.0430000000,13.45077684,276.82854250,1468.00,2025,"Transit",0.000000
"KMT-2019-BLG-0414L b","KMT-2019-BLG-0414L",268.8529167,-21.8955389,,1.1600000000,12.90000000,1452.47581999,,2022,"Microlensing",
"HD 62509 b","HD 62509",116.3288240,28.0261270,589.64000000000,1.6400000000,13.30000000,731.00000000,549.60,2006,"Radial Velocity",0.020000
"Kepler-65 b","Kepler-65",288.6887221,41.1511076,2.15491000000,0.0350000000,1.42000000,2.40000000,1740.00,2012,"Transit",0.028000
"RR Cae b","RR Cae",65.2733756,-48.6542601,4343.50000000000,5.3000000000,13.00000000,1334.88600000,35.94,2012,"Eclipse Timing Variations",0.000000
"WASP-65 b","WASP-65",133.3242982,8.5230171,2.31142430000,0.0334000000,12.46400000,492.62000000,1480.00,2013,"Transit",0.000000
"Kepler-30 c","Kepler-30",285.2836483,38.9472625,60.32310500000,0.3000000000,12.30000000,640.00000000,411.00,2012,"Transit",0.011100
"Kepler-38 b","Kepler-38",286.8303120,42.2791434,105.59900000000,0.4632000000,4.30000000,122.00000000,475.00,2012,"Transit",0.032000
"WASP-8 c","WASP-8",359.9008737,-35.0313349,4323.00000000000,5.2800000000,12.50000000,3003.37000000,116.99,2013,"Radial Velocity",0.000000
"ROXs 42 B b","ROXs 42 B",247.8125493,-24.5455770,,157.0000000000,12.50000000,2860.00000000,1975.00,2013,"Imaging",0.580000
"WASP-1 b","WASP-1",5.1669536,31.9899732,2.51994540000,0.0388900000,16.62300000,271.41500000,1812.00,2007,"Transit",0.000000
"Kepler-50 c","Kepler-50",288.1009312,50.0336844,9.37647000000,0.0870000000,2.17000000,8.20000000,1125.00,2012,"Transit",0.000000
"BD+15 2940 b","BD+15 2940",240.0956400,15.5467507,137.48000000000,0.5390000000,13.70000000,352.78000000,1207.75,2013,"Radial Velocity",0.260000
"Kepler-87 b","Kepler-87",297.9168433,46.9651146,114.73635000000,0.4810000000,13.49000000,324.20000000,478.00,2013,"Transit",0.036000
"WASP-75 b","WASP-75",342.3858995,-10.6754686,2.48419300000,0.0375000000,14.23500000,340.06000000,1710.00,2013,"Transit",0.000000
"Kepler-87 c","Kepler-87",297.9168433,46.9651146,191.23180000000,0.6760000000,6.14000000,6.40000000,403.00,2013,"Transit",0.039000
"HD 40307 b","HD 40307",88.5172191,-60.0237289,4.31230000000,0.0468000000,,1188.99607059,910.00,2009,"Radial Velocity",0.200000
"WTS-1 b","WTS-1",293.9850284,36.2962939,3.35205700000,0.0470000000,16.70000000,1274.44000000,1500.00,2012,"Transit",0.100000
"HD 40307 c","HD 40307",88.5172191,-60.0237289,9.61840000000,0.0799000000,,1868.51320475,696.00,2009,"Radial Velocity",0.060000
"CoRoT-26 b","CoRoT-26",279.7504991,6.9697828,4.20474000000,0.0526000000,14.12000000,165.26000000,1600.00,2013,"Transit",0.000000
"91 Aqr b","91 Aqr",348.9745031,-9.0878076,181.40000000000,0.7000000000,13.10000000,1017.00000000,891.73,2013,"Radial Velocity",0.027000
"tau Gem b","tau Gem",107.7847232,30.2449545,305.50000000000,1.1700000000,12.10000000,6547.00000000,1012.69,2013,"Radial Velocity",0.031000
"HAT-P-42 b","HAT-P-42",135.3443583,6.0970828,4.64187800000,0.0575000000,14.34800000,331.80100000,1428.00,2012,"Transit",0.000000
"Kepler-56 c","Kepler-56",293.7583002,41.8718070,21.40239000000,0.1652000000,9.80000000,181.00000000,1087.00,2012,"Transit",0.000000
"HD 40307 d","HD 40307",88.5172191,-60.0237289,20.43200000000,0.1321000000,,1775.38948150,541.00,2009,"Radial Velocity",0.070000
"HD 40307 f","HD 40307",88.5172191,-60.0237289,51.76000000000,0.2470000000,2.13000000,5.20000000,398.00,2013,"Radial Velocity",0.020000
"Kepler-186 e","Kepler-186",298.6527360,43.9549884,22.40770400000,0.1100000000,1.27000000,2.15000000,319.00,2014,"Transit",0.000000
"Kepler-186 c","Kepler-186",298.6527360,43.9549884,7.26730200000,0.0451000000,1.25000000,2.10000000,464.00,2014,"Transit",0.000000
"GJ 163 c","GJ 163",62.3228353,-53.3711768,25.63058000000,0.1254000000,2.50000000,6.80000000,305.07,2013,"Radial Velocity",0.099000
"GJ 163 d","GJ 163",62.3228353,-53.3711768,603.95116000000,1.0304000000,5.92000000,29.40000000,106.43,2013,"Radial Velocity",0.373000
"Kepler-56 b","Kepler-56",293.7583002,41.8718070,10.50160000000,0.1028000000,6.51000000,22.10000000,1378.00,2012,"Transit",0.040000
"HD 208527 b","HD 208527",329.0999413,21.2399220,875.50000000000,2.1000000000,12.50000000,3146.40000000,959.79,2012,"Radial Velocity",0.080000
"HD 40307 g","HD 40307",88.5172191,-60.0237289,197.80000000000,0.6000000000,2.56000000,7.10000000,255.00,2013,"Radial Velocity",0.290000
"Kepler-186 d","Kepler-186",298.6527360,43.9549884,13.34299600000,0.0781000000,1.40000000,2.54000000,379.00,2014,"Transit",0.000000
"GU Psc b","GU Psc",18.1464850,17.0650029,,2000.0000000000,14.17900000,3591.30000000,1050.00,2014,"Imaging",
"HIP 63242 b","HIP 63242",194.3824825,-65.6463263,124.60000000000,0.5650000000,12.50000000,2917.56000000,993.26,2013,"Radial Velocity",0.230000
"Kepler-11 b","Kepler-11",297.1150949,41.9091092,10.30390000000,0.0910000000,1.80000000,1.90000000,849.00,2010,"Transit",0.045000
"KOI-351 f","KOI-351",284.4334642,49.3051239,124.91440000000,0.4800000000,2.88000000,8.65000000,407.00,2013,"Transit",0.000000
"CoRoT-1 b","CoRoT-1",102.0798591,-3.1021394,1.50895570000,0.0275200000,16.70000000,327.35000000,1898.00,2008,"Transit",0.000000
"HAT-P-45 b","HAT-P-45",274.3732697,-3.3810594,3.12899200000,0.0452000000,15.98400000,283.49200000,1652.00,2014,"Transit",0.049000
"HAT-P-44 b","HAT-P-44",213.1438604,47.0147826,4.30121900000,0.0507000000,13.92200000,111.87100000,1108.00,2014,"Transit",0.044000
"Kepler-11 e","Kepler-11",297.1150949,41.9091092,31.99960000000,0.1950000000,4.19000000,8.00000000,582.00,2010,"Transit",0.012000
"HD 95086 b","HD 95086",164.2621032,-68.6672917,,55.7000000000,12.90000000,1589.00000000,1000.00,2013,"Imaging",
"BD-06 1339 b","BD-06 1339",88.2511811,-5.9963378,3.87280000000,0.0428000000,,1523.03372634,834.97,2013,"Radial Velocity",0.000000
"HD 103774 b","HD 103774",179.2310729,-12.1079951,5.88810000000,0.0700000000,13.30000000,116.00000000,1487.08,2013,"Radial Velocity",0.090000
"HAT-P-44 c","HAT-P-44",213.1438604,47.0147826,872.20000000000,1.7520000000,13.00000000,1271.30000000,187.92,2014,"Radial Velocity",0.494000
"HATS-5 b","HATS-5",67.2228465,-21.4820568,4.76338700000,0.0542000000,10.22300000,75.32300000,1025.00,2014,"Transit",0.019000
"Kepler-11 g","Kepler-11",297.1150949,41.9091092,118.38070000000,0.4660000000,3.33000000,25.00000000,376.00,2010,"Transit",0.150000
"KOI-351 e","KOI-351",284.4334642,49.3051239,91.93913000000,0.4200000000,2.66000000,7.56000000,450.00,2013,"Transit",0.000000
"KOI-351 c","KOI-351",284.4334642,49.3051239,8.71937500000,0.0890000000,1.19000000,1.81000000,987.00,2013,"Transit",0.000000
"HD 109271 b","HD 109271",188.3973970,-11.6215204,7.85430000000,0.0790000000,4.31000000,17.16200000,1128.86,2013,"Radial Velocity",0.250000
"HD 109271 c","HD 109271",188.3973970,-11.6215204,30.93000000000,0.1960000000,5.27000000,24.15400000,716.68,2013,"Radial Velocity",0.150000
"bet Cnc b","bet Cnc",124.1286379,9.1853306,605.20000000000,1.7000000000,12.60000000,2479.00000000,1039.74,2014,"Radial Velocity",0.080000
"mu Leo b","mu Leo",148.1898673,26.0067142,357.80000000000,1.1000000000,13.30000000,762.80000000,704.49,2014,"Radial Velocity",0.090000
"Kepler-11 c","Kepler-11",297.1150949,41.9091092,13.02410000000,0.1070000000,2.87000000,2.90000000,786.00,2010,"Transit",0.026000
"OGLE-2012-BLG-0358L b","OGLE-2012-BLG-0358L",265.6948750,-24.2610000,,0.8700000000,13.40000000,588.00000000,,2013,"Microlensing",
"HD 166724 b","HD 166724",273.4988604,-42.5757218,5144.00000000000,5.4200000000,13.00000000,1207.74794660,94.83,2012,"Radial Velocity",0.734000
"WASP-64 b","WASP-64",101.1149223,-32.8583878,1.57329180000,0.0264800000,14.24700000,403.94500000,1689.00,2012,"Transit",0.000000
"Kepler-67 b","Kepler-67",294.1533505,46.1663976,15.72590000000,0.1171000000,2.94000000,8.96000000,602.00,2013,"Transit",0.000000
"GJ 667 C c","GJ 667 C",259.7510609,-34.9977651,28.14000000000,0.1250000000,1.77000000,3.80000000,,2013,"Radial Velocity",0.020000
"HAT-P-38 b","HAT-P-38",35.3834942,32.2460441,4.64038200000,0.0523000000,9.24700000,84.85700000,1082.00,2012,"Transit",0.067000
"OGLE-2011-BLG-0251L b","OGLE-2011-BLG-0251L",264.5590830,-27.1361389,,2.7200000000,14.20000000,170.00000000,,2012,"Microlensing",
"PH1 b","PH1",298.2150641,39.9550863,138.31700000000,0.6520000000,6.18000000,169.00000000,481.00,2012,"Transit",0.070200
"Kepler-415 b","Kepler-415",293.8045041,38.6390517,4.17600000000,0.0426000000,1.21000000,119.90000000,694.00,2014,"Transit",0.000000
"Kepler-338 c","Kepler-338",282.9790593,40.7844188,24.31085600000,0.1720000000,2.34000000,6.08000000,831.00,2014,"Transit",0.030000
"WASP-126 b","WASP-126",63.3747060,-69.2265926,3.28883000000,0.0449000000,10.51358773,90.30000000,1480.00,2016,"Transit",0.180000
"Kepler-1544 b","Kepler-1544",297.2852168,49.2124526,168.81117400000,0.5446500000,1.78000000,3.82000000,269.00,2016,"Transit",0.000000
"GJ 667 C e","GJ 667 C",259.7510609,-34.9977651,62.24000000000,0.2130000000,1.45000000,2.70000000,,2013,"Radial Velocity",0.020000
"HD 207832 c","HD 207832",328.1517893,-26.0271749,1155.70000000000,2.1120000000,14.00000000,232.01590000,179.84,2012,"Radial Velocity",0.270000
"HAT-P-39 b","HAT-P-39",113.7582526,17.8300283,3.54387000000,0.0509000000,17.60900000,190.37200000,1752.00,2012,"Transit",0.000000
"HD 150706 b","HD 150706",247.8255687,79.7894032,5894.00000000000,6.7000000000,13.30000000,772.32302901,108.81,2012,"Radial Velocity",0.380000
"HIP 57274 d","HIP 57274",176.1705487,30.9576484,431.70000000000,1.0100000000,14.20000000,167.40000000,183.59,2011,"Radial Velocity",0.270000
"Kepler-82 e","Kepler-82",292.8733696,42.9661583,5.90220600000,0.0630000000,2.47000000,254.02000000,926.00,2014,"Transit",0.000000
"Kepler-417 c","Kepler-417",293.8241813,42.7796480,15.94300000000,0.1194000000,2.69000000,7.70000000,616.00,2014,"Transit",0.000000
"CoRoT-2 b","CoRoT-2",291.7770457,1.3836634,1.74299350000,0.0279800000,16.43200000,1102.82000000,1521.00,2008,"Transit",0.014300
"TOI-1272 b","TOI-1272",199.1962036,49.8610591,3.31597650000,0.0410000000,4.26000000,24.10000000,1051.00,2022,"Transit",0.345000
"Kepler-82 f","Kepler-82",292.8733696,42.9661583,75.73200000000,0.3395000000,4.84000000,20.90000000,423.57,2019,"Transit Timing Variations",0.001400
"TOI-1883 b","TOI-1883",134.0892456,-12.9306438,4.50800000000,0.0423000000,5.65000000,13.70000000,544.00,2024,"Transit",0.000000
"Oph 11 b","Oph 11",245.6049610,-24.0872219,7300000.00000000000,243.0000000000,12.30000000,4449.62000000,2175.00,2006,"Imaging",
"Kepler-338 d","Kepler-338",282.9790593,40.7844188,44.43101400000,0.2570000000,3.00000000,9.27000000,680.00,2014,"Transit",0.030000
"Kepler-418 b","Kepler-418",294.4335228,38.3554729,86.67856000000,0.3924900000,13.45000000,349.61124770,434.00,2014,"Transit",0.200000
"DP Leo b","DP Leo",169.3162193,17.9615717,10220.00000000000,8.1900000000,12.70000000,1995.88832000,24.39,2009,"Eclipse Timing Variations",0.390000
"Kepler-58 b","Kepler-58",296.3586251,39.1152033,10.21849540000,0.0929100000,2.78000000,35.50000000,920.00,2012,"Transit",0.040000
"Kepler-59 c","Kepler-59",287.0394932,46.6401677,17.98012350000,0.1311400000,1.98000000,3.81000000,752.00,2012,"Transit",0.000000
"Kepler-130 c","Kepler-130",288.4505905,40.2452006,27.50868000000,0.1780000000,2.90000000,8.75000000,683.00,2014,"Transit",0.000000
"CoRoT-27 b","CoRoT-27",278.4958319,5.5383811,3.57532000000,0.0476000000,11.28700000,3302.11000000,1500.00,2014,"Transit",0.065000
"HIP 105854 b","HIP 105854",321.5962275,-37.8294782,184.20000000000,0.8100000000,12.60000000,2606.10000000,822.14,2014,"Radial Velocity",0.020000
"Kapteyn c","Kapteyn",77.9586613,-45.0430198,121.54000000000,0.3110000000,2.54000000,7.00000000,165.59,2014,"Radial Velocity",0.230000
"2MASS J01225093-2439505 b","2MASS J01225093-2439505",20.7128012,-24.6646128,,52.0000000000,11.20900000,7786.50000000,1600.00,2013,"Imaging",
"Kepler-63 b","Kepler-63",289.2262876,49.5482814,9.43415050000,0.0800000000,6.11000000,120.00000000,791.00,2013,"Transit",0.450000
"Kepler-53 c","Kepler-53",290.4617926,40.5624966,38.55830380000,0.2209100000,3.17000000,36.00000000,550.00,2012,"Transit",0.000000
"Kepler-54 c","Kepler-54",294.7739245,43.0561976,12.07172490000,0.0809000000,1.23000000,0.70000000,395.00,2012,"Transit",0.000000
"Kepler-83 c","Kepler-83",282.2325197,43.6655662,20.09000000000,0.1179600000,2.36000000,2.03000000,362.00,2012,"Transit",0.000000
"Kepler-81 b","Kepler-81",293.6369437,42.8248275,5.95500000000,0.0522000000,2.42000000,17.20000000,635.00,2012,"Transit",0.000000
"Kepler-55 c","Kepler-55",285.1683291,44.0264898,42.15164180000,0.2095000000,2.21000000,69.80000000,349.00,2012,"Transit",0.000000
"Kepler-59 b","Kepler-59",287.0394932,46.6401677,11.86817070000,0.0994300000,1.10000000,4.10000000,864.00,2012,"Transit",0.000000
"HD 82943 b","HD 82943",143.7114034,-12.1302976,441.47000000000,1.1830600000,13.50000000,534.25000000,286.13,2003,"Radial Velocity",0.162000
"HD 154857 c","HD 154857",257.8161940,-56.6810380,3452.00000000000,5.3600000000,13.20000000,819.97000000,154.88,2014,"Radial Velocity",0.060000
"Kepler-62 d","Kepler-62",283.2125621,45.3496992,18.16406000000,0.1200000000,1.95000000,14.00000000,510.00,2013,"Transit",0.000000
"Kepler-62 b","Kepler-62",283.2125621,45.3496992,5.71493200000,0.0553000000,1.31000000,9.00000000,750.00,2013,"Transit",0.000000
"Kepler-83 b","Kepler-83",282.2325197,43.6655662,9.77000000000,0.0729500000,2.83000000,2.94000000,460.00,2012,"Transit",0.000000
"POTS-1 b","POTS-1",203.6087259,-66.5811639,3.16062960000,0.0373400000,10.54800000,734.16000000,841.95,2013,"Transit",
"Kepler-54 b","Kepler-54",294.7739245,43.0561976,8.01094340000,0.0619000000,2.10000000,0.98000000,453.00,2012,"Transit",0.022000
"Kepler-55 b","Kepler-55",285.1683291,44.0264898,27.94814490000,0.1593000000,2.43000000,43.00000000,400.00,2012,"Transit",0.000000
"HD 82943 c","HD 82943",143.7114034,-12.1302976,220.07800000000,0.7434500000,13.40000000,622.60300000,360.95,2003,"Radial Velocity",0.366300
"Kepler-413 b","Kepler-413",288.5106679,51.1624235,66.26200000000,0.3553000000,4.34700000,67.00000000,334.96,2014,"Transit",0.118100
"Kepler-61 b","Kepler-61",295.3044942,42.4753193,59.87756000000,0.2486100000,2.15000000,5.27000000,273.00,2013,"Transit",0.250000
"HAT-P-27 b","HAT-P-27",222.7673221,5.9473626,3.03957700000,0.0400000000,11.43000000,197.05000000,1091.99,2011,"Transit",0.000000
"Qatar-4 b","Qatar-4",4.8592750,44.0275965,1.80535640000,0.0280300000,12.72221500,1938.76300000,1385.00,2017,"Transit",0.000000
"WTS-2 b","WTS-2",293.7327826,36.8154936,1.01870680000,0.0185500000,15.27786700,355.96960000,2000.00,2014,"Transit",0.000000
"HD 4203 c","HD 4203",11.1722288,20.4483925,6700.00000000000,6.9500000000,13.30000000,689.66000000,124.96,2014,"Radial Velocity",0.240000
"Kepler-193 c","Kepler-193",296.4985951,46.5772484,50.69749400000,0.2860000000,2.75000000,8.00000000,595.00,2014,"Transit",0.000000
"Kepler-207 b","Kepler-207",290.0305195,42.1660555,1.61186500000,0.0290000000,1.57000000,3.09000000,1930.00,2014,"Transit",0.000000
"Kepler-313 b","Kepler-313",298.2948708,48.7754000,14.97041800000,0.1250000000,2.53000000,6.94000000,883.00,2014,"Transit",0.000000
"Kepler-120 c","Kepler-120",287.8915707,39.3390979,12.79458500000,0.0880000000,1.53000000,2.96000000,455.00,2014,"Transit",0.000000
"Kepler-238 e","Kepler-238",287.8971066,40.6378141,23.65400000000,0.1728600000,5.60000000,169.70000000,731.00,2013,"Transit",0.000000
"Kepler-328 b","Kepler-328",295.8092756,40.0084866,34.92100000000,0.2199000000,2.30000000,28.50000000,602.00,2013,"Transit",0.000000
"Kepler-280 b","Kepler-280",291.3905325,42.1804735,2.13954200000,0.0320000000,1.45000000,2.70000000,1425.00,2014,"Transit",0.000000
"Kepler-275 c","Kepler-275",292.4797004,38.5149018,16.08813400000,0.1320000000,3.38000000,11.40000000,875.00,2014,"Transit",0.000000
"Kepler-214 b","Kepler-214",284.7548499,44.9560500,15.66054400000,0.1300000000,2.61000000,7.32000000,758.00,2014,"Transit",0.000000
"Kepler-219 c","Kepler-219",288.7389481,46.7625929,22.71461300000,0.1650000000,3.58000000,12.50000000,766.00,2014,"Transit",0.000000
"Kepler-331 b","Kepler-331",291.8343455,39.3073462,8.45749600000,0.0650000000,1.82000000,3.97000000,540.00,2014,"Transit",0.000000
"Kepler-340 c","Kepler-340",295.9334710,40.3005515,22.82466900000,0.1780000000,3.37000000,11.30000000,946.00,2014,"Transit",0.000000
"TOI-4438 b","TOI-4438",270.3172389,35.5948992,7.44629500000,0.0523000000,2.40000000,4.11000000,446.00,2024,"Transit",0.070000
"Kepler-293 b","Kepler-293",286.3580611,42.4064917,19.25419600000,0.1440000000,3.07000000,9.64000000,657.00,2014,"Transit",0.000000
"Kepler-291 b","Kepler-291",287.9163029,42.4372666,3.54651100000,0.0470000000,2.16000000,5.31000000,1212.00,2014,"Transit",0.000000
"Kepler-224 d","Kepler-224",290.9342679,47.3575414,11.34939300000,0.0890000000,2.30000000,5.90000000,610.00,2014,"Transit",0.000000
"Kepler-124 c","Kepler-124",286.7527322,49.0648788,13.82137500000,0.1000000000,1.75000000,3.71000000,560.00,2014,"Transit",0.000000
"DMPP-7 b","DMPP-7",203.5284651,0.4988127,4.92666000000,0.0607000000,9.78000000,68.95800000,1456.00,2026,"Radial Velocity",0.054000
"HD 127195 b","HD 127195",217.8714193,-47.7292571,534.50000000000,,14.00000000,212.94503269,,2026,"Radial Velocity",0.040000
"Kepler-111 b","Kepler-111",291.6531630,44.6882613,3.34181500000,0.0460000000,1.58000000,3.12000000,1356.00,2014,"Transit",0.000000
"Kepler-148 c","Kepler-148",289.7861626,46.8588176,4.18004300000,0.0500000000,3.60000000,12.60000000,957.00,2014,"Transit",0.000000
"Kepler-179 b","Kepler-179",298.6636163,47.7619329,2.73592600000,0.0360000000,1.64000000,3.33000000,1075.00,2014,"Transit",0.000000
"Kepler-290 c","Kepler-290",286.4100307,42.6815137,36.77031000000,0.2050000000,2.70000000,7.75000000,437.00,2014,"Transit",0.000000
"Kepler-302 c","Kepler-302",294.3169307,43.6292436,127.28218400000,0.5030000000,12.45000000,,392.00,2014,"Transit",0.000000
"Kepler-226 b","Kepler-226",292.3760942,47.8809596,3.94099700000,0.0470000000,1.55000000,24.00000000,1018.00,2014,"Transit",0.000000
"Kepler-333 b","Kepler-333",292.2861201,40.9135429,12.55115800000,0.0870000000,1.32000000,28.20000000,480.00,2014,"Transit",0.000000
"Kepler-343 b","Kepler-343",291.9606620,42.4329567,8.96855000000,0.0880000000,2.41000000,6.39000000,1024.00,2014,"Transit",0.000000
"Kepler-197 d","Kepler-197",295.2264739,50.5592348,15.67756300000,0.1190000000,1.22000000,1.98000000,810.00,2014,"Transit",0.030000
"TOI-762 A b","TOI-762 A",166.0747423,-47.8214964,3.47168260000,0.0341800000,8.33948164,79.77493016,555.40,2024,"Transit",0.083000
"Kepler-125 b","Kepler-125",298.2581101,47.6050031,4.16438900000,0.0410000000,2.37000000,6.21000000,590.00,2014,"Transit",0.000000
"Kepler-306 c","Kepler-306",288.5387145,40.6160545,7.24019300000,0.0670000000,2.35000000,6.12000000,716.00,2014,"Transit",0.000000
"Kepler-53 d","Kepler-53",290.4617926,40.5624966,9.75196200000,0.0910000000,2.12000000,166.50300000,870.00,2014,"Transit",0.000000
"Kepler-238 d","Kepler-238",287.8971066,40.6378141,13.23354900000,0.1150000000,3.07000000,23.10000000,888.00,2014,"Transit",0.000000
"Kepler-127 d","Kepler-127",285.1899439,46.0280596,48.63040800000,0.2800000000,2.64000000,7.46000000,590.00,2014,"Transit",0.030000
"Kepler-222 c","Kepler-222",287.9060885,46.9377479,10.08881000000,0.0910000000,4.64000000,19.40000000,734.00,2014,"Transit",0.000000
"Kepler-257 d","Kepler-257",297.3159994,46.0232642,24.66455100000,0.1600000000,4.95000000,21.70000000,567.00,2014,"Transit",0.000000
"Kepler-308 b","Kepler-308",295.7852423,40.4395753,9.69492800000,0.0900000000,2.12000000,5.14000000,833.00,2014,"Transit",0.000000
"Kepler-310 c","Kepler-310",288.8392780,46.9867472,56.47542000000,0.2810000000,3.38000000,11.40000000,417.00,2014,"Transit",0.000000
"Kepler-242 c","Kepler-242",286.5656932,41.8084168,14.49648100000,0.1090000000,2.00000000,4.66000000,613.00,2014,"Transit",0.000000
"Kepler-241 c","Kepler-241",292.9131121,41.0609786,36.06597800000,0.1890000000,2.57000000,7.13000000,397.00,2014,"Transit",0.000000
"Kepler-351 c","Kepler-351",286.4527949,42.6577891,57.24809000000,0.2870000000,3.19000000,11.10000000,431.00,2014,"Transit",0.000000
"Kepler-341 c","Kepler-341",289.8615609,43.4727412,8.01041000000,0.0800000000,1.70000000,3.53000000,940.00,2014,"Transit",0.000000
"Kepler-166 c","Kepler-166",293.1600977,48.8812074,34.26028100000,0.1950000000,2.38000000,6.26000000,468.00,2014,"Transit",0.000000
"Kepler-108 c","Kepler-108",294.5589885,46.0623952,190.32349400000,0.7210000000,8.18000000,50.90000000,426.00,2014,"Transit",0.040000
"Kepler-311 b","Kepler-311",282.0612731,47.0854984,9.17609200000,0.0870000000,1.70000000,3.53000000,960.00,2014,"Transit",0.000000
"Kepler-276 b","Kepler-276",293.5681970,39.0363123,14.12841000000,0.1190000000,2.87000000,731.20900000,739.00,2014,"Transit",0.000000
"Kepler-254 c","Kepler-254",288.1646541,45.8164257,12.41218300000,0.1050000000,2.15000000,3.20000000,787.00,2014,"Transit",0.000000
"Kepler-268 c","Kepler-268",291.9761559,38.0550327,83.44639300000,0.3910000000,3.38000000,11.40000000,471.00,2014,"Transit",0.000000
"Kepler-321 c","Kepler-321",294.4536991,44.1457626,13.09392100000,0.1100000000,2.32000000,5.99000000,752.00,2014,"Transit",0.000000
"Kepler-349 b","Kepler-349",293.6764689,44.6155972,5.92977800000,0.0650000000,1.90000000,94.50000000,972.00,2014,"Transit",0.000000
"Kepler-108 b","Kepler-108",294.5589885,46.0623952,49.18392100000,0.2920000000,8.65000000,56.00000000,669.00,2014,"Transit",0.220000
"Kepler-264 b","Kepler-264",292.0446280,37.3761861,40.80623100000,0.2490000000,3.33000000,11.10000000,772.00,2014,"Transit",0.000000
"Kepler-279 b","Kepler-279",287.3912950,42.1948220,12.30968100000,0.1120000000,3.62000000,4180.93000000,1104.00,2014,"Transit",0.000000
"Kepler-286 c","Kepler-286",290.6761874,48.2942362,3.46809500000,0.0420000000,1.37000000,2.45000000,1098.00,2014,"Transit",0.000000
"Kepler-171 c","Kepler-171",296.7719082,41.7555958,11.46346200000,0.0980000000,2.56000000,7.08000000,752.00,2014,"Transit",0.000000
"Kepler-238 b","Kepler-238",287.8971066,40.6378141,2.09087600000,0.0340000000,1.73000000,3305.02000000,1642.00,2014,"Transit",0.000000
"Kepler-329 c","Kepler-329",299.2681646,45.2272852,18.68473700000,0.1130000000,1.93000000,4.38000000,402.00,2014,"Transit",0.000000
"Kepler-345 c","Kepler-345",295.2288521,45.9710432,9.38742700000,0.0770000000,1.20000000,2.20000000,575.00,2014,"Transit",0.000000
"Kepler-263 b","Kepler-263",292.4698022,37.5677941,16.56808700000,0.1200000000,2.67000000,7.61000000,548.00,2014,"Transit",0.000000
"Kepler-268 b","Kepler-268",291.9761559,38.0550327,25.93413800000,0.1800000000,2.55000000,7.04000000,695.00,2014,"Transit",0.000000
"Kepler-287 b","Kepler-287",290.9274282,48.4434588,20.34219900000,0.1450000000,2.33000000,83.00000000,667.00,2014,"Transit",0.000000
"Kepler-290 b","Kepler-290",286.4100307,42.6815137,14.58934700000,0.1100000000,2.25000000,5.69000000,594.00,2014,"Transit",0.000000
"TOI-4409 b","TOI-4409",81.8186583,-54.9460980,92.49178900000,,7.44000000,14.93793513,305.05,2026,"Transit",0.036000
"Kepler-148 b","Kepler-148",289.7861626,46.8588176,1.72936600000,0.0280000000,1.80000000,3.89000000,1284.00,2014,"Transit",0.000000
"HD 13908 c","HD 13908",34.5609102,65.5941901,931.00000000000,2.0300000000,12.80000000,1630.40000000,273.57,2013,"Radial Velocity",0.120000
"HD 159243 b","HD 159243",263.3395365,5.7008254,12.62000000000,0.1100000000,13.70000000,359.13000000,942.13,2013,"Radial Velocity",0.020000
"Kepler-292 d","Kepler-292",295.7661979,42.4242822,7.05567900000,0.0680000000,2.23000000,5.60000000,808.00,2014,"Transit",0.000000
"Kepler-297 c","Kepler-297",283.2091605,48.7776156,74.92013700000,0.3360000000,6.54000000,42.10000000,409.00,2014,"Transit",0.000000
"Kepler-150 e","Kepler-150",288.2341025,40.5208970,30.82655700000,0.1890000000,3.12000000,9.91000000,544.00,2014,"Transit",0.000000
"Kepler-178 c","Kepler-178",287.1010275,46.8964033,20.55280200000,0.1420000000,2.88000000,8.65000000,656.00,2014,"Transit",0.000000
"HD 73526 c","HD 73526",129.3183310,-41.3184231,379.10000000000,1.0300000000,13.30000000,715.09000000,329.17,2005,"Radial Velocity",0.280000
"HD 106906 b","HD 106906",184.4713308,-55.9755805,,650.0000000000,12.40000000,3496.00000000,1800.00,2013,"Imaging",
"Kepler-267 b","Kepler-267",299.8305655,47.1575741,3.35372800000,0.0370000000,1.98000000,37.90000000,615.00,2014,"Transit",0.000000
"Kepler-273 b","Kepler-273",291.3021458,47.6976573,2.93653200000,0.0370000000,1.50000000,2.86000000,1209.00,2014,"Transit",0.000000
"Kepler-306 b","Kepler-306",288.5387145,40.6160545,4.64618600000,0.0500000000,1.52000000,2.92000000,830.00,2014,"Transit",0.000000
"Kepler-309 c","Kepler-309",297.5098911,46.9614121,105.35638300000,0.4010000000,2.51000000,6.85000000,204.00,2014,"Transit",0.000000
"Kepler-207 c","Kepler-207",290.0305195,42.1660555,3.07157100000,0.0440000000,1.50000000,2.86000000,1556.00,2014,"Transit",0.000000
"Kepler-224 b","Kepler-224",290.9342679,47.3575414,3.13292400000,0.0380000000,1.39000000,2.51000000,937.00,2014,"Transit",0.000000
"Kepler-265 c","Kepler-265",290.5104788,41.2447430,17.02893700000,0.1270000000,2.63000000,7.41000000,755.00,2014,"Transit",0.000000
"Kepler-269 b","Kepler-269",290.2151459,41.7759810,5.32671800000,0.0610000000,2.47000000,6.66000000,1007.00,2014,"Transit",0.000000
"Kepler-119 c","Kepler-119",295.9463854,42.6588324,4.12510300000,0.0490000000,0.92000000,0.72100000,1016.00,2014,"Transit",0.000000
"Kepler-130 b","Kepler-130",288.4505905,40.2452006,8.45745800000,0.0790000000,1.02000000,1.04000000,982.00,2014,"Transit",0.150000
"Kepler-235 e","Kepler-235",286.0790779,39.2782370,46.18366900000,0.2130000000,2.22000000,5.56000000,306.00,2014,"Transit",0.000000
"Kepler-228 b","Kepler-228",296.2860853,48.2246328,2.56654600000,0.0380000000,1.53000000,2.96000000,1360.00,2014,"Transit",0.000000
"Kepler-305 b","Kepler-305",299.2242557,40.3431670,5.48700000000,0.0574600000,3.60000000,10.50000000,836.00,2013,"Transit",0.005000
"Kepler-277 c","Kepler-277",286.5831894,39.0772582,33.00600000000,0.2178100000,3.36000000,64.20000000,778.00,2013,"Transit",0.000000
"Kepler-301 b","Kepler-301",283.9829040,49.2329512,2.50855300000,0.0360000000,1.35000000,2.39000000,1278.00,2014,"Transit",0.000000
"Kepler-300 c","Kepler-300",295.2886934,48.5997243,40.71495500000,0.2320000000,2.25000000,5.69000000,516.00,2014,"Transit",0.000000
"Kepler-133 b","Kepler-133",297.2778906,48.3203542,8.12997600000,0.0830000000,1.76000000,3.75000000,1041.00,2014,"Transit",0.000000
"Kepler-152 c","Kepler-152",286.8653826,41.9889571,88.25505500000,0.3560000000,2.39000000,6.30000000,326.00,2014,"Transit",0.000000
"TIC 46432937 b","TIC 46432937",83.8689794,-14.5971909,1.44044527000,0.0206500000,13.31626907,1017.05090240,872.00,2024,"Transit",0.009000
"Kepler-138 e","Kepler-138",290.3814122,43.2930645,38.23000000000,0.1803000000,0.79700000,0.43000000,292.00,2022,"Transit Timing Variations",0.112000
"Kepler-299 c","Kepler-299",283.2070156,48.5805222,6.88587500000,0.0700000000,2.65000000,7.51000000,946.00,2014,"Transit",0.000000
"Kepler-298 b","Kepler-298",283.0398448,48.8253303,10.47546400000,0.0800000000,1.96000000,4.50000000,540.00,2014,"Transit",0.000000
"Kepler-157 b","Kepler-157",291.0972257,38.8756049,1.73234200000,0.0280000000,1.32000000,2.30000000,1546.00,2014,"Transit",0.000000
"Kepler-162 b","Kepler-162",297.2789115,43.7239693,6.91979800000,0.0690000000,1.26000000,2.13000000,961.00,2014,"Transit",0.000000
"Kepler-249 d","Kepler-249",296.9853002,43.6586043,15.36845900000,0.0970000000,1.57000000,3.09000000,332.00,2014,"Transit",0.000000
"Kepler-254 d","Kepler-254",288.1646541,45.8164257,18.74647700000,0.1390000000,2.50000000,6.80000000,686.00,2014,"Transit",0.000000
"Kepler-114 c","Kepler-114",294.1214820,48.3497977,8.04100000000,0.0648200000,1.60000000,2.80000000,507.00,2013,"Transit",0.000000
"Kepler-145 b","Kepler-145",291.3877397,44.5290465,22.95100000000,0.1730800000,2.65000000,37.10000000,873.00,2013,"Transit",0.430000
"Kepler-295 b","Kepler-295",285.3458383,45.3677754,12.64516400000,0.0990000000,1.22000000,1.98000000,741.00,2014,"Transit",0.000000
"Kepler-288 c","Kepler-288",288.9163997,39.5947523,19.30577200000,0.1400000000,2.85000000,8.50000000,815.00,2014,"Transit",0.000000
"Kepler-286 d","Kepler-286",290.6761874,48.2942362,5.91432300000,0.0610000000,1.33000000,2.33000000,919.00,2014,"Transit",0.000000
"Kepler-312 c","Kepler-312",298.3957687,42.4597712,19.74741200000,0.1530000000,3.15000000,10.10000000,754.00,2014,"Transit",0.000000
"Kepler-287 c","Kepler-287",290.9274282,48.4434588,44.85189600000,0.2460000000,3.26000000,66.00000000,513.00,2014,"Transit",0.000000
"Kepler-285 b","Kepler-285",291.3908469,48.0655392,2.63386700000,0.0360000000,1.34000000,2.36000000,1131.00,2014,"Transit",0.000000
"Kepler-178 d","Kepler-178",287.1010275,46.8964033,96.67898800000,0.3970000000,3.95000000,14.80000000,392.00,2014,"Transit",0.000000
"Kepler-183 b","Kepler-183",293.5308112,39.3159329,5.68794500000,0.0640000000,2.06000000,4.90000000,1088.00,2014,"Transit",0.000000
"Kepler-315 b","Kepler-315",298.0230967,43.3634761,96.10114100000,0.4020000000,3.77000000,13.70000000,409.00,2014,"Transit",0.000000
"Kepler-316 c","Kepler-316",290.8258350,44.1838993,6.82776600000,0.0580000000,1.16000000,1.65000000,577.00,2014,"Transit",0.000000
"Kepler-284 b","Kepler-284",293.1465698,47.7297053,12.69914900000,0.1040000000,2.24000000,5.65000000,686.00,2014,"Transit",0.000000
"Kepler-281 c","Kepler-281",294.1081465,44.7706524,36.33737300000,0.2150000000,5.31000000,161.12400000,513.00,2014,"Transit",0.000000
"Kepler-85 d","Kepler-85",290.9734395,45.2902761,17.91323000000,0.1300000000,1.20000000,8.69679000,626.00,2014,"Transit",0.000000
"Kepler-353 b","Kepler-353",296.8565596,41.7580749,5.79527800000,0.0510000000,0.89000000,0.64000000,534.00,2014,"Transit",0.000000
"Kepler-372 c","Kepler-372",291.2562253,49.2589288,20.05376300000,0.1540000000,2.09000000,5.02000000,755.00,2014,"Transit",0.000000
"Kepler-374 c","Kepler-374",294.1378921,42.3704075,3.28280700000,0.0420000000,1.10000000,1.37000000,1467.00,2014,"Transit",0.000000
"Kepler-151 c","Kepler-151",292.1627933,41.0231947,24.67461200000,0.1600000000,2.09000000,5.02000000,544.00,2014,"Transit",0.000000
"Kepler-386 c","Kepler-386",289.8589165,48.6938077,25.19345800000,0.1550000000,1.58000000,3.12000000,513.00,2014,"Transit",0.000000
"Kepler-213 c","Kepler-213",290.8241931,44.6472832,4.82296200000,0.0570000000,2.34000000,6.08000000,1060.00,2014,"Transit",0.000000
"Kepler-211 b","Kepler-211",285.4391183,43.1685051,4.13857500000,0.0480000000,1.26000000,2.13000000,954.00,2014,"Transit",0.000000
"Kepler-355 b","Kepler-355",285.7994917,42.8117427,11.03189000000,0.1020000000,1.46000000,2.73000000,840.00,2014,"Transit",0.000000
"Kepler-356 b","Kepler-356",292.4210998,37.6827919,4.61269600000,0.0570000000,1.57000000,3.09000000,1294.00,2014,"Transit",0.000000
"Kepler-355 c","Kepler-355",285.7994917,42.8117427,25.76229400000,0.1790000000,2.71000000,7.80000000,633.00,2014,"Transit",0.000000
"Kepler-356 c","Kepler-356",292.4210998,37.6827919,13.12163200000,0.1150000000,1.81000000,3.93000000,913.00,2014,"Transit",0.000000
"Kepler-387 b","Kepler-387",287.7982699,45.6567655,6.79163600000,0.0680000000,1.03000000,1.08000000,994.00,2014,"Transit",0.000000
"Kepler-388 b","Kepler-388",284.8280577,44.6086451,3.17331500000,0.0360000000,0.81000000,0.45700000,830.00,2014,"Transit",0.000000
"Kepler-404 b","Kepler-404",286.3985796,45.3435241,11.82985100000,0.1020000000,1.27000000,2.15000000,730.00,2014,"Transit",0.000000
"Kepler-221 d","Kepler-221",296.6547477,46.8352242,10.04156000000,0.0870000000,2.73000000,3.61000000,712.00,2014,"Transit",0.000000
"Kepler-357 b","Kepler-357",291.2429746,44.0086337,6.47543400000,0.0630000000,1.84000000,4.04000000,793.00,2014,"Transit",0.000000
"Kepler-358 b","Kepler-358",293.2302333,48.2813901,34.06046700000,0.2100000000,2.72000000,7.85000000,554.00,2014,"Transit",0.000000
"Kepler-376 c","Kepler-376",291.6071451,38.4103192,14.17232700000,0.1150000000,1.79000000,3.86000000,873.00,2014,"Transit",0.000000
"Kepler-378 b","Kepler-378",294.9489697,46.4388673,16.09236100000,0.1120000000,0.75000000,0.34700000,503.00,2014,"Transit",0.000000
"Kepler-389 b","Kepler-389",291.9600082,44.9000587,3.24410700000,0.0410000000,1.51000000,2.89000000,1047.00,2014,"Transit",0.000000
"Kepler-118 b","Kepler-118",299.2131881,41.4248195,7.51849600000,0.0730000000,1.96000000,4.50000000,784.00,2014,"Transit",0.000000
"Kepler-359 b","Kepler-359",293.2936129,42.1963497,25.56322200000,0.1780000000,3.53000000,12.20000000,671.00,2014,"Transit",0.000000
"Kepler-363 c","Kepler-363",283.1920779,41.3054172,7.54242700000,0.0790000000,1.69000000,66.40000000,1054.00,2014,"Transit",0.000000
"Kepler-379 c","Kepler-379",295.7010981,38.9458209,62.78469700000,0.3260000000,2.29000000,5.86000000,530.00,2014,"Transit",0.000000
"Kepler-112 c","Kepler-112",296.9811361,43.2097025,28.57426300000,0.1720000000,2.40000000,6.35000000,538.00,2014,"Transit",0.000000
"Kepler-163 b","Kepler-163",295.0027458,46.9873389,7.81093700000,0.0780000000,1.05000000,1.16000000,906.00,2014,"Transit",0.000000
"Kepler-390 b","Kepler-390",291.6288086,41.2088351,6.73808800000,0.0650000000,0.82000000,0.47700000,786.00,2014,"Transit",0.000000
"Kepler-52 d","Kepler-52",286.7380152,49.9757383,36.44517100000,0.1820000000,1.95000000,88.87750000,332.00,2014,"Transit",0.000000
"Kepler-231 b","Kepler-231",293.9733913,50.5318460,10.06527500000,0.0740000000,1.73000000,35.40000000,488.00,2014,"Transit",0.000000
"Kepler-357 d","Kepler-357",291.2429746,44.0086337,49.49987500000,0.2460000000,3.43000000,11.60000000,402.00,2014,"Transit",0.000000
"Kepler-358 c","Kepler-358",293.2302333,48.2813901,83.48836900000,0.3810000000,2.85000000,8.50000000,411.00,2014,"Transit",0.000000
"Kepler-139 b","Kepler-139",282.3919451,43.8894167,15.77104400000,0.1270000000,2.94000000,7.00000000,752.00,2014,"Transit",0.000000
"Kepler-172 d","Kepler-172",283.3684093,41.8218390,14.62711900000,0.1180000000,2.25000000,5.69000000,736.00,2014,"Transit",0.000000
"Kepler-237 b","Kepler-237",283.2213438,40.4217620,4.71510600000,0.0500000000,1.41000000,2.57000000,823.00,2014,"Transit",0.000000
"Kepler-235 c","Kepler-235",286.0790779,39.2782370,7.82490400000,0.0650000000,1.28000000,2.18000000,555.00,2014,"Transit",0.000000
"Kepler-363 b","Kepler-363",283.1920779,41.3054172,3.61456800000,0.0480000000,1.16000000,1.65000000,1347.00,2014,"Transit",0.000000
"Kepler-272 b","Kepler-272",299.1275257,47.5938319,2.97135300000,0.0380000000,1.43000000,78.00000000,1200.00,2014,"Transit",0.000000
"Kepler-353 c","Kepler-353",296.8565596,41.7580749,8.41089400000,0.0650000000,1.38000000,2.48000000,472.00,2014,"Transit",0.000000
"Kepler-359 c","Kepler-359",293.2936129,42.1963497,57.68802000000,0.3070000000,4.30000000,2.90000000,512.00,2014,"Transit",0.000000
"Kepler-173 b","Kepler-173",294.6466171,41.8840952,4.26374200000,0.0480000000,1.29000000,2.21000000,1179.00,2014,"Transit",0.000000
"Kepler-175 c","Kepler-175",289.5532320,43.8761160,34.03525700000,0.2130000000,3.10000000,9.80000000,583.00,2014,"Transit",0.000000
"Kepler-141 c","Kepler-141",297.9707271,47.7316041,7.01060600000,0.0670000000,1.41000000,2.57000000,738.00,2014,"Transit",0.000000
"Kepler-239 c","Kepler-239",294.2020505,40.6633313,56.22809800000,0.2680000000,2.51000000,6.85000000,366.00,2014,"Transit",0.000000
"Kepler-367 c","Kepler-367",297.2925580,49.9817499,53.57863700000,0.2530000000,1.20000000,1.87000000,357.00,2014,"Transit",0.000000
"Kepler-143 c","Kepler-143",298.0676519,49.4125410,27.08251100000,0.1810000000,3.37000000,11.30000000,703.00,2014,"Transit",0.000000
"Kepler-360 b","Kepler-360",286.2847077,44.7815817,3.28967200000,0.0440000000,1.65000000,3.36000000,1116.00,2014,"Transit",0.000000
"Kepler-49 e","Kepler-49",292.2945208,40.5918123,18.59610800000,0.1160000000,1.56000000,1.03815000,371.00,2014,"Transit",0.000000
"Kepler-140 b","Kepler-140",287.3694056,46.7681473,3.25427000000,0.0450000000,1.61000000,3.22000000,1301.00,2014,"Transit",0.000000
"Kepler-392 b","Kepler-392",288.6608260,43.3681938,5.34185300000,0.0590000000,1.00000000,0.97200000,1125.00,2014,"Transit",0.000000
"Kepler-122 b","Kepler-122",291.1118647,39.9490248,5.76619300000,0.0640000000,2.34000000,6.08000000,1159.00,2014,"Transit",0.000000
"Kepler-243 c","Kepler-243",285.1104819,42.0339619,20.02621800000,0.1420000000,1.99000000,4.62000000,559.00,2014,"Transit",0.000000
"Kepler-374 d","Kepler-374",294.1378921,42.3704075,5.02821900000,0.0560000000,1.31000000,2.27000000,1272.00,2014,"Transit",0.000000
"Kepler-375 b","Kepler-375",288.6178715,48.0983639,12.12593400000,0.1010000000,1.45000000,2.70000000,851.00,2014,"Transit",0.000000
"Kepler-116 c","Kepler-116",294.7420605,43.5367842,13.07163000000,0.1160000000,2.30000000,5.90000000,964.00,2014,"Transit",0.000000
"Kepler-280 c","Kepler-280",291.3905325,42.1804735,4.80709100000,0.0560000000,2.01000000,4.70000000,1088.00,2014,"Transit",0.000000
"TOI-3053 b","TOI-3053",148.5732223,-64.2969041,2.99199870000,0.0390000000,13.56286665,270.15414595,1290.00,2026,"Transit",0.000000
"Kepler-133 c","Kepler-133",297.2778906,48.3203542,31.51758600000,0.2040000000,2.84000000,8.45000000,663.00,2014,"Transit",0.000000
"Kepler-246 c","Kepler-246",296.4834007,42.6633806,11.18716100000,0.0950000000,1.50000000,2.86000000,667.00,2014,"Transit",0.000000
"Kepler-251 e","Kepler-251",296.5662171,44.1058077,99.64016100000,0.4040000000,2.77000000,8.10000000,360.00,2014,"Transit",0.000000
"Kepler-326 c","Kepler-326",294.3255898,46.0022646,4.58035800000,0.0510000000,1.40000000,17.40000000,889.00,2014,"Transit",0.000000
"K2-24 b","K2-24",242.5734559,-24.9906029,20.88959610000,0.1673000000,5.63800000,20.60000000,732.00,2016,"Transit",0.049800
"Kepler-281 b","Kepler-281",294.1081465,44.7706524,14.64600800000,0.1170000000,2.82000000,324.00000000,694.00,2014,"Transit",0.000000
"Kepler-288 b","Kepler-288",288.9163997,39.5947523,6.09732600000,0.0650000000,1.67000000,3.43000000,1197.00,2014,"Transit",0.000000
"Kepler-393 b","Kepler-393",290.9952050,45.1921880,9.18241700000,0.0910000000,1.29000000,2.21000000,1052.00,2014,"Transit",0.000000
"Kepler-394 b","Kepler-394",296.3019792,50.6723115,8.00501300000,0.0830000000,1.60000000,3.19000000,1035.00,2014,"Transit",0.000000
"Kepler-26 e","Kepler-26",284.9410627,46.5664505,46.82791500000,0.2200000000,2.41000000,6.39000000,276.00,2014,"Transit",0.000000
"Kepler-255 b","Kepler-255",296.0642702,45.9767647,5.71460600000,0.0630000000,1.55000000,3.02000000,971.00,2014,"Transit",0.000000
"Kepler-344 b","Kepler-344",292.4996101,46.3243406,21.96394500000,0.1530000000,2.61000000,7.32000000,643.00,2014,"Transit",0.000000
"Kepler-342 b","Kepler-342",292.6780488,46.7266813,15.17031800000,0.1280000000,2.25000000,5.69000000,905.00,2014,"Transit",0.000000
"Kepler-291 c","Kepler-291",287.9163029,42.4372666,5.70078600000,0.0650000000,1.88000000,4.19000000,1035.00,2014,"Transit",0.000000
"Kepler-293 c","Kepler-293",286.3580611,42.4064917,54.15574300000,0.2860000000,3.83000000,14.00000000,466.00,2014,"Transit",0.000000
"Kepler-189 b","Kepler-189",287.5646296,44.3050662,10.39993100000,0.0880000000,1.21000000,1.92000000,678.00,2014,"Transit",0.000000
"Kepler-191 c","Kepler-191",291.1833211,45.3230937,17.73850600000,0.1280000000,1.86000000,4.12000000,596.00,2014,"Transit",0.000000
"Kepler-258 c","Kepler-258",294.0684116,46.5791357,33.65307900000,0.1930000000,3.61000000,12.70000000,470.00,2014,"Transit",0.000000
"Kepler-337 c","Kepler-337",290.0605123,47.1639533,9.69320100000,0.0930000000,2.05000000,4.86000000,1017.00,2014,"Transit",0.000000
"Kepler-298 c","Kepler-298",283.0398448,48.8253303,22.92881000000,0.1360000000,1.93000000,4.38000000,416.00,2014,"Transit",0.000000
"Kepler-300 b","Kepler-300",295.2886934,48.5997243,10.44634700000,0.0940000000,1.67000000,3.43000000,812.00,2014,"Transit",0.000000
"Kepler-137 b","Kepler-137",282.1355875,43.0391951,8.43638700000,0.0770000000,1.47000000,2.76000000,742.00,2014,"Transit",0.000000
"Kepler-261 c","Kepler-261",291.3647333,37.6092390,24.57085800000,0.1560000000,2.00000000,4.66000000,505.00,2014,"Transit",0.000000
"Kepler-265 b","Kepler-265",290.5104788,41.2447430,6.84626200000,0.0690000000,1.86000000,4.12000000,1022.00,2014,"Transit",0.000000
"Kepler-339 b","Kepler-339",293.3517010,48.4445922,4.97765600000,0.0550000000,1.42000000,2.60000000,1023.00,2014,"Transit",0.000000
"Kepler-325 b","Kepler-325",289.8354219,49.8256070,4.54443900000,0.0530000000,2.91000000,8.80000000,1017.00,2014,"Transit",0.000000
"Kepler-126 b","Kepler-126",289.3473634,44.2084445,10.49571100000,0.0990000000,1.52000000,4.11726105,1009.00,2014,"Transit",0.070000
"Kepler-380 b","Kepler-380",282.3947017,48.7591334,3.93082100000,0.0500000000,1.19000000,1.81000000,1317.00,2014,"Transit",0.000000
"Kepler-397 c","Kepler-397",295.8940373,42.3805156,135.49852700000,0.4800000000,6.18000000,31.60000000,295.00,2014,"Transit",0.000000
"Kepler-411 b","Kepler-411",287.6057027,49.5233937,3.00515600000,0.0375000000,2.40100000,25.60000000,1138.00,2013,"Transit",0.146000
"TOI-2095 c","TOI-2095",285.6365235,75.4185135,28.17232000000,0.1370000000,1.33000000,7.40000000,297.00,2023,"Transit",0.000000
"Kepler-416 d","Kepler-416",291.5569554,39.2272923,3.07644709000,0.0407000000,1.61000000,3.22000000,1253.00,2023,"Transit",0.000000
"TOI-4504 b","TOI-4504",114.4673065,-62.0782776,2.42615160000,0.0338000000,2.65000000,140.00000000,1345.00,2024,"Transit",0.840000
"Kepler-46 c","Kepler-46",289.2687388,42.6041819,57.01100000000,0.2799000000,13.50000000,119.49900000,455.00,2012,"Transit Timing Variations",0.014600
"Kepler-188 b","Kepler-188",281.2797173,44.3154743,2.06189700000,0.0320000000,1.68000000,3.46000000,1463.00,2014,"Transit",0.000000
"Kepler-362 c","Kepler-362",291.7716030,47.5299192,37.86628100000,0.2070000000,1.45000000,2.70000000,543.00,2014,"Transit",0.000000
"Kepler-136 c","Kepler-136",296.4673039,42.5987984,16.39923500000,0.1330000000,1.99000000,4.62000000,847.00,2014,"Transit",0.000000
"Kepler-381 c","Kepler-381",285.1828685,43.8310283,13.39163500000,0.1170000000,1.12000000,1.46000000,1180.00,2014,"Transit",0.000000
"Kepler-398 b","Kepler-398",291.4688524,40.3437001,4.08142300000,0.0440000000,0.93000000,0.74900000,755.00,2014,"Transit",0.000000
"Kepler-136 b","Kepler-136",296.4673039,42.5987984,11.57890000000,0.1060000000,2.05000000,19.80000000,951.00,2014,"Transit",0.000000
"Kepler-272 d","Kepler-272",299.1275257,47.5938319,10.93730400000,0.0910000000,2.25000000,5.69000000,777.00,2014,"Transit",0.000000
"Kepler-206 d","Kepler-206",291.6346564,41.8338415,23.44281000000,0.1630000000,1.19000000,1.81000000,681.00,2014,"Transit",0.000000
"Kepler-141 b","Kepler-141",297.9707271,47.7316041,3.10767500000,0.0390000000,0.69000000,0.25700000,968.00,2014,"Transit",0.000000
"Kepler-399 d","Kepler-399",299.5017242,40.6707669,58.03461600000,0.2610000000,1.89000000,4.23000000,486.00,2014,"Transit",0.000000
"Kepler-400 b","Kepler-400",290.9444679,40.4800528,9.02438900000,0.0870000000,1.65000000,3.36000000,939.00,2014,"Transit",0.000000
"Kepler-366 b","Kepler-366",296.8520316,49.0844359,3.28195900000,0.0450000000,1.46000000,2.73000000,1326.00,2014,"Transit",0.000000
"Kepler-367 b","Kepler-367",297.2925580,49.9817499,37.81572400000,0.2010000000,1.30000000,2.24000000,401.00,2014,"Transit",0.000000
"Kepler-135 b","Kepler-135",290.4950939,38.7954956,6.00253000000,0.0670000000,1.81000000,3.93000000,1209.00,2014,"Transit",0.000000
"Kepler-383 b","Kepler-383",291.3426078,38.3631616,12.90453200000,0.0950000000,1.32000000,2.30000000,545.00,2014,"Transit",0.000000
"Kepler-401 b","Kepler-401",290.0827494,50.8634361,14.38303500000,0.1220000000,1.71000000,3.57000000,889.00,2014,"Transit",0.000000
"Kepler-402 c","Kepler-402",288.3701976,43.3546109,6.12482100000,0.0680000000,1.56000000,3.05000000,1140.00,2014,"Transit",0.000000
"Kepler-351 b","Kepler-351",286.4527949,42.6577891,37.05491900000,0.2140000000,3.06000000,4.80000000,498.00,2014,"Transit",0.000000
"Kepler-350 b","Kepler-350",285.4195845,39.7061009,11.18956200000,0.1040000000,1.85000000,16.90000000,1037.00,2014,"Transit",0.000000
"Kepler-369 c","Kepler-369",293.6743322,47.9084727,14.87157200000,0.0940000000,1.41000000,2.57000000,391.00,2014,"Transit",0.000000
"Kepler-371 b","Kepler-371",292.3264835,38.6575441,34.76327800000,0.2000000000,1.89000000,4.23000000,554.00,2014,"Transit",0.000000
"Kepler-147 b","Kepler-147",287.9757213,39.0871680,12.61058400000,0.1130000000,1.53000000,2.96000000,953.00,2014,"Transit",0.000000
"Kepler-132 d","Kepler-132",283.2358100,41.3430370,18.01019900000,0.1360000000,1.55000000,3.02000000,758.00,2014,"Transit",0.000000
"Kepler-200 c","Kepler-200",284.4099503,41.2374928,10.22215700000,0.0900000000,1.59000000,3.15000000,806.00,2014,"Transit",0.000000
"Kepler-215 e","Kepler-215",294.9735313,45.2136867,68.16101000000,0.3140000000,1.75000000,3.71000000,405.00,2014,"Transit",0.000000
"Kepler-347 c","Kepler-347",289.1995995,49.3056404,27.32087100000,0.1830000000,1.75000000,3.71000000,705.00,2014,"Transit",0.000000
"Kepler-202 b","Kepler-202",282.9734874,41.3217991,4.06942700000,0.0450000000,1.63000000,3.29000000,802.00,2014,"Transit",0.000000
"Kepler-84 f","Kepler-84",298.2520208,40.4960842,44.55216900000,0.2500000000,2.20000000,5.48000000,572.00,2014,"Transit",0.000000
"Kepler-310 b","Kepler-310",288.8392780,46.9867472,13.93069800000,0.1110000000,1.19000000,1.81000000,665.00,2014,"Transit",0.000000
"Kepler-270 c","Kepler-270",282.2001207,44.4222795,25.26288700000,0.1800000000,1.77000000,3.78000000,756.00,2014,"Transit",0.000000
"Kepler-24 d","Kepler-24",290.4132621,38.3437283,4.24438400000,0.0510000000,1.67000000,293.95900000,1305.00,2014,"Transit",0.000000
"Kepler-217 c","Kepler-217",293.0377331,46.2775223,8.58600400000,0.0890000000,1.85000000,4.08000000,1208.00,2014,"Transit",0.000000
"Kepler-220 e","Kepler-220",291.5060432,46.8956262,45.90273300000,0.2260000000,1.33000000,2.33000000,341.00,2014,"Transit",0.000000
"Kepler-313 c","Kepler-313",298.2948708,48.7754000,32.27327300000,0.2080000000,2.57000000,7.13000000,683.00,2014,"Transit",0.000000
"Kepler-311 c","Kepler-311",282.0612731,47.0854984,19.73828600000,0.1450000000,1.43000000,2.63000000,744.00,2014,"Transit",0.000000
"Kepler-282 c","Kepler-282",284.6772402,44.7976401,13.63872300000,0.1060000000,1.20000000,1.87000000,717.00,2014,"Transit",0.000000
"Kepler-286 e","Kepler-286",290.6761874,48.2942362,29.22128900000,0.1760000000,1.77000000,3.78000000,539.00,2014,"Transit",0.000000
"Kepler-204 b","Kepler-204",285.3471620,41.7618450,14.40097400000,0.1170000000,2.53000000,6.94000000,828.00,2014,"Transit",0.000000
"Kepler-359 d","Kepler-359",293.2936129,42.1963497,77.09569100000,0.3720000000,4.01000000,2.70000000,464.00,2014,"Transit",0.000000
"Kepler-314 b","Kepler-314",294.6741507,42.0756037,2.46106900000,0.0350000000,0.83000000,0.49800000,1195.00,2014,"Transit",0.000000
"Kepler-316 b","Kepler-316",290.8258350,44.1838993,2.24050800000,0.0270000000,1.06000000,1.20000000,837.00,2014,"Transit",0.000000
"Kepler-288 d","Kepler-288",288.9163997,39.5947523,56.63374200000,0.2870000000,2.67000000,7.61000000,570.00,2014,"Transit",0.000000
"Kepler-149 b","Kepler-149",285.8537014,38.3840916,29.19894300000,0.1840000000,4.21000000,16.50000000,540.00,2014,"Transit",0.000000
"Kepler-372 b","Kepler-372",291.2562253,49.2589288,6.84969200000,0.0750000000,1.36000000,2.42000000,1081.00,2014,"Transit",0.000000
"Kepler-205 b","Kepler-205",285.2866912,41.8609357,2.75564000000,0.0320000000,1.51000000,2.89000000,757.00,2014,"Transit",0.000000
"Kepler-361 b","Kepler-361",296.8034146,46.7411011,8.48661600000,0.0860000000,1.45000000,2.70000000,1060.00,2014,"Transit",0.000000
"Kepler-317 c","Kepler-317",294.9438822,39.0320499,8.77501000000,0.0830000000,1.72000000,3.61000000,837.00,2014,"Transit",0.000000
"Kepler-319 d","Kepler-319",288.8119782,39.7706431,31.78192500000,0.1910000000,2.29000000,5.86000000,528.00,2014,"Transit",0.000000
"Kepler-295 d","Kepler-295",285.3458383,45.3677754,33.88405400000,0.1920000000,1.36000000,2.42000000,533.00,2014,"Transit",0.000000
"Kepler-308 c","Kepler-308",295.7852423,40.4395753,15.38231000000,0.1230000000,2.16000000,5.31000000,714.00,2014,"Transit",0.000000
"Kepler-234 b","Kepler-234",291.6535379,38.4946597,2.71150600000,0.0400000000,3.70000000,13.20000000,1420.00,2014,"Transit",0.000000
"Kepler-378 c","Kepler-378",294.9489697,46.4388673,28.90600900000,0.1660000000,0.70000000,0.27100000,414.00,2014,"Transit",0.000000
"Kepler-321 b","Kepler-321",294.4536991,44.1457626,4.91537900000,0.0570000000,1.77000000,3.78000000,1042.00,2014,"Transit",0.000000
"Kepler-322 b","Kepler-322",281.3487514,44.2952525,1.65388800000,0.0270000000,1.01000000,1.01000000,1373.00,2014,"Transit",0.000000
"Kepler-397 b","Kepler-397",295.8940373,42.3805156,22.25094900000,0.1440000000,2.46000000,6.62000000,539.00,2014,"Transit",0.000000
"Kepler-198 b","Kepler-198",290.6731326,38.6910045,17.79003700000,0.1310000000,2.82000000,8.35000000,655.00,2014,"Transit",0.000000
"Kepler-386 b","Kepler-386",289.8589165,48.6938077,12.31043000000,0.0960000000,1.39000000,2.51000000,651.00,2014,"Transit",0.000000
"Kepler-206 c","Kepler-206",291.6346564,41.8338415,13.13747100000,0.1110000000,1.77000000,3.78000000,825.00,2014,"Transit",0.000000
"Kepler-173 c","Kepler-173",294.6466171,41.8840952,8.00577700000,0.0740000000,2.43000000,6.48000000,956.00,2014,"Transit",0.000000
"Kepler-250 b","Kepler-250",289.5947633,44.1418114,4.14814100000,0.0480000000,1.13000000,1.51000000,938.00,2014,"Transit",0.000000
"Kepler-325 c","Kepler-325",289.8354219,49.8256070,12.76217200000,0.1050000000,2.54000000,6.99000000,721.00,2014,"Transit",0.000000
"Kepler-157 c","Kepler-157",291.0972257,38.8756049,13.54050000000,0.1100000000,2.24000000,5.65000000,779.00,2014,"Transit",0.000000
"Kepler-392 c","Kepler-392",288.6608260,43.3681938,10.42311800000,0.0930000000,1.10000000,1.37000000,901.00,2014,"Transit",0.000000
"Kepler-365 c","Kepler-365",295.6265640,49.1304110,17.78412900000,0.1370000000,1.64000000,3.33000000,729.00,2014,"Transit",0.000000
"Kepler-243 b","Kepler-243",285.1104819,42.0339619,5.71544200000,0.0620000000,2.45000000,6.57000000,850.00,2014,"Transit",0.000000
"Kepler-402 e","Kepler-402",288.3701976,43.3546109,11.24286100000,0.1020000000,1.46000000,2.73000000,931.00,2014,"Transit",0.000000
"Kepler-402 d","Kepler-402",288.3701976,43.3546109,8.92109900000,0.0870000000,1.38000000,2.48000000,1006.00,2014,"Transit",0.000000
"Kepler-147 c","Kepler-147",287.9757213,39.0871680,33.41642300000,0.2160000000,2.43000000,6.48000000,689.00,2014,"Transit",0.000000
"Kepler-183 c","Kepler-183",293.5308112,39.3159329,11.63707100000,0.1030000000,2.27000000,35.70000000,857.00,2014,"Transit",0.000000
"Kepler-244 b","Kepler-244",287.2426410,42.3014185,4.31179200000,0.0500000000,2.76000000,8.05000000,1038.00,2014,"Transit",0.000000
"Kepler-209 b","Kepler-209",291.1694567,42.6407281,16.08784500000,0.1220000000,2.26000000,5.73000000,668.00,2014,"Transit",0.000000
"Kepler-127 b","Kepler-127",285.1899439,46.0280596,14.43588900000,0.1250000000,1.40000000,2.54000000,884.00,2014,"Transit",0.470000
"Kepler-403 c","Kepler-403",289.9214256,46.7445267,54.28074900000,0.2970000000,1.75000000,3.71000000,604.00,2014,"Transit",0.000000
"Kepler-376 b","Kepler-376",291.6071451,38.4103192,4.92019900000,0.0570000000,1.07000000,1.24000000,1242.00,2014,"Transit",0.000000
"Kepler-331 c","Kepler-331",291.8343455,39.3073462,17.28111000000,0.1050000000,1.84000000,4.04000000,425.00,2014,"Transit",0.000000
"Kepler-256 e","Kepler-256",292.5804200,46.0973588,10.68157200000,0.0960000000,2.35000000,6.12000000,897.00,2014,"Transit",0.000000
"Kepler-209 c","Kepler-209",291.1694567,42.6407281,41.74988200000,0.2310000000,3.10000000,9.80000000,486.00,2014,"Transit",0.000000
"Kepler-229 d","Kepler-229",286.9994758,48.3757867,41.19491200000,0.2200000000,3.85000000,14.20000000,439.00,2014,"Transit",0.000000
"Kepler-237 c","Kepler-237",283.2213438,40.4217620,8.10363600000,0.0710000000,2.08000000,4.98000000,687.00,2014,"Transit",0.000000
"Kepler-383 c","Kepler-383",291.3426078,38.3631616,31.20075100000,0.1720000000,1.24000000,2.07000000,406.00,2014,"Transit",0.000000
"Kepler-333 c","Kepler-333",292.2861201,40.9135429,24.08821000000,0.1350000000,1.11000000,1.41000000,386.00,2014,"Transit",0.000000
"Kepler-334 d","Kepler-334",287.1406177,47.1151153,25.09849000000,0.1680000000,1.41000000,2.57000000,656.00,2014,"Transit",0.000000
"Kepler-156 c","Kepler-156",290.2964214,37.7494271,15.90680100000,0.1170000000,2.55000000,7.04000000,588.00,2014,"Transit",0.000000
"Kepler-405 c","Kepler-405",291.4094615,38.3400107,29.72668200000,0.1880000000,4.66000000,19.60000000,557.00,2014,"Transit",0.000000
"Kepler-274 c","Kepler-274",292.9227926,38.4772173,33.19786100000,0.2040000000,1.84000000,4.04000000,678.00,2014,"Transit",0.000000
"Kepler-315 c","Kepler-315",298.0230967,43.3634761,265.46933500000,0.7910000000,4.15000000,16.10000000,291.00,2014,"Transit",0.000000
"Kepler-387 c","Kepler-387",287.7982699,45.6567655,11.83754900000,0.0980000000,0.89000000,0.64000000,826.00,2014,"Transit",0.000000
"Kepler-388 c","Kepler-388",284.8280577,44.6086451,13.29700400000,0.0930000000,0.86000000,0.56600000,515.00,2014,"Transit",0.000000
"Kepler-337 b","Kepler-337",290.0605123,47.1639533,3.29278100000,0.0450000000,1.54000000,2.99000000,1458.00,2014,"Transit",0.000000
"Kepler-134 c","Kepler-134",284.7391156,49.5984448,10.10578500000,0.0920000000,1.26000000,2.13000000,892.00,2014,"Transit",0.000000
"Kepler-140 c","Kepler-140",287.3694056,46.7681473,91.35328200000,0.4140000000,1.80000000,3.89000000,428.00,2014,"Transit",0.000000
"Kepler-159 b","Kepler-159",297.0702037,40.8687340,10.13962300000,0.0820000000,2.38000000,6.26000000,447.00,2014,"Transit",0.000000
"Kepler-320 c","Kepler-320",293.2135155,46.1751457,17.93493700000,0.1420000000,1.37000000,2.45000000,1002.00,2014,"Transit",0.000000
"Kepler-292 c","Kepler-292",295.7661979,42.4242822,3.71533500000,0.0450000000,1.47000000,2.76000000,1001.00,2014,"Transit",0.000000
"Kepler-82 b","Kepler-82",292.8733696,42.9661583,26.44000000000,0.1683000000,4.07000000,12.15000000,562.00,2012,"Transit",0.003300
"Kepler-122 c","Kepler-122",291.1118647,39.9490248,12.46598800000,0.1080000000,5.87000000,29.00000000,897.00,2014,"Transit",0.000000
"Kepler-149 c","Kepler-149",285.8537014,38.3840916,55.32832800000,0.2810000000,1.61000000,3.22000000,436.00,2014,"Transit",0.000000
"Kepler-164 b","Kepler-164",287.7808115,47.6298453,5.03503000000,0.0580000000,1.41000000,2.57000000,1141.00,2014,"Transit",0.000000
"Kepler-320 b","Kepler-320",293.2135155,46.1751457,8.37155400000,0.0850000000,1.14000000,1.55000000,1292.00,2014,"Transit",0.000000
"Kepler-338 e","Kepler-338",282.9790593,40.7844188,9.34100000000,0.0897900000,1.56000000,8.50000000,1143.00,2014,"Transit",0.050000
"Kepler-395 b","Kepler-395",293.5111889,45.1366252,7.05434600000,0.0610000000,1.03000000,1.08000000,576.00,2014,"Transit",0.000000
"Kepler-341 d","Kepler-341",289.8615609,43.4727412,27.66631300000,0.1820000000,1.85000000,4.08000000,622.00,2014,"Transit",0.000000
"Kepler-341 e","Kepler-341",289.8615609,43.4727412,42.47326900000,0.2420000000,1.99000000,4.62000000,539.00,2014,"Transit",0.000000
"Kepler-169 b","Kepler-169",285.9999204,40.9193822,3.25061900000,0.0400000000,1.13000000,1.51000000,962.00,2014,"Transit",0.000000
"Kepler-169 f","Kepler-169",285.9999204,40.9193822,87.09019500000,0.3590000000,2.58000000,7.18000000,321.00,2014,"Transit",0.000000
"Kepler-332 c","Kepler-332",286.6627811,47.4136938,15.99562200000,0.1140000000,1.09000000,1.32000000,550.00,2014,"Transit",0.000000
"Kepler-143 b","Kepler-143",298.0676519,49.4125410,16.00758300000,0.1270000000,2.41000000,6.39000000,838.00,2014,"Transit",0.000000
"Kepler-299 b","Kepler-299",283.2070156,48.5805222,2.92712800000,0.0400000000,1.32000000,2.30000000,1258.00,2014,"Transit",0.000000
"Kepler-301 c","Kepler-301",283.9829040,49.2329512,5.41902600000,0.0600000000,1.35000000,2.39000000,989.00,2014,"Transit",0.000000
"Kepler-342 d","Kepler-342",292.6780488,46.7266813,39.45935700000,0.2420000000,2.49000000,6.76000000,658.00,2014,"Transit",0.000000
"Kepler-233 c","Kepler-233",296.3665054,51.3194548,60.41895500000,0.2870000000,2.71000000,7.80000000,390.00,2014,"Transit",0.000000
"Kepler-171 d","Kepler-171",296.7719082,41.7555958,39.59551900000,0.2230000000,1.89000000,4.23000000,497.00,2014,"Transit",0.000000
"HD 60779 b","HD 60779",114.0047579,-3.1512910,29.98617500000,0.1922000000,3.24600000,14.19000000,650.00,2026,"Transit",0.031000
"Kepler-335 c","Kepler-335",296.0642944,45.4285986,67.84446900000,0.3560000000,3.07000000,9.64000000,592.00,2014,"Transit",0.000000
"Kepler-332 d","Kepler-332",286.6627811,47.4136938,34.21154000000,0.1890000000,1.18000000,1.76000000,427.00,2014,"Transit",0.000000
"Kepler-262 b","Kepler-262",290.7287168,37.2526575,13.06085500000,0.1080000000,1.36000000,2.42000000,734.00,2014,"Transit",0.000000
"Kepler-263 c","Kepler-263",292.4698022,37.5677941,47.33277300000,0.2420000000,2.47000000,6.66000000,386.00,2014,"Transit",0.000000
"Kepler-191 b","Kepler-191",291.1833211,45.3230937,9.93963200000,0.0870000000,1.34000000,2.36000000,722.00,2014,"Transit",0.000000
"Kepler-197 e","Kepler-197",295.2264739,50.5592348,25.20971500000,0.1640000000,0.91000000,0.69300000,691.00,2014,"Transit",0.380000
"Kepler-200 b","Kepler-200",284.4099503,41.2374928,8.59480500000,0.0800000000,2.13000000,5.18000000,854.00,2014,"Transit",0.000000
"Kepler-201 b","Kepler-201",293.6260590,41.2728004,25.67208300000,0.1750000000,2.46000000,6.62000000,683.00,2014,"Transit",0.000000
"Kepler-84 e","Kepler-84",298.2520208,40.4960842,27.43438900000,0.1810000000,2.60000000,7.27000000,672.00,2014,"Transit",0.000000
"Kepler-265 e","Kepler-265",290.5104788,41.2447430,67.83102400000,0.3190000000,2.59000000,7.22000000,476.00,2014,"Transit",0.000000
"Kepler-24 e","Kepler-24",290.4132621,38.3437283,18.99835500000,0.1380000000,2.78000000,26.21180000,792.00,2014,"Transit",0.000000
"Kepler-441 b","Kepler-441",284.5669540,49.0127077,207.24820000000,0.6400000000,1.64000000,3.33000000,189.00,2015,"Transit",0.100000
"Kepler-253 c","Kepler-253",291.8419337,44.8581240,10.28195100000,0.0890000000,2.65000000,7.51000000,680.00,2014,"Transit",0.000000
"Kepler-214 c","Kepler-214",284.7548499,44.9560500,28.77980000000,0.1940000000,2.13000000,5.18000000,619.00,2014,"Transit",0.000000
"Kepler-170 c","Kepler-170",284.5211975,41.6296562,16.66586300000,0.1310000000,2.86000000,8.55000000,702.00,2014,"Transit",0.000000
"Kepler-205 c","Kepler-205",285.2866912,41.8609357,20.30654600000,0.1220000000,1.64000000,3.33000000,389.00,2014,"Transit",0.000000
"CoRoT-22 b","CoRoT-22",280.6671392,6.2191669,9.75598000000,0.0920000000,4.88000000,12.20000000,885.00,2014,"Transit",0.077000
"Kepler-437 b","Kepler-437",297.3473326,44.0269249,66.65062000000,0.2880000000,2.14000000,5.22000000,308.00,2015,"Transit",0.020000
"Kepler-192 b","Kepler-192",287.9179379,45.5928829,9.92674600000,0.0900000000,2.74000000,7.95000000,803.00,2014,"Transit",0.000000
"Kepler-254 b","Kepler-254",288.1646541,45.8164257,5.82666200000,0.0640000000,3.87000000,14.30000000,1013.00,2014,"Transit",0.000000
"Kepler-196 c","Kepler-196",284.9685077,42.0791214,47.42773700000,0.2400000000,2.24000000,5.65000000,407.00,2014,"Transit",0.000000
"Kepler-101 b","Kepler-101",283.2555070,48.3552474,3.48768120000,0.0474000000,5.77000000,51.10000000,1513.00,2014,"Transit",0.086000
"Kepler-439 b","Kepler-439",280.8015188,44.0339733,178.13960000000,0.5630000000,2.24000000,5.65000000,291.00,2015,"Transit",0.030000
"Kepler-256 c","Kepler-256",292.5804200,46.0973588,3.38802000000,0.0450000000,2.15000000,5.27000000,1315.00,2014,"Transit",0.000000
"Kepler-216 c","Kepler-216",293.7280695,46.1291139,17.40666900000,0.1360000000,3.04000000,9.48000000,814.00,2014,"Transit",0.000000
"Kepler-184 c","Kepler-184",291.9518784,43.0746172,20.30300500000,0.1410000000,1.97000000,8.80000000,630.00,2014,"Transit",0.000000
"KIC 10001893 d","KIC 10001893",287.3892308,46.9844491,0.81161000000,,,,,2014,"Orbital Brightness Modulation",
"KIC 10001893 b","KIC 10001893",287.3892308,46.9844491,0.21970000000,,,,,2014,"Orbital Brightness Modulation",
"HD 113538 c","HD 113538",196.2339330,-52.4463502,1818.00000000000,2.4400000000,13.80000000,295.57000000,100.28,2010,"Radial Velocity",0.200000
"HD 30669 b","HD 30669",72.1198522,-28.4190757,1684.00000000000,2.6900000000,14.30000000,149.37000000,151.45,2014,"Radial Velocity",0.180000
"Kepler-217 b","Kepler-217",293.0377331,46.2775223,5.37494300000,0.0650000000,2.23000000,5.60000000,1413.00,2014,"Transit",0.000000
"Kepler-83 d","Kepler-83",282.2325197,43.6655662,5.16979600000,0.0510000000,1.94000000,4.10000000,569.00,2014,"Transit",0.000000
"Kepler-253 d","Kepler-253",291.8419337,44.8581240,18.11986900000,0.1300000000,3.17000000,10.20000000,563.00,2014,"Transit",0.000000
"Kepler-424 c","Kepler-424",298.6249797,48.5774500,223.30000000000,0.7300000000,12.70000000,2215.18000000,298.76,2014,"Radial Velocity",
"Kepler-422 b","Kepler-422",282.6296334,46.3232807,7.89144830000,0.0820000000,12.89000000,136.66000000,1028.00,2014,"Transit",0.000000
"Kepler-445 c","Kepler-445",298.7363395,46.4991236,4.87122900000,0.0301000000,2.51000000,6.85000000,341.00,2015,"Transit",0.000000
"Kepler-446 b","Kepler-446",282.2501047,44.9210020,1.56540900000,0.0182000000,1.50000000,2.86000000,648.00,2015,"Transit",0.000000
"Kepler-259 b","Kepler-259",288.2119707,46.6150461,8.11531700000,0.0790000000,2.80000000,8.25000000,879.00,2014,"Transit",0.000000
"Kepler-193 b","Kepler-193",296.4985951,46.5772484,11.38848000000,0.1060000000,2.39000000,6.30000000,979.00,2014,"Transit",0.000000
"Kepler-215 b","Kepler-215",294.9735313,45.2136867,9.36067200000,0.0840000000,1.62000000,3.26000000,784.00,2014,"Transit",0.000000
"Kepler-192 c","Kepler-192",287.9179379,45.5928829,21.22340000000,0.1500000000,2.79000000,8.20000000,623.00,2014,"Transit",0.000000
"Kepler-426 b","Kepler-426",289.4346668,49.4734550,3.21751883000,0.0414000000,12.22000000,108.06000000,1300.00,2014,"Transit",0.180000
"Kepler-424 b","Kepler-424",298.6249797,48.5774500,3.31186440000,0.0440000000,9.98000000,327.35000000,1116.00,2014,"Transit",0.000000
"Kepler-427 b","Kepler-427",288.2545808,43.7048379,10.29099400000,0.0910000000,13.79000000,92.17000000,1100.00,2014,"Transit",0.570000
"HD 103720 b","HD 103720",179.1713308,-2.7791393,4.55570000000,0.0498000000,14.10000000,197.04600000,926.24,2014,"Radial Velocity",0.086000
"Kepler-434 b","Kepler-434",293.5863887,42.9288624,12.87470990000,0.1143000000,12.67000000,908.96000000,1000.00,2015,"Transit",0.131000
"Kepler-221 c","Kepler-221",296.6547477,46.8352242,5.69058600000,0.0590000000,2.93000000,9.30000000,860.00,2014,"Transit",0.000000
"Kepler-222 b","Kepler-222",287.9060885,46.9377479,3.93698100000,0.0480000000,3.16000000,10.10000000,1004.00,2014,"Transit",0.000000
"Kepler-94 c","Kepler-94",281.1947316,47.4972606,820.30000000000,1.5968066210,12.50000000,3126.00000000,159.05,2014,"Radial Velocity",0.345931
"Kepler-48 e","Kepler-48",299.1393094,40.9489390,982.00000000000,1.8982747480,13.40000000,657.00000000,171.49,2014,"Radial Velocity",0.003142
"Kepler-428 b","Kepler-428",290.5817432,40.5773106,3.52563254000,0.0433000000,12.11000000,403.63000000,1070.00,2014,"Transit",0.220000
"Kepler-425 b","Kepler-425",290.3579781,40.5676965,3.79701816000,0.0464000000,10.96200000,79.45000000,1070.00,2014,"Transit",0.330000
"Kepler-224 c","Kepler-224",290.9342679,47.3575414,5.92500300000,0.0580000000,3.12000000,9.91000000,758.00,2014,"Transit",0.000000
"Kepler-407 c","Kepler-407",286.0363025,49.6145027,3000.00000000000,3.2709036900,12.30000000,4000.00000000,146.73,2014,"Radial Velocity",0.221479
"Kepler-106 c","Kepler-106",300.8640060,44.3375497,13.57080000000,0.1098700000,2.50000000,10.44000000,785.00,2014,"Transit",0.000000
"TYC 1422-614-1 b","TYC 1422-614-1",154.2777769,19.5584068,198.40000000000,0.6900000000,13.30000000,794.50000000,730.19,2014,"Radial Velocity",0.060000
"TYC 1422-614-1 c","TYC 1422-614-1",154.2777769,19.5584068,559.30000000000,1.3700000000,12.50000000,3178.00000000,518.21,2014,"Radial Velocity",0.048000
"Kepler-445 b","Kepler-445",298.7363395,46.4991236,2.98415100000,0.0217000000,1.58000000,3.12000000,401.00,2015,"Transit",0.000000
"Kepler-446 d","Kepler-446",282.2501047,44.9210020,5.14892100000,0.0403000000,1.35000000,2.39000000,436.00,2015,"Transit",0.000000
"Kepler-164 c","Kepler-164",287.7808115,47.6298453,10.94572300000,0.0970000000,2.73000000,7.90000000,881.00,2014,"Transit",0.000000
"Kepler-165 b","Kepler-165",280.6909200,47.8096702,8.18084800000,0.0720000000,2.32000000,5.99000000,716.00,2014,"Transit",0.000000
"OGLE-2005-BLG-071L b","OGLE-2005-BLG-071L",267.5407080,-34.6731944,,3.6000000000,13.00000000,1200.00000000,55.00,2005,"Microlensing",
"OGLE-2008-BLG-092L b","OGLE-2008-BLG-092L",267.5407080,-34.6731944,,15.0000000000,8.74000000,57.00000000,,2014,"Microlensing",
"Kepler-246 b","Kepler-246",296.4834007,42.6633806,4.60182000000,0.0520000000,2.34000000,6.08000000,896.00,2014,"Transit",0.000000
"Kepler-226 c","Kepler-226",292.3760942,47.8809596,5.34955500000,0.0580000000,2.27000000,45.20000000,919.00,2014,"Transit",0.000000
"Kepler-227 b","Kepler-227",291.9342748,48.1416760,9.48801500000,0.0900000000,3.11000000,9.85000000,793.00,2014,"Transit",0.000000
"Kepler-113 b","Kepler-113",287.9978721,50.9441847,4.75400000000,0.0512300000,1.82000000,11.70000000,775.00,2014,"Transit",0.000000
"Kepler-48 d","Kepler-48",299.1393094,40.9489390,42.89610000000,0.2330200000,2.04000000,7.93000000,448.00,2014,"Transit",0.000000
"Qatar-2 b","Qatar-2",207.6554928,-6.8040714,1.33711647000,0.0215300000,14.05600000,792.63500000,1344.00,2011,"Transit",0.000000
"Kepler-117 c","Kepler-117",288.7930651,48.0401760,50.79039100000,0.2804000000,12.34100000,584.78000000,704.00,2014,"Transit",0.032300
"Kepler-161 b","Kepler-161",290.5164698,43.0838642,4.92135500000,0.0540000000,2.12000000,2.63000000,868.00,2014,"Transit",0.000000
"Kepler-153 b","Kepler-153",282.4605020,48.2570293,18.87022700000,0.1290000000,2.92000000,8.85000000,621.00,2014,"Transit",0.000000
"Kepler-229 c","Kepler-229",286.9994758,48.3757867,16.06863800000,0.1170000000,4.92000000,21.50000000,600.00,2014,"Transit",0.000000
"Kepler-100 d","Kepler-100",291.3861294,41.9901394,35.33310000000,0.2174700000,1.61000000,3.00000000,670.00,2014,"Transit",0.380000
"Kepler-98 b","Kepler-98",285.6616933,37.9645672,1.54168000000,0.0261400000,1.99000000,3.55000000,1592.00,2014,"Transit",0.000000
"Kepler-117 b","Kepler-117",288.7930651,48.0401760,18.79592280000,0.1445000000,8.05900000,29.87500000,984.00,2014,"Transit",0.049300
"Kepler-430 b","Kepler-430",292.8085984,49.5794242,35.96800000000,0.2244000000,3.25000000,10.60000000,667.00,2015,"Transit",0.000000
"Kepler-230 b","Kepler-230",285.7185682,48.5058038,32.62555500000,0.1910000000,4.26000000,16.80000000,506.00,2014,"Transit",0.000000
"Kepler-166 b","Kepler-166",293.1600977,48.8812074,7.65025400000,0.0720000000,2.27000000,5.77000000,772.00,2014,"Transit",0.000000
"Kepler-131 b","Kepler-131",288.5308924,40.9423730,16.09200000000,0.1278900000,2.41000000,16.13000000,718.00,2014,"Transit",0.000000
"Kepler-406 b","Kepler-406",291.8481764,44.9682807,2.42629000000,0.0359900000,1.43000000,6.35000000,1302.00,2014,"Transit",0.000000
"Kepler-249 c","Kepler-249",296.9853002,43.6586043,7.11370200000,0.0580000000,1.51000000,2.89000000,429.00,2014,"Transit",0.000000
"Kepler-162 c","Kepler-162",297.2789115,43.7239693,19.44635500000,0.1370000000,3.03000000,9.43000000,681.00,2014,"Transit",0.000000
"Kepler-180 c","Kepler-180",295.5712566,49.7745140,41.88577500000,0.2290000000,3.01000000,9.32000000,540.00,2014,"Transit",0.000000
"Kepler-182 c","Kepler-182",289.8301128,50.5862025,20.68434200000,0.1570000000,3.43000000,11.60000000,729.00,2014,"Transit",0.000000
"HD 10180 c","HD 10180",24.4731133,-60.5114881,5.75969000000,0.0641200000,,2741.58783878,1185.40,2010,"Radial Velocity",0.073000
"Kepler-82 c","Kepler-82",292.8733696,42.9661583,51.54000000000,0.2626000000,5.34000000,13.90000000,450.00,2012,"Transit",0.007000
"Kepler-174 b","Kepler-174",287.4389454,43.8320052,13.98179000000,0.1000000000,1.96000000,4.50000000,553.00,2014,"Transit",0.000000
"Kepler-176 c","Kepler-176",294.6679021,43.8532104,12.75971200000,0.1020000000,2.60000000,1.33000000,633.00,2014,"Transit",0.000000
"Kepler-96 b","Kepler-96",297.0698263,40.5252039,16.23850000000,0.1261000000,2.67000000,8.46000000,711.00,2014,"Transit",0.000000
"Kepler-48 b","Kepler-48",299.1393094,40.9489390,4.77800000000,0.0539400000,1.88000000,3.94000000,932.00,2012,"Transit",0.000000
"HD 10180 d","HD 10180",24.4731133,-60.5114881,16.35700000000,0.1285900000,,3295.88058059,837.06,2010,"Radial Velocity",0.131000
"HD 10180 e","HD 10180",24.4731133,-60.5114881,49.74800000000,0.2699000000,5.39000000,25.10000000,577.77,2010,"Radial Velocity",0.051000
"Kepler-55 d","Kepler-55",285.1683291,44.0264898,2.21109900000,0.0290000000,1.59000000,3.15000000,931.00,2014,"Transit",0.000000
"Kepler-187 c","Kepler-187",299.7964955,44.0892448,10.64026300000,0.0990000000,2.67000000,7.61000000,963.00,2014,"Transit",0.000000
"Kepler-233 b","Kepler-233",296.3665054,51.3194548,8.47238200000,0.0770000000,2.43000000,6.48000000,751.00,2014,"Transit",0.000000
"Kepler-234 c","Kepler-234",291.6535379,38.4946597,7.21205000000,0.0770000000,3.51000000,12.10000000,1025.00,2014,"Transit",0.000000
"MOA-2011-BLG-322L b","MOA-2011-BLG-322L",271.2233330,-27.2209444,,4.3000000000,12.40000000,3690.00000000,,2013,"Microlensing",
"CoRoT-24 b","CoRoT-24",101.9225430,-3.7192892,5.11340000000,0.0560000000,3.70000000,5.70000000,1070.00,2014,"Transit",0.000000
"HD 10180 h","HD 10180",24.4731133,-60.5114881,2205.00000000000,3.3810000000,9.40000000,64.40000000,163.24,2010,"Radial Velocity",0.095000
"Kepler-440 b","Kepler-440",285.3500664,41.4523695,101.11141000000,0.2420000000,1.86000000,4.12000000,229.00,2015,"Transit",0.340000
"Kepler-251 c","Kepler-251",296.5662171,44.1058077,16.51404300000,0.1220000000,2.77000000,8.10000000,655.00,2014,"Transit",0.000000
"Kepler-146 c","Kepler-146",294.1107631,38.7102222,76.73217100000,0.3640000000,3.13000000,9.96000000,473.00,2014,"Transit",0.000000
"Kepler-150 d","Kepler-150",288.2341025,40.5208970,12.56093000000,0.1040000000,2.79000000,8.20000000,734.00,2014,"Transit",0.000000
"OGLE-2008-BLG-355L b","OGLE-2008-BLG-355L",269.7867080,-30.7594722,,1.7000000000,12.90000000,1500.00000000,,2014,"Microlensing",
"CoRoT-24 c","CoRoT-24",101.9225430,-3.7192892,11.75900000000,0.0980000000,5.00000000,28.00000000,850.00,2014,"Transit",0.000000
"Kepler-186 f","Kepler-186",298.6527360,43.9549884,129.94410000000,0.4320000000,1.17000000,1.71000000,177.00,2014,"Transit",0.040000
"Kepler-252 c","Kepler-252",295.5793290,44.5459052,10.84846300000,0.0800000000,2.15000000,5.27000000,499.00,2014,"Transit",0.000000
"Kepler-213 b","Kepler-213",290.8241931,44.6472832,2.46236000000,0.0360000000,1.62000000,3.26000000,1326.00,2014,"Transit",0.000000
"Kepler-159 c","Kepler-159",297.0702037,40.8687340,43.59579200000,0.2180000000,3.41000000,11.50000000,275.00,2014,"Transit",0.000000
"Kepler-202 c","Kepler-202",282.9734874,41.3217991,16.28249300000,0.1130000000,1.85000000,4.08000000,505.00,2014,"Transit",0.000000
"HD 35759 b","HD 35759",82.8886636,64.3183753,82.46700000000,0.3890000000,13.00000000,1195.04080000,621.56,2016,"Radial Velocity",0.389000
"Kepler-477 b","Kepler-477",288.0674450,42.3553050,11.11990653000,0.0911000000,2.07000000,4.94000000,649.00,2016,"Transit",0.000000
"HD 67087 c","HD 67087",121.9155672,31.5511553,2374.00000000000,3.8600000000,12.90000000,1540.00000000,193.42,2015,"Radial Velocity",0.760000
"Kepler-6 b","Kepler-6",296.8372475,48.2399695,3.23469960000,0.0485200000,14.61653600,212.31044000,1460.00,2009,"Transit",0.000000
"HD 220842 b","HD 220842",351.6534162,56.8871415,218.47000000000,0.7400000000,13.10000000,1010.69940000,397.62,2016,"Radial Velocity",0.404000
"HIP 65407 c","HIP 65407",201.0876630,48.8847322,67.30000000000,0.3160000000,13.90000000,249.17872000,457.04,2016,"Radial Velocity",0.120000
"Kepler-505 b","Kepler-505",287.8579530,42.5426758,27.52197994000,0.1445000000,2.60000000,7.27000000,314.00,2016,"Transit",0.000000
"CoRoT-29 b","CoRoT-29",278.9020691,6.4795703,2.85057000000,0.0386000000,10.08810000,270.15550000,1224.75,2015,"Transit",0.082000
"tau Boo b","tau Boo",206.8134593,17.4571647,3.31245680000,0.0490000000,12.80000000,1891.00000000,1682.02,1996,"Radial Velocity",0.011000
"Kepler-412 b","Kepler-412",286.1103053,43.6809612,1.72086040000,0.0289700000,15.03126900,299.07803000,1850.00,2014,"Transit",0.003800
"HD 141399 b","HD 141399",236.7235392,46.9862880,94.44000000000,0.4150000000,14.30000000,143.34133000,493.71,2014,"Radial Velocity",0.040000
"HD 141399 c","HD 141399",236.7235392,46.9862880,201.99000000000,0.6890000000,13.60000000,422.71390000,383.17,2014,"Radial Velocity",0.048000
"Kepler-754 b","Kepler-754",293.2541121,37.8461519,14.55962370000,0.1160000000,2.01000000,4.70000000,758.00,2016,"Transit",0.000000
"Kepler-753 b","Kepler-753",291.9032411,37.9023677,5.74772501200,0.0540000000,1.91000000,4.31000000,641.00,2016,"Transit",0.000000
"HAT-P-54 b","HAT-P-54",99.8979924,25.4824005,3.79984700000,0.0411700000,10.58129600,241.55080000,818.00,2015,"Transit",0.074000
"TrES-5 b","TrES-5",305.2219454,59.4489033,1.48224686000,0.0245900000,13.38354600,568.91570000,1480.00,2011,"Transit",0.000000
"KOI-13 b","KOI-13",286.9713876,46.8682463,1.76358800000,0.0364100000,16.94800800,2949.46240000,2550.00,2011,"Transit",0.000640
"WASP-42 b","WASP-42",192.9812030,-42.0736165,4.98168190000,0.0561000000,12.57649800,167.49641000,1021.00,2012,"Transit",0.062000
"Kepler-766 b","Kepler-766",293.1845144,37.9698357,6.10027804000,0.0660000000,3.39000000,11.40000000,990.00,2016,"Transit",0.000000
"Kepler-771 b","Kepler-771",287.4441104,38.0884183,8.73485836000,0.0843000000,1.82000000,3.97000000,890.00,2016,"Transit",0.000000
"HD 100546 b","HD 100546",173.3555116,-70.1947897,,53.0000000000,77.34210000,2701.54145950,94.67,2014,"Imaging",
"Kepler-432 c","Kepler-432",293.2822344,48.2859173,406.20000000000,,13.30000000,772.32690000,,2015,"Radial Velocity",0.498000
"Kepler-76 b","Kepler-76",294.1921185,39.6189727,1.54492980000,0.0274000000,15.24424000,638.83830000,2140.00,2013,"Orbital Brightness Modulation",0.000000
"OGLE-2003-BLG-235L b","OGLE-2003-BLG-235L",271.3181250,-28.8950000,,4.3000000000,13.20000000,830.00000000,,2004,"Microlensing",
"Kepler-765 b","Kepler-765",283.1846044,47.1557114,27.66552260000,0.1754000000,2.43000000,6.48000000,641.00,2016,"Transit",0.000000
"Kepler-432 b","Kepler-432",293.2822344,48.2859173,52.50112900000,0.3010000000,12.83430500,1719.46030000,812.00,2015,"Transit",0.513400
"Kepler-5 b","Kepler-5",299.4070341,44.0350387,3.54846570000,0.0538000000,15.98403400,670.93913000,1750.00,2009,"Transit",0.000000
"Kepler-7 b","Kepler-7",288.5814928,41.0897335,4.88548920000,0.0606700000,18.18099800,140.16303000,1630.00,2009,"Transit",0.000000
"HIP 74890 b","HIP 74890",229.5714974,-41.4210961,822.30000000000,2.1000000000,13.30000000,762.79200000,387.66,2016,"Radial Velocity",0.070000
"K2-29 b","K2-29",62.6704220,24.4016558,3.25883210000,0.0421700000,13.33871000,232.01590000,1171.00,2016,"Transit",0.066000
"Kepler-767 b","Kepler-767",291.5791562,38.0358066,161.52801010000,0.5874000000,6.64000000,35.70000000,366.00,2016,"Transit",0.000000
"Kepler-773 b","Kepler-773",290.8846217,38.0575539,3.74910006100,0.0468200000,1.43000000,2.63000000,1160.00,2016,"Transit",0.000000
"Kepler-774 b","Kepler-774",291.0318604,38.2118940,11.08957230000,0.1082000000,3.17000000,10.20000000,1422.00,2016,"Transit",0.000000
"2MASS J02192210-3925225 b","2MASS J02192210-3925225",34.8427046,-39.4230767,,156.0000000000,16.14096000,4417.83700000,6.27,2015,"Imaging",
"HD 7924 d","HD 7924",20.4956562,76.7101475,24.45100000000,0.1551000000,,1568.16536014,499.00,2015,"Radial Velocity",0.210000
"WASP-41 c","WASP-41",190.6188034,-30.6398176,421.00000000000,1.0700000000,13.10000000,1010.69940000,241.00,2015,"Radial Velocity",0.294000
"HAT-P-50 b","HAT-P-50",118.0634379,12.1393474,3.12201090000,0.0453000000,14.43719200,429.07050000,1862.00,2015,"Transit",0.115000
"HD 133131 A b","HD 133131 A",225.8984524,-27.8431369,649.00000000000,1.4400000000,13.60000000,451.31860000,227.72,2016,"Radial Velocity",0.330000
"HATS-17 b","HATS-17",192.1895676,-47.6136789,16.25461100000,0.1308000000,8.70939300,425.25654000,814.00,2016,"Transit",0.029000
"Kepler-772 b","Kepler-772",291.4235820,38.2165603,12.99207337000,0.1115300000,1.82000000,3.97000000,866.00,2016,"Transit",0.000000
"Kepler-769 b","Kepler-769",292.7130925,38.3581685,7.42608998000,0.0778000000,2.92000000,8.85000000,1037.00,2016,"Transit",0.000000
"Kepler-449 c","Kepler-449",293.7327870,41.9006366,33.67270000000,0.1979000000,2.76400000,8.07000000,661.00,2015,"Transit",0.050000
"HD 133131 A c","HD 133131 A",225.8984524,-27.8431369,3568.00000000000,4.4900000000,14.30000000,133.48860000,128.96,2016,"Radial Velocity",0.490000
"WASP-92 b","WASP-92",246.6920395,51.0411328,2.17467420000,0.0348000000,16.37634900,255.85315000,1871.00,2016,"Transit",0.000000
"Kepler-762 b","Kepler-762",291.2756631,47.3295107,3.77055209800,0.0493000000,12.68000000,,1302.00,2016,"Transit",0.000000
"Kepler-781 b","Kepler-781",287.6535874,47.4147762,13.21407320000,0.1019000000,2.89000000,8.70000000,629.00,2016,"Transit",0.000000
"Kepler-92 d","Kepler-92",289.0860607,41.5630224,49.35680000000,0.2868200000,2.06700000,11.86668060,637.00,2015,"Transit",0.070000
"Kepler-449 b","Kepler-449",293.7327870,41.9006366,12.58242000000,0.1027000000,2.05600000,4.88000000,917.00,2015,"Transit",0.030000
"HD 175607 b","HD 175607",285.2742901,-66.1943379,29.01000000000,,,2456.17792930,,2015,"Radial Velocity",0.110000
"HD 1461 c","HD 1461",4.6762645,-8.0536206,13.50520000000,0.1117000000,2.23000000,5.59000000,892.87,2015,"Radial Velocity",0.305000
"WASP-93 b","WASP-93",9.4587443,51.2887780,2.73253210000,0.0421100000,17.90077300,467.21010000,1942.00,2016,"Transit",0.000000
"HD 128311 c","HD 128311",219.0032292,9.7454368,921.53800000000,1.7400000000,13.00000000,1204.25787000,158.23,2005,"Radial Velocity",0.159000
"alf Tau b","alf Tau",68.9801740,16.5092010,628.96000000000,1.4600000000,12.70000000,2056.36010000,1086.77,2015,"Radial Velocity",0.100000
"Kepler-450 d","Kepler-450",295.4865821,51.0135237,7.51464000000,0.0827000000,0.83700000,17.60000000,1199.00,2015,"Transit",0.140000
"OGLE-2005-BLG-169L b","OGLE-2005-BLG-169L",271.5221670,-30.7326389,,3.5000000000,3.84000000,14.10000000,,2006,"Microlensing",
"WASP-46 b","WASP-46",318.7370122,-55.8718634,1.43036763000,0.0233500000,13.15936600,607.05530000,1636.00,2011,"Transit",0.000000
"HD 60532 b","HD 60532",113.5130656,-22.2958661,201.90000000000,0.7700000000,13.80000000,336.89980000,550.16,2008,"Radial Velocity",0.260000
"HD 60532 c","HD 60532",113.5130656,-22.2958661,600.10000000000,1.6000000000,13.30000000,797.75330000,381.66,2008,"Radial Velocity",0.030000
"OGLE-2013-BLG-0102L b","OGLE-2013-BLG-0102L",268.0295000,-31.6905833,,0.8000000000,12.30000000,4100.00000000,,2014,"Microlensing",
"Kepler-41 b","Kepler-41",294.5132465,45.9816453,1.85555820000,0.0310100000,14.46000000,177.98000000,1790.00,2011,"Transit",0.000000
"HIP 107773 b","HIP 107773",327.5005089,-64.7126993,144.30000000000,0.7200000000,13.40000000,629.30340000,957.11,2015,"Radial Velocity",0.090000
"HATS-8 b","HATS-8",294.9416887,-25.7483655,3.58389300000,0.0466700000,9.78545700,43.86054000,1324.00,2015,"Transit",0.376000
"LkCa 15 b","LkCa 15",69.8241791,22.3508662,,14.7000000000,,,66.87,2015,"Imaging",
"LkCa 15 c","LkCa 15",69.8241791,22.3508662,,18.6000000000,,,59.45,2015,"Imaging",
"Qatar-1 b","Qatar-1",303.3818697,65.1623313,1.42002420000,0.0233200000,12.81188700,411.27202000,1418.00,2010,"Transit",0.000000
"HAT-P-66 b","HAT-P-66",150.5726262,53.9508237,2.97208600000,0.0436300000,17.82231000,248.86089000,1896.00,2016,"Transit",0.090000
"Kepler-75 b","Kepler-75",291.1376203,36.5773443,8.88491160000,0.0818000000,11.77000000,3209.90000000,767.00,2013,"Transit",0.570000
"Kepler-453 b","Kepler-453",283.2413322,46.3784691,240.50300000000,0.7903000000,6.20400000,16.00000000,273.62,2015,"Transit",0.035900
"WASP-89 b","WASP-89",313.9000261,-18.9714084,3.35642270000,0.0427000000,11.65736000,1875.19700000,1120.00,2015,"Transit",0.193000
"KIC 3558849 b","KIC 3558849",294.9498381,38.6051867,1322.30000000000,,6.90000000,38.10000000,,2015,"Transit",
"KIC 8540376 c","KOI-7892",282.3775397,44.6945690,75.20000000000,,2.40000000,6.35000000,,2015,"Transit",
"OGLE-2007-BLG-349L AB c","OGLE-2007-BLG-349L A",271.3518070,-26.4219437,2557.00000000000,2.5900000000,10.70000000,80.00000000,,2016,"Microlensing",
"Kepler-56 d","Kepler-56",293.7583002,41.8718070,1002.00000000000,2.1600000000,12.80000000,1784.00000000,324.75,2016,"Radial Velocity",0.200000
"Kepler-444 b","Kepler-444",289.7528323,41.6318840,3.60010530000,0.0417800000,0.40300000,0.03740000,938.00,2015,"Transit",0.160000
"K2-6 b","K2-6",178.1921152,-1.1984418,30.94191000000,0.1898000000,2.50000000,6.80000000,615.00,2015,"Transit",
"HD 42618 b","HD 42618",93.0032173,6.7819742,149.61000000000,0.5540000000,3.89000000,14.40000000,337.00,2016,"Radial Velocity",0.190000
"OGLE-2012-BLG-0950L b","OGLE-2012-BLG-0950L",272.0192570,-29.7315826,,2.6000000000,6.56000000,35.00000000,,2016,"Microlensing",
"Kepler-444 e","Kepler-444",289.7528323,41.6318840,7.74349300000,0.0696000000,0.54600000,0.10000000,727.00,2015,"Transit",0.100000
"K2-15 b","K2-15",178.1105741,4.2546649,11.81040000000,0.0910000000,2.48000000,6.71000000,676.00,2015,"Transit",
"K2-14 b","K2-14",178.0568745,2.5941222,8.36802000000,0.0627000000,4.81000000,20.70000000,488.00,2015,"Transit",0.140000
"K2-17 b","K2-17",178.3296746,6.4123178,17.96753000000,0.1190000000,2.23000000,5.60000000,487.00,2015,"Transit",0.180000
"K2-9 b","K2-9",176.2637240,0.0054085,18.44980000000,0.0910000000,2.25000000,5.69000000,314.00,2015,"Transit",
"WASP-36 b","WASP-36",131.5803897,-8.0269855,1.53736596000,0.0267700000,14.87434300,750.39663000,1733.00,2011,"Transit",0.000000
"Kepler-26 b","Kepler-26",284.9410627,46.5664505,12.28000000000,0.0855100000,2.78000000,5.12000000,431.00,2011,"Transit",0.021000
"HATS-13 b","HATS-13",316.9614798,-26.0967205,3.04404990000,0.0405700000,13.58530800,172.58169000,1244.00,2015,"Transit",0.181000
"HATS-14 b","HATS-14",313.2154754,-25.6873756,2.76676410000,0.0381500000,11.64615100,340.39593000,1276.00,2015,"Transit",0.142000
"WASP-90 b","WASP-90",315.5319489,7.0562793,3.91624300000,0.0562000000,18.27067000,200.23290000,1840.00,2016,"Transit",0.000000
"HD 5583 b","HD 5583",14.4869460,34.9853306,139.35000000000,0.5300000000,12.80000000,1837.05740000,964.55,2016,"Radial Velocity",0.076000
"Kepler-26 c","Kepler-26",284.9410627,46.5664505,17.25590000000,0.1072500000,2.72000000,6.20000000,385.00,2011,"Transit",0.013000
"Kepler-447 b","Kepler-447",285.2685283,48.5598835,7.79430132000,0.0769000000,18.49000000,435.41000000,882.00,2015,"Transit",0.123000
"OGLE-2011-BLG-0265L b","OGLE-2011-BLG-0265L",269.4488330,-27.3945278,,1.8900000000,13.90000000,280.00000000,,2015,"Microlensing",
"HD 130322 b","HD 130322",221.8857975,-0.2820782,10.70871000000,0.0925000000,13.70000000,365.49000000,720.00,1999,"Radial Velocity",0.029000
"OGLE-2012-BLG-0563L b","OGLE-2012-BLG-0563L",271.4905000,-27.7120000,,0.7400000000,13.60000000,120.00000000,,2015,"Microlensing",
"Kepler-296 d","Kepler-296",286.5400278,49.4372614,19.85029100000,0.1180000000,2.09000000,5.02000000,403.00,2014,"Transit",0.330000
"Pr0211 c","Pr0211",130.5477440,19.2769570,4850.00000000000,5.5000000000,12.60000000,2475.89570000,99.10,2016,"Radial Velocity",0.710000
"BD+15 2375 b","BD+15 2375",176.4820239,14.6163182,153.22000000000,0.5760000000,13.80000000,337.21763000,883.68,2016,"Radial Velocity",0.001000
"Kepler-60 d","Kepler-60",288.9612535,42.2650472,11.89810000000,0.1020300000,1.99000000,4.16000000,929.00,2012,"Transit",0.002000
"HD 1666 b","HD 1666",5.2180424,-19.9314823,270.00000000000,0.9400000000,12.70000000,2040.00000000,436.47,2015,"Radial Velocity",0.630000
"HD 67087 b","HD 67087",121.9155672,31.5511553,352.20000000000,1.0800000000,13.10000000,973.00000000,365.67,2015,"Radial Velocity",0.170000
"Kepler-296 e","Kepler-296",286.5400278,49.4372614,34.14211000000,0.1690000000,1.53000000,2.96000000,337.00,2014,"Transit",0.330000
"Kepler-872 b","Kepler-872",295.4174725,43.6056117,2.57885506800,0.0362000000,1.99000000,4.62000000,1230.00,2016,"Transit",0.000000
"Kepler-871 b","Kepler-871",294.5270634,43.3681317,22.04590180000,0.1572000000,3.74000000,13.50000000,640.00,2016,"Transit",0.000000
"Kepler-603 c","Kepler-603",294.2809679,42.2909295,127.90757740000,0.5343900000,6.50000000,34.50000000,401.00,2016,"Transit",0.000000
"Kepler-908 b","Kepler-908",295.3225434,39.3764624,1.34059746800,0.0252600000,1.22000000,1.98000000,1783.00,2016,"Transit",0.000000
"Kepler-499 b","Kepler-499",295.1099549,43.9151012,5.63252845300,0.0598000000,2.17000000,5.35000000,844.00,2016,"Transit",0.000000
"Kepler-801 b","Kepler-801",286.0751815,44.6646277,11.41928253000,0.0795000000,2.00000000,4.66000000,419.00,2016,"Transit",0.000000
"Kepler-799 b","Kepler-799",287.1748966,44.8784754,133.46052350000,0.5167000000,6.88000000,37.90000000,433.00,2016,"Transit",0.000000
"Kepler-870 b","Kepler-870",295.4025625,50.4785992,21.35876210000,0.1539000000,2.78000000,8.15000000,691.00,2016,"Transit",0.000000
"Kepler-869 b","Kepler-869",289.4245955,50.9941198,40.42877550000,0.2244000000,3.61000000,12.70000000,494.00,2016,"Transit",0.000000
"Kepler-907 b","Kepler-907",285.4764959,41.6326615,15.86621821000,0.1225000000,1.20000000,1.87000000,879.00,2016,"Transit",0.000000
"Kepler-912 b","Kepler-912",298.1111779,41.7583240,2.53475627300,0.0339000000,2.80000000,8.25000000,1218.00,2016,"Transit",0.000000
"Kepler-797 b","Kepler-797",297.2089078,41.7816450,27.07237711000,0.1810000000,2.17000000,5.35000000,605.00,2016,"Transit",0.000000
"Kepler-867 b","Kepler-867",287.2852554,51.2499499,150.24212700000,0.5375000000,4.64000000,19.40000000,327.00,2016,"Transit",0.000000
"Kepler-868 b","Kepler-868",282.3635315,46.6752384,5.03251791000,0.0575000000,2.05000000,4.86000000,1047.00,2016,"Transit",0.000000
"Kepler-866 b","Kepler-866",290.1222112,43.0854070,2.61703253600,0.0331000000,1.63000000,3.29000000,996.00,2016,"Transit",0.000000
"Kepler-913 b","Kepler-913",297.5830564,41.9523531,10.29672521000,0.1009000000,2.06000000,4.90000000,1129.00,2016,"Transit",0.000000
"Kepler-910 b","Kepler-910",296.0472937,42.7429414,2.36436901500,0.0375200000,0.82000000,0.47700000,1752.00,2016,"Transit",0.000000
"Kepler-847 b","Kepler-847",283.5048144,49.4509371,2.34323189500,0.0315000000,1.18000000,1.76000000,1054.00,2016,"Transit",0.000000
"Kepler-846 b","Kepler-846",287.0570731,49.0460112,19.80792185000,0.1399000000,2.48000000,6.71000000,624.00,2016,"Transit",0.000000
"Kepler-795 b","Kepler-795",291.0189951,38.5455728,29.61934210000,0.1803000000,1.68000000,3.46000000,580.00,2016,"Transit",0.000000
"Kepler-794 b","Kepler-794",288.1336793,38.9968923,11.13125132000,0.1003600000,2.11000000,5.10000000,952.00,2016,"Transit",0.000000
"Kepler-865 b","Kepler-865",297.7242257,43.5272796,14.16399294000,0.1057000000,2.49000000,6.76000000,694.00,2016,"Transit",0.000000
"Kepler-909 b","Kepler-909",289.5063796,45.3709728,13.93290318000,0.1187300000,1.47000000,2.76000000,852.00,2016,"Transit",0.000000
"Kepler-916 b","Kepler-916",290.9833818,45.9733334,32.29687980000,0.1885000000,1.76000000,3.75000000,503.00,2016,"Transit",0.000000
"Kepler-845 b","Kepler-845",290.9576363,49.2037262,0.92785982100,0.0166800000,2.04000000,4.82000000,1361.00,2016,"Transit",0.000000
"Kepler-844 b","Kepler-844",287.8578541,48.7739646,2.61302085600,0.0298000000,1.68000000,3.46000000,713.00,2016,"Transit",0.000000
"Kepler-792 b","Kepler-792",292.0068239,38.8207001,11.30119217000,0.0988000000,1.96000000,4.50000000,852.00,2016,"Transit",0.000000
"Kepler-791 b","Kepler-791",293.5958044,39.0294267,14.55397590000,0.1256000000,3.05000000,9.53000000,939.00,2016,"Transit",0.000000
"Kepler-862 b","Kepler-862",297.7792466,46.4926688,3.14866453400,0.0390000000,2.21000000,5.52000000,1097.00,2016,"Transit",0.000000
"Kepler-861 b","Kepler-861",292.3539624,46.2262465,3.94963137500,0.0463000000,2.28000000,5.82000000,966.00,2016,"Transit",0.000000
"Kepler-930 b","Kepler-930",298.3144494,42.2473698,71.45177750000,0.3459300000,2.13000000,5.18000000,561.00,2016,"Transit",0.000000
"Kepler-842 b","Kepler-842",292.3285976,49.6535171,1.21956827000,0.0204000000,1.60000000,3.19000000,1252.00,2016,"Transit",0.000000
"Kepler-841 b","Kepler-841",284.2513637,48.8095962,124.41983980000,0.4790000000,5.23000000,23.80000000,416.00,2016,"Transit",0.000000
"Kepler-790 b","Kepler-790",286.9171489,38.8722123,13.73469807000,0.1010000000,2.18000000,5.39000000,634.00,2016,"Transit",0.000000
"Kepler-788 b","Kepler-788",290.0004154,38.5398551,8.39846269000,0.0835000000,2.55000000,7.04000000,984.00,2016,"Transit",0.000000
"Kepler-860 b","Kepler-860",295.5772681,46.2547028,5.10137945400,0.0580000000,3.24000000,10.60000000,1050.00,2016,"Transit",0.000000
"Kepler-924 b","Kepler-924",290.6685136,40.3977086,61.03701170000,0.3131800000,3.07000000,9.64000000,610.00,2016,"Transit",0.000000
"Kepler-923 b","Kepler-923",294.1710831,40.0551372,6.93366476000,0.0759200000,1.38000000,2.48000000,1104.00,2016,"Transit",0.000000
"Kepler-838 b","Kepler-838",285.4354695,45.9759590,15.74957994000,0.1266000000,2.73000000,7.90000000,777.00,2016,"Transit",0.000000
"Kepler-837 b","Kepler-837",285.2467607,45.9501100,16.56059504000,0.1144000000,2.56000000,7.08000000,701.00,2016,"Transit",0.000000
"Kepler-787 b","Kepler-787",291.6924773,38.5729105,0.92831049800,0.0159000000,1.28000000,2.18000000,1115.00,2016,"Transit",0.000000
"Kepler-465 b","Kepler-465",284.5557853,46.0638865,9.94067246600,0.0919500000,2.95000000,9.01000000,996.00,2016,"Transit",0.000000
"Kepler-856 b","Kepler-856",289.6038379,46.3149097,8.02768059500,0.0787000000,9.30000000,63.30000000,824.00,2016,"Transit",0.000000
"Kepler-890 b","Kepler-890",288.4357180,43.7634712,52.75875577000,0.2944000000,8.89000000,58.60000000,540.00,2016,"Transit",0.000000
"Kepler-927 b","Kepler-927",289.3834807,41.3926651,9.11499030000,0.0866000000,1.72000000,3.61000000,906.00,2016,"Transit",0.000000
"Kepler-926 b","Kepler-926",289.6793396,40.7004265,52.06886010000,0.2739000000,2.31000000,5.95000000,524.00,2016,"Transit",0.000000
"Kepler-892 b","Kepler-892",283.1296399,43.8880983,13.75210720000,0.1015000000,2.81000000,8.30000000,556.00,2016,"Transit",0.000000
"Kepler-933 b","Kepler-933",289.5685257,43.5385438,14.20443009000,0.1041000000,2.46000000,6.62000000,602.00,2016,"Transit",0.000000
"Kepler-826 b","Kepler-826",284.8601128,39.2405076,4.48758907000,0.0520200000,1.25000000,2.10000000,1305.00,2016,"Transit",0.000000
"Kepler-830 b","Kepler-830",295.0542380,42.7568316,11.29695137000,0.1033000000,1.70000000,3.53000000,907.00,2016,"Transit",0.000000
"Kepler-829 b","Kepler-829",282.3328312,42.4638125,6.88337562000,0.0678000000,2.11000000,5.10000000,857.00,2016,"Transit",0.000000
"Kepler-895 b","Kepler-895",289.2906978,51.4089936,2.80624232800,0.0328000000,1.54000000,2.99000000,771.00,2016,"Transit",0.000000
"Kepler-743 b","Kepler-743",295.5742300,42.8064255,3.17926292100,0.0416600000,1.21000000,1.92000000,1101.00,2016,"Transit",0.000000
"Kepler-823 b","Kepler-823",284.5825682,39.2201737,4.16809082000,0.0507000000,1.57000000,3.09000000,1277.00,2016,"Transit",0.000000
"Kepler-487 c","Kepler-487",295.2872318,41.2220033,38.65199760000,0.2186400000,2.68000000,7.65000000,487.00,2016,"Transit",0.000000
"Kepler-898 b","Kepler-898",286.5854116,46.8708877,5.87061910000,0.0545000000,1.49000000,2.83000000,616.00,2016,"Transit",0.000000
"Kepler-899 b","Kepler-899",297.4825612,40.6807412,19.17891293000,0.1392000000,2.68000000,7.65000000,640.00,2016,"Transit",0.000000
"Kepler-747 b","Kepler-747",288.4165196,41.0298175,35.61760587000,0.1916000000,5.27000000,24.10000000,456.00,2016,"Transit",0.000000
"Kepler-821 b","Kepler-821",285.6173937,39.3794684,1.92279873000,0.0290000000,1.31000000,2.27000000,1215.00,2016,"Transit",0.000000
"Kepler-498 b","Kepler-498",290.3581592,44.5187225,9.61375356000,0.0897000000,3.03000000,9.43000000,931.00,2016,"Transit",0.000000
"Kepler-887 b","Kepler-887",290.0907893,39.8169085,20.42228798000,0.1543100000,1.84000000,4.04000000,785.00,2016,"Transit",0.000000
"Kepler-901 b","Kepler-901",291.1528056,40.8876814,3.51749439400,0.0378000000,1.37000000,2.45000000,704.00,2016,"Transit",0.000000
"Kepler-900 b","Kepler-900",296.1772720,46.9989635,6.99130860000,0.0679000000,2.08000000,4.98000000,716.00,2016,"Transit",0.000000
"Kepler-751 b","Kepler-751",294.8438103,44.0776872,17.44490636000,0.1263000000,2.46000000,6.62000000,679.00,2016,"Transit",0.000000
"Kepler-755 b","Kepler-755",296.8609348,41.0973178,1.26909037400,0.0215600000,1.76000000,3.75000000,1331.00,2016,"Transit",0.000000
"Kepler-820 b","Kepler-820",291.0201523,39.2206091,127.83380980000,0.5600400000,6.09000000,30.80000000,554.00,2016,"Transit",0.000000
"Kepler-817 b","Kepler-817",296.0818498,39.1616140,3.99010622900,0.0493000000,9.03000000,60.20000000,1124.00,2016,"Transit",0.000000
"Kepler-886 b","Kepler-886",286.2717162,43.5952037,6.24146367000,0.0642800000,1.52000000,2.92000000,1111.00,2016,"Transit",0.000000
"Kepler-885 b","Kepler-885",288.6615682,49.7371538,18.11472949000,0.1440300000,2.50000000,6.80000000,830.00,2016,"Transit",0.000000
"Kepler-904 b","Kepler-904",288.8229001,40.3890100,3.02166863200,0.0417000000,1.77000000,3.78000000,1332.00,2016,"Transit",0.000000
"Kepler-905 b","Kepler-905",290.0511468,46.7134077,5.08274651700,0.0568900000,1.41000000,2.57000000,928.00,2016,"Transit",0.000000
"Kepler-756 b","Kepler-756",290.6079736,41.2010940,1.22486632200,0.0219000000,1.12000000,1.46000000,1741.00,2016,"Transit",0.000000
"Kepler-757 b","Kepler-757",296.6804876,41.3865279,1.02267882100,0.0190000000,1.36000000,2.42000000,1734.00,2016,"Transit",0.000000
"Kepler-815 b","Kepler-815",285.2211238,47.8813037,8.57503552000,0.0947300000,4.11000000,15.80000000,1374.00,2016,"Transit",0.000000
"Kepler-852 b","Kepler-852",297.3915863,48.5606875,44.93098040000,0.2796700000,2.54000000,6.99000000,565.00,2016,"Transit",0.000000
"Kepler-883 b","Kepler-883",286.4337260,50.3002266,12.98495573000,0.1028800000,1.78000000,3.82000000,818.00,2016,"Transit",0.000000
"Kepler-509 b","Kepler-509",289.6643940,48.7061650,41.74600392000,0.2370200000,2.49000000,6.76000000,584.00,2016,"Transit",0.000000
"Kepler-466 c","Kepler-466",295.6486585,48.4955191,3.70921384600,0.0465800000,1.25000000,2.10000000,1206.00,2016,"Transit",0.000000
"Kepler-502 b","Kepler-502",291.0801330,43.8601911,4.28686431000,0.0535000000,4.77000000,20.40000000,1217.00,2016,"Transit",0.000000
"Kepler-758 b","Kepler-758",293.0846115,41.1354049,12.10971040000,0.1075400000,2.48000000,6.71000000,1005.00,2016,"Transit",0.000000
"Kepler-813 b","Kepler-813",285.6626752,48.4353251,19.12947337000,0.1439000000,2.14000000,5.22000000,817.00,2016,"Transit",0.000000
"Kepler-811 b","Kepler-811",285.4241593,47.8345586,23.58447697000,0.1591100000,2.70000000,7.75000000,730.00,2016,"Transit",0.000000
"Kepler-882 b","Kepler-882",294.6500256,43.3356106,3.98953966600,0.0474100000,1.23000000,2.04000000,903.00,2016,"Transit",0.000000
"Kepler-880 b","Kepler-880",281.9712347,43.6727839,7.71468975000,0.0915000000,2.66000000,7.56000000,1622.00,2016,"Transit",0.000000
"Kepler-474 b","Kepler-474",292.3215174,43.8811723,5.66067293500,0.0609200000,3.06000000,9.59000000,1115.00,2016,"Transit",0.000000
"Kepler-760 b","Kepler-760",287.5931997,44.1794278,8.70419416000,0.0808700000,3.06000000,9.59000000,748.00,2016,"Transit",0.000000
"Kepler-810 b","Kepler-810",296.6148615,48.0825642,4.59725385000,0.0550000000,1.93000000,4.38000000,1105.00,2016,"Transit",0.000000
"Kepler-809 b","Kepler-809",289.0836324,48.0180689,55.63934000000,0.2901000000,3.01000000,9.32000000,478.00,2016,"Transit",0.000000
"Kepler-877 b","Kepler-877",289.8591023,46.5227429,18.45847097000,0.1301000000,2.12000000,5.14000000,632.00,2016,"Transit",0.000000
"Kepler-750 c","Kepler-750",289.0968274,44.0043640,4.08899022000,0.0500900000,1.62000000,3.26000000,1537.00,2016,"Transit",0.000000
"Kepler-255 d","Kepler-255",296.0642702,45.9767647,1.04562265800,0.0192000000,1.32000000,2.30000000,1710.00,2016,"Transit",0.000000
"Kepler-775 b","Kepler-775",291.4332781,41.7033162,0.97486892600,0.0183400000,1.19000000,1.81000000,1612.00,2016,"Transit",0.000000
"Kepler-500 b","Kepler-500",295.9513472,43.8519884,8.50832439800,0.0836100000,2.58000000,7.18000000,909.00,2016,"Transit",0.000000
"Kepler-808 b","Kepler-808",291.5941514,48.4454907,0.63133235300,0.0131400000,1.46000000,2.73000000,1322.00,2016,"Transit",0.000000
"Kepler-875 b","Kepler-875",297.3012497,43.1418313,27.50737990000,0.1771000000,2.90000000,8.75000000,569.00,2016,"Transit",0.000000
"Kepler-732 c","Kepler-732",283.7317274,45.9585288,0.89304123600,0.0143000000,1.27000000,2.15000000,893.00,2016,"Transit",0.000000
"Kepler-777 b","Kepler-777",282.7241098,44.3465098,5.72812599000,0.0519000000,1.47000000,2.76000000,569.00,2016,"Transit",0.000000
"Kepler-779 b","Kepler-779",285.6285208,44.3107855,7.09714223000,0.0533000000,0.92000000,0.72100000,425.00,2016,"Transit",0.000000
"Kepler-804 b","Kepler-804",293.3722109,44.7851812,14.37457351000,0.1128700000,1.94000000,4.42000000,779.00,2016,"Transit",0.000000
"Kepler-803 b","Kepler-803",299.2216728,44.6939033,50.28638192000,0.2672100000,3.79000000,13.80000000,543.00,2016,"Transit",0.000000
"Kepler-1049 b","Kepler-1049",287.3469567,47.7729078,3.27346073600,0.0349000000,0.95000000,0.80900000,625.00,2016,"Transit",0.000000
"Kepler-969 b","Kepler-969",288.3724989,47.9335642,34.17317140000,0.1972600000,2.07000000,4.94000000,465.00,2016,"Transit",0.000000
"Kepler-1137 b","Kepler-1137",287.1302407,48.6653470,23.92107910000,0.1871000000,2.20000000,5.48000000,1020.00,2016,"Transit",0.000000
"Kepler-975 b","Kepler-975",290.5485100,38.4952415,1.97034245700,0.0289800000,1.48000000,2.79000000,1599.00,2016,"Transit",0.000000
"Kepler-995 b","Kepler-995",284.6157154,39.1309980,28.26731672000,0.1701000000,2.70000000,7.75000000,517.00,2016,"Transit",0.000000
"Kepler-1054 b","Kepler-1054",290.6011085,44.5563604,4.30655689000,0.0554200000,2.63000000,7.41000000,1177.00,2016,"Transit",0.000000
"Kepler-1033 b","Kepler-1033",283.8450963,44.6090251,7.56052806000,0.0761000000,2.51000000,6.85000000,914.00,2016,"Transit",0.000000
"Kepler-1040 b","Kepler-1040",283.1137663,48.1312774,201.12140000000,0.6724900000,2.08000000,4.98000000,300.00,2016,"Transit",0.000000
"Kepler-1138 b","Kepler-1138",285.8993164,48.3072850,3.17060005000,0.0415000000,1.70000000,3.53000000,1080.00,2016,"Transit",0.000000
"Kepler-1139 b","Kepler-1139",287.9455985,39.2305281,0.81316671900,0.0166400000,1.19000000,1.81000000,1693.00,2016,"Transit",0.000000
"Kepler-1060 b","Kepler-1060",286.0252285,39.6309204,46.87793670000,0.2495000000,2.38000000,6.26000000,484.00,2016,"Transit",0.000000
"Kepler-1003 b","Kepler-1003",292.0204349,44.8762427,3.55485691500,0.0433300000,1.78000000,3.82000000,1157.00,2016,"Transit",0.000000
"Kepler-1055 b","Kepler-1055",290.4867838,44.9325410,2.29503623300,0.0335000000,1.23000000,2.04000000,1304.00,2016,"Transit",0.000000
"Kepler-998 b","Kepler-998",296.7541629,49.2087085,5.65377733000,0.0626000000,2.32000000,5.99000000,1020.00,2016,"Transit",0.000000
"Kepler-1017 b","Kepler-1017",283.4692990,40.1325185,7.23400469000,0.0719600000,1.99000000,4.62000000,831.00,2016,"Transit",0.000000
"Kepler-974 b","Kepler-974",285.0131082,40.2209547,4.19449651400,0.0419000000,1.57000000,3.09000000,577.00,2016,"Transit",0.000000
"Kepler-1045 b","Kepler-1045",284.1832668,45.0740897,26.41045478000,0.1616000000,2.69000000,7.70000000,512.00,2016,"Transit",0.000000
"Kepler-980 b","Kepler-980",294.6129869,45.0601740,11.55102504000,0.0999300000,2.67000000,7.61000000,845.00,2016,"Transit",0.000000
"Kepler-991 b","Kepler-991",297.0905543,49.6264867,82.53425190000,0.3104000000,2.54000000,6.99000000,260.00,2016,"Transit",0.000000
"Kepler-1072 b","Kepler-1072",292.0443891,46.3289723,1.56906650200,0.0274200000,1.58000000,3.12000000,1849.00,2016,"Transit",0.000000
"Kepler-490 b","Kepler-490",295.0256620,46.9559536,3.26869515400,0.0453000000,11.65000000,,1597.00,2016,"Transit",0.000000
"Kepler-1018 b","Kepler-1018",283.5967317,45.4078654,49.10135140000,0.2530000000,2.58000000,7.18000000,498.00,2016,"Transit",0.000000
"Kepler-1004 b","Kepler-1004",297.3593427,49.7975464,5.28789787000,0.0679100000,6.28000000,32.50000000,1661.00,2016,"Transit",0.000000
"Kepler-997 b","Kepler-997",289.2333767,49.9388952,2.70730671600,0.0402200000,1.36000000,2.42000000,1709.00,2016,"Transit",0.000000
"Kepler-1151 b","Kepler-1151",292.2477819,47.8784257,65.64784240000,0.3197000000,2.22000000,5.56000000,485.00,2016,"Transit",0.000000
"Kepler-1064 b","Kepler-1064",291.7415821,37.6888103,16.54080322000,0.1183000000,1.55000000,3.02000000,570.00,2016,"Transit",0.000000
"Kepler-971 b","Kepler-971",284.0945699,41.1828131,9.59070716000,0.0867900000,2.13000000,5.18000000,1087.00,2016,"Transit",0.000000
"Kepler-1051 b","Kepler-1051",295.1581062,40.8988186,25.96200249000,0.1839500000,3.40000000,11.50000000,850.00,2016,"Transit",0.000000
"Kepler-1007 b","Kepler-1007",295.9065297,45.8090893,5.18500207300,0.0480000000,1.44000000,2.67000000,652.00,2016,"Transit",0.000000
"Kepler-968 b","Kepler-968",285.6025889,50.1120401,3.69298372800,0.0389000000,2.00000000,4.66000000,745.00,2016,"Transit",0.000000
"Kepler-1145 b","Kepler-1145",295.3081524,43.0444026,3.97076766000,0.0443000000,1.40000000,2.54000000,958.00,2016,"Transit",0.000000
"Kepler-1147 b","Kepler-1147",292.5474753,41.6429221,10.62784997000,0.0961000000,2.61000000,7.32000000,872.00,2016,"Transit",0.000000
"Kepler-1029 b","Kepler-1029",292.1328738,41.5474786,4.41769647900,0.0470000000,1.26000000,2.13000000,790.00,2016,"Transit",0.000000
"Kepler-996 b","Kepler-996",291.9127633,41.5335891,3.77059058400,0.0474000000,1.98000000,4.58000000,1272.00,2016,"Transit",0.000000
"Kepler-966 b","Kepler-966",297.2705760,50.1218365,99.74762200000,0.3907000000,4.13000000,16.00000000,391.00,2016,"Transit",0.000000
"Kepler-1047 b","Kepler-1047",288.6462564,50.7889645,56.18868870000,0.2987100000,2.09000000,5.02000000,503.00,2016,"Transit",0.000000
"Kepler-1149 b","Kepler-1149",294.1891824,45.1515263,3.73089898000,0.0473000000,1.44000000,2.67000000,1128.00,2016,"Transit",0.000000
"Kepler-1148 b","Kepler-1148",290.9536059,45.7195545,1.10446350900,0.0188000000,1.69000000,3.50000000,1397.00,2016,"Transit",0.000000
"Kepler-1057 b","Kepler-1057",297.4521311,41.5580816,14.08827448000,0.1138000000,3.36000000,11.20000000,724.00,2016,"Transit",0.000000
"Kepler-1059 b","Kepler-1059",289.2202147,41.7064385,3.76419104800,0.0440000000,1.73000000,3.64000000,908.00,2016,"Transit",0.000000
"Kepler-965 b","Kepler-965",298.5153169,41.8912305,134.25272980000,0.5099800000,3.38000000,11.40000000,393.00,2016,"Transit",0.000000
"Kepler-999 b","Kepler-999",299.6604865,46.1984679,5.99185701700,0.0691800000,2.34000000,6.08000000,1355.00,2016,"Transit",0.000000
"Kepler-1112 b","Kepler-1112",296.9687937,47.7514799,14.36267939000,0.1239000000,3.02000000,9.38000000,918.00,2016,"Transit",0.000000
"Kepler-952 b","Kepler-952",285.3718781,41.9938697,130.35469190000,0.5183000000,7.65000000,45.40000000,369.00,2016,"Transit",0.000000
"gam Cep b","gam Cep",354.8358233,77.6331009,904.00000000000,1.9780000000,12.50000000,2987.58702580,356.44,2003,"Radial Velocity",0.070000
"TOI-426 c","TOI-426",79.1021932,-15.5102418,235.80000000000,0.7470000000,13.60000000,444.00000000,319.20,2026,"Radial Velocity",
"Kepler-479 b","Kepler-479",291.0218899,37.7698734,12.49341307000,0.0963600000,2.12000000,5.14000000,649.00,2016,"Transit",0.000000
"Kepler-934 b","Kepler-934",290.2884494,43.7552623,55.67383090000,0.2658000000,2.09000000,5.02000000,384.00,2016,"Transit",0.000000
"Kepler-977 b","Kepler-977",291.5161959,42.2480736,26.85328322000,0.1620000000,2.62000000,7.37000000,544.00,2016,"Transit",0.000000
"Kepler-1021 b","Kepler-1021",295.2048999,42.5596699,13.47469571000,0.1034000000,2.33000000,6.04000000,634.00,2016,"Transit",0.000000
"Kepler-979 b","Kepler-979",300.3712023,46.4081872,8.08801350000,0.0753000000,2.72000000,7.85000000,792.00,2016,"Transit",0.000000
"Kepler-982 b","Kepler-982",288.4176803,46.5904531,15.77382210000,0.1277000000,2.25000000,5.69000000,955.00,2016,"Transit",0.000000
"Kepler-936 b","Kepler-936",293.5777958,46.7362953,10.56134221000,0.0954000000,1.45000000,2.70000000,867.00,2016,"Transit",0.000000
"Kepler-938 b","Kepler-938",294.7890593,46.9839352,52.62984170000,0.2689000000,2.22000000,5.56000000,544.00,2016,"Transit",0.000000
"Kepler-1006 b","Kepler-1006",295.7542063,42.5373065,19.76172042000,0.1464000000,1.54000000,2.99000000,791.00,2016,"Transit",0.000000
"Kepler-1009 b","Kepler-1009",282.8598614,42.6658336,11.35011917000,0.0796000000,2.17000000,5.35000000,403.00,2016,"Transit",0.000000
"Kepler-976 b","Kepler-976",289.8696232,46.7296855,105.95641480000,0.4217000000,3.96000000,14.90000000,324.00,2016,"Transit",0.000000
"Kepler-1052 b","Kepler-1052",295.3427300,46.6022134,34.85382760000,0.2098800000,2.93000000,8.91000000,522.00,2016,"Transit",0.000000
"Kepler-1120 b","Kepler-1120",290.9144516,42.2865522,2.94902905200,0.0369000000,1.38000000,2.48000000,1027.00,2016,"Transit",0.000000
"Kepler-1123 b","Kepler-1123",294.5177291,50.6703927,4.33946454000,0.0497000000,1.67000000,3.43000000,1061.00,2016,"Transit",0.000000
"Kepler-940 b","Kepler-940",294.2413053,47.2759642,59.62252570000,0.3059000000,3.34000000,11.10000000,486.00,2016,"Transit",0.000000
"Kepler-1035 b","Kepler-1035",289.0422430,42.8824991,2.71407755500,0.0388300000,1.17000000,1.71000000,1301.00,2016,"Transit",0.000000
"Kepler-1027 b","Kepler-1027",287.5711746,42.8138159,1.90780519900,0.0291100000,0.89000000,0.64000000,1268.00,2016,"Transit",0.000000
"Kepler-986 b","Kepler-986",293.0940391,42.8964457,56.43499380000,0.2913100000,2.36000000,6.17000000,465.00,2016,"Transit",0.000000
"Kepler-1011 b","Kepler-1011",297.4015491,46.8239976,5.75322197400,0.0633000000,2.87000000,8.60000000,920.00,2016,"Transit",0.000000
"Kepler-1068 b","Kepler-1068",294.6481708,46.3923173,16.92344113000,0.1303800000,3.63000000,12.80000000,702.00,2016,"Transit",0.000000
"Kepler-917 b","Kepler-917",299.0512562,47.9492677,2.97041437500,0.0378000000,1.91000000,4.31000000,991.00,2016,"Transit",0.000000
"Kepler-918 b","Kepler-918",298.2007268,48.2677925,4.85386933000,0.0569000000,1.74000000,3.68000000,1052.00,2016,"Transit",0.000000
"Kepler-978 b","Kepler-978",286.7107166,43.0433585,49.62215090000,0.2726000000,2.99000000,9.22000000,546.00,2016,"Transit",0.000000
"Kepler-1002 b","Kepler-1002",293.0794629,43.0736770,4.33642933100,0.0564000000,1.71000000,3.57000000,1453.00,2016,"Transit",0.000000
"Kepler-493 b","Kepler-493",295.3075252,38.8815716,3.00387658100,0.0439000000,15.13000000,,1438.00,2016,"Transit",0.000000
"Kepler-1128 b","Kepler-1128",293.0633150,39.4034052,61.61781670000,0.3020000000,3.65000000,12.90000000,424.00,2016,"Transit",0.000000
"Kepler-920 b","Kepler-920",284.2969363,49.1585983,6.53192704000,0.0650000000,2.42000000,6.44000000,907.00,2016,"Transit",0.000000
"Kepler-919 b","Kepler-919",298.1147862,48.4943834,11.04603384000,0.0981000000,2.25000000,5.69000000,869.00,2016,"Transit",0.000000
"Kepler-921 b","Kepler-921",284.6162253,49.1907438,51.30063400000,0.2716000000,2.87000000,8.60000000,492.00,2016,"Transit",0.000000
"Kepler-1015 b","Kepler-1015",292.7573088,43.4268439,16.00494214000,0.1345000000,3.55000000,12.30000000,1040.00,2016,"Transit",0.000000
"Kepler-1005 b","Kepler-1005",286.2858998,43.3205085,6.49801525000,0.0671700000,1.50000000,2.86000000,1026.00,2016,"Transit",0.000000
"Kepler-972 b","Kepler-972",295.8286790,43.4254371,7.03932553000,0.0734000000,4.65000000,19.50000000,1060.00,2016,"Transit",0.000000
"Kepler-1130 b","Kepler-1130",285.2074210,45.3843330,5.45298175000,0.0596300000,0.80000000,0.43700000,904.00,2016,"Transit",0.000000
"Kepler-1131 b","Kepler-1131",295.6514492,49.2612954,3.53232449000,0.0459000000,1.59000000,3.15000000,1159.00,2016,"Transit",0.000000
"Kepler-1025 b","Kepler-1025",284.5102140,43.9615628,37.32294930000,0.2160700000,1.98000000,4.58000000,1654.00,2016,"Transit",0.000000
"Kepler-497 b","Kepler-497",290.7659557,38.9279468,3.57320367100,0.0457000000,6.04000000,30.40000000,1210.00,2016,"Transit",0.000000
"Kepler-994 b","Kepler-994",289.0720752,47.4069180,1.15116650600,0.0177000000,1.60000000,3.19000000,957.00,2016,"Transit",0.000000
"Kepler-1132 b","Kepler-1132",286.3675188,48.4238906,62.89162280000,0.2881000000,2.35000000,6.12000000,384.00,2016,"Transit",0.000000
"Kepler-1069 b","Kepler-1069",290.9792378,47.9889097,23.89902960000,0.1658700000,1.60000000,3.19000000,823.00,2016,"Transit",0.000000
"Kepler-1034 b","Kepler-1034",286.1154093,37.9669464,12.12400943000,0.0965000000,2.26000000,5.73000000,675.00,2016,"Transit",0.000000
"Kepler-944 b","Kepler-944",293.6012911,42.3797910,43.31677370000,0.2288000000,2.63000000,7.41000000,459.00,2016,"Transit",0.000000
"Kepler-942 b","Kepler-942",294.9550809,44.1499518,44.96417488000,0.2273700000,2.13000000,5.18000000,379.00,2016,"Transit",0.000000
"Kepler-946 b","Kepler-946",300.9295551,44.0286710,11.79162572000,0.1002000000,1.93000000,4.38000000,857.00,2016,"Transit",0.000000
"HD 50554 c","HD 50554",103.6782730,24.2451409,5.96936200000,0.0652000000,1.31000000,5.30000000,1090.83,2026,"Transit",0.000000
"Kepler-992 b","Kepler-992",284.4304085,47.6416613,20.16034462000,0.1337200000,1.62000000,3.26000000,510.00,2016,"Transit",0.000000
"Kepler-1134 b","Kepler-1134",295.5678578,42.4781064,17.13263989000,0.1242000000,2.64000000,7.46000000,611.00,2016,"Transit",0.000000
"Kepler-1135 b","Kepler-1135",286.0029904,44.7565551,76.95785700000,0.3436000000,1.85000000,4.08000000,451.00,2016,"Transit",0.000000
"Kepler-951 b","Kepler-951",287.7375794,38.1146488,71.52530845000,0.3091000000,5.59000000,26.70000000,340.00,2016,"Transit",0.000000
"Kepler-967 b","Kepler-967",286.5580128,38.4052418,13.22713379000,0.1027000000,2.35000000,6.12000000,638.00,2016,"Transit",0.000000
"Kepler-1013 b","Kepler-1013",290.2481023,44.4352935,18.93054959000,0.1370000000,2.15000000,5.27000000,766.00,2016,"Transit",0.000000
"Kepler-1233 b","Kepler-1233",297.3750954,46.6622201,45.12630420000,0.2630000000,2.60000000,7.27000000,604.00,2016,"Transit",0.000000
"Kepler-1234 b","Kepler-1234",287.5220359,51.3759464,11.94014029000,0.0960000000,2.81000000,8.30000000,625.00,2016,"Transit",0.000000
"Kepler-523 b","Kepler-523",284.0611224,45.5068127,5.83598311100,0.0615900000,1.96000000,4.50000000,884.00,2016,"Transit",0.000000
"Gl 725 B c","Gl 725 B",280.6953530,59.6270600,37.90000000000,0.1390000000,1.66000000,3.40000000,215.00,2026,"Radial Velocity",
"Kepler-1180 b","Kepler-1180",295.8874773,43.1559952,16.86012860000,0.1246000000,1.99000000,4.62000000,765.00,2016,"Transit",0.000000
"Kepler-1181 b","Kepler-1181",289.7473165,39.5234131,4.89337519000,0.0621000000,1.57000000,3.09000000,1374.00,2016,"Transit",0.000000
"Kepler-1189 b","Kepler-1189",298.4264116,47.9468194,3.78858982000,0.0467000000,1.77000000,3.78000000,1158.00,2016,"Transit",0.000000
"Kepler-1236 b","Kepler-1236",295.6247375,42.5458739,31.05716180000,0.1803000000,2.14000000,5.22000000,480.00,2016,"Transit",0.000000
"Kepler-1235 b","Kepler-1235",284.9030677,43.9540616,4.16055856000,0.0483600000,0.79000000,0.41800000,985.00,2016,"Transit",0.000000
"Kepler-518 b","Kepler-518",287.0900190,41.3737576,8.51203587700,0.0799600000,2.11000000,5.10000000,839.00,2016,"Transit",0.000000
"Kepler-1276 b","Kepler-1276",287.8570173,40.5471909,12.57200950000,0.1086300000,1.19000000,1.81000000,886.00,2016,"Transit",0.000000
"Kepler-1277 b","Kepler-1277",295.1025166,40.5723736,40.83650120000,0.2185700000,1.60000000,3.19000000,496.00,2016,"Transit",0.000000
"Kepler-1182 b","Kepler-1182",296.3079895,43.8213706,11.17394617000,0.0981000000,2.41000000,6.39000000,796.00,2016,"Transit",0.000000
"Kepler-549 b","Kepler-549",283.0228527,47.2611431,42.94956490000,0.2323600000,2.57000000,11.00000000,487.00,2016,"Transit",0.000000
"Kepler-1237 b","Kepler-1237",295.6292745,44.6905815,84.57332260000,0.3778000000,2.86000000,8.55000000,366.00,2016,"Transit",0.000000
"Kepler-1279 b","Kepler-1279",288.0955917,40.3659090,23.47741010000,0.1785000000,1.75000000,3.71000000,738.00,2016,"Transit",0.000000
"Kepler-1280 b","Kepler-1280",293.5738933,45.3844919,66.55790570000,0.3398200000,1.87000000,4.16000000,757.00,2016,"Transit",0.000000
"Kepler-1076 b","Kepler-1076",287.5902594,51.0606047,6.14727918000,0.0611000000,0.80000000,0.43700000,770.00,2016,"Transit",0.000000
"Kepler-1077 b","Kepler-1077",291.0336333,42.2678448,34.35118740000,0.2101000000,2.77000000,8.10000000,576.00,2016,"Transit",0.000000
"Kepler-1193 b","Kepler-1193",288.1447323,51.2756446,2.83265213400,0.0400400000,1.32000000,2.30000000,1453.00,2016,"Transit",0.000000
"Kepler-1194 b","Kepler-1194",291.6994841,38.1452065,16.22371307000,0.1212000000,1.51000000,2.89000000,676.00,2016,"Transit",0.000000
"Kepler-1238 b","Kepler-1238",297.9057655,40.1628378,4.14787559000,0.0541000000,1.93000000,4.38000000,1389.00,2016,"Transit",0.000000
"Kepler-1282 b","Kepler-1282",290.1761688,46.6983036,2.13194651300,0.0335000000,1.55000000,3.02000000,1418.00,2016,"Transit",0.000000
"Kepler-1078 b","Kepler-1078",293.2005664,43.0500379,3.00725242000,0.0388000000,1.90000000,4.27000000,1122.00,2016,"Transit",0.000000
"Kepler-1079 b","Kepler-1079",299.5495794,45.7696769,13.24503188000,0.1092000000,1.63000000,3.29000000,887.00,2016,"Transit",0.000000
"Kepler-1242 b","Kepler-1242",284.6062174,41.1963440,13.62798432000,0.1039000000,2.26000000,5.73000000,639.00,2016,"Transit",0.000000
"Kepler-1243 b","Kepler-1243",294.0093970,42.8807779,16.83207290000,0.1256000000,1.75000000,3.71000000,690.00,2016,"Transit",0.000000
"Kepler-1081 b","Kepler-1081",289.4447520,41.3179652,3.85691854700,0.0466200000,1.01000000,1.01000000,972.00,2016,"Transit",0.000000
"Kepler-1199 b","Kepler-1199",293.7258092,47.2469219,15.04471980000,0.1130900000,1.15000000,1.60000000,931.00,2016,"Transit",0.000000
"Kepler-1202 b","Kepler-1202",292.2906060,44.6532281,28.68513240000,0.1790000000,2.94000000,8.96000000,547.00,2016,"Transit",0.000000
"Kepler-519 b","Kepler-519",299.3196708,41.3847447,24.30789460000,0.1593200000,2.10000000,5.06000000,532.00,2016,"Transit",0.000000
"Kepler-1284 b","Kepler-1284",291.2789549,47.6875766,0.66407380600,0.0143000000,1.21000000,1.92000000,1703.00,2016,"Transit",0.000000
"Kepler-1083 b","Kepler-1083",283.1618831,45.1983360,33.41779930000,0.1899000000,3.36000000,11.20000000,448.00,2016,"Transit",0.000000
"Kepler-1203 b","Kepler-1203",292.7734523,44.1780880,0.58800076500,0.0114000000,1.06000000,1.20000000,1188.00,2016,"Transit",0.000000
"Kepler-1204 b","Kepler-1204",289.4415238,42.4981476,85.73502850000,0.3877000000,3.05000000,9.53000000,448.00,2016,"Transit",0.000000
"Kepler-1246 b","Kepler-1246",287.6572346,48.9822053,11.32271513000,0.0848000000,1.36000000,2.42000000,554.00,2016,"Transit",0.000000
"Kepler-1289 b","Kepler-1289",296.3887670,41.0405090,7.99019627000,0.0785000000,1.52000000,2.92000000,1113.00,2016,"Transit",0.000000
"Kepler-1087 b","Kepler-1087",294.9789253,46.0056741,0.69384285500,0.0155400000,0.61000000,0.16500000,2161.00,2016,"Transit",0.000000
"Kepler-1086 b","Kepler-1086",295.2511870,45.8429537,18.78425728000,0.1198000000,2.44000000,6.53000000,433.00,2016,"Transit",0.000000
"Kepler-1088 b","Kepler-1088",281.5614578,42.4504087,23.12748644000,0.1616300000,1.42000000,2.60000000,667.00,2016,"Transit",0.000000
"Kepler-1206 b","Kepler-1206",295.9383737,49.7911337,1.21699766300,0.0201000000,1.64000000,3.33000000,1314.00,2016,"Transit",0.000000
"Kepler-1205 b","Kepler-1205",290.2796734,41.5150499,1.07839035200,0.0196000000,1.41000000,2.57000000,1667.00,2016,"Transit",0.000000
"Kepler-1249 b","Kepler-1249",296.8948517,44.3717429,24.33471270000,0.1670000000,2.38000000,6.26000000,647.00,2016,"Transit",0.000000
"Kepler-1250 b","Kepler-1250",287.7938184,45.9802492,2.60754383400,0.0393000000,1.92000000,4.35000000,1431.00,2016,"Transit",0.000000
"Kepler-1293 b","Kepler-1293",290.0258783,48.3359227,5.57654784000,0.0676300000,0.97000000,0.87100000,1183.00,2016,"Transit",0.000000
"Kepler-513 b","Kepler-513",285.0416235,50.0753913,28.86235584000,0.1779000000,2.20000000,5.48000000,623.00,2016,"Transit",0.000000
"Kepler-1092 b","Kepler-1092",297.7232008,47.1126833,58.60179250000,0.2996000000,2.07000000,4.94000000,508.00,2016,"Transit",0.000000
"Kepler-1209 b","Kepler-1209",287.5849352,49.1547328,25.36911600000,0.1751500000,1.51000000,2.89000000,755.00,2016,"Transit",0.000000
"Kepler-1252 b","Kepler-1252",298.9503634,46.6928437,15.05403290000,0.1078000000,1.67000000,3.43000000,665.00,2016,"Transit",0.000000
"Kepler-1253 b","Kepler-1253",283.8852196,47.6371507,68.88619150000,0.3144400000,1.33000000,2.33000000,501.00,2016,"Transit",0.000000
"Kepler-1156 b","Kepler-1156",288.9240901,46.0575865,11.89520511000,0.0970400000,1.32000000,2.30000000,787.00,2016,"Transit",0.000000
"Kepler-1155 b","Kepler-1155",288.8206058,39.5228712,33.46974300000,0.2006000000,2.03000000,4.78000000,609.00,2016,"Transit",0.000000
"Kepler-1093 b","Kepler-1093",284.9780251,41.4202077,25.08246260000,0.1754300000,1.95000000,4.46000000,776.00,2016,"Transit",0.000000
"Kepler-1094 b","Kepler-1094",292.3012109,38.2669983,78.10002310000,0.3625000000,3.18000000,10.20000000,480.00,2016,"Transit",0.000000
"Kepler-1213 b","Kepler-1213",289.4858423,50.9441967,5.34982412000,0.0602600000,1.19000000,1.81000000,1156.00,2016,"Transit",0.000000
"Kepler-1255 b","Kepler-1255",295.2392569,42.7264842,36.29193360000,0.2226000000,2.32000000,5.99000000,694.00,2016,"Transit",0.000000
"Kepler-1256 b","Kepler-1256",291.4742443,44.6834119,12.41277540000,0.1073300000,1.49000000,2.83000000,933.00,2016,"Transit",0.000000
"Kepler-1160 b","Kepler-1160",287.8793899,43.3640752,7.97034958000,0.0755000000,2.14000000,5.22000000,839.00,2016,"Transit",0.000000
"Kepler-1158 b","Kepler-1158",292.2339048,41.5751832,13.53962930000,0.1264300000,2.34000000,6.08000000,1079.00,2016,"Transit",0.000000
"Kepler-1097 b","Kepler-1097",281.5941261,42.5963949,187.74702900000,0.5791000000,3.26000000,10.70000000,267.00,2016,"Transit",0.000000
"Kepler-1095 b","Kepler-1095",293.2624215,41.3650155,4.27103091000,0.0514000000,1.21000000,1.92000000,1108.00,2016,"Transit",0.000000
"Kepler-1217 b","Kepler-1217",289.1866841,50.9375614,2.03232507200,0.0326000000,1.99000000,4.62000000,1542.00,2016,"Transit",0.000000
"Kepler-1216 b","Kepler-1216",287.4052661,45.9179790,4.37034536000,0.0519000000,1.39000000,2.51000000,1191.00,2016,"Transit",0.000000
"Kepler-1257 b","Kepler-1257",296.0756231,45.6270165,2.66831376200,0.0376000000,1.52000000,2.92000000,1252.00,2016,"Transit",0.000000
"Kepler-1260 b","Kepler-1260",295.5912652,42.5552261,19.11877530000,0.1444000000,1.77000000,3.78000000,823.00,2016,"Transit",0.000000
"Kepler-1163 b","Kepler-1163",290.2358630,50.0300654,6.11786898000,0.0686800000,1.03000000,1.08000000,1211.00,2016,"Transit",0.000000
"Kepler-1100 b","Kepler-1100",291.8713535,44.0873907,6.42200058000,0.0674500000,1.75000000,3.71000000,1000.00,2016,"Transit",0.000000
"Kepler-1098 b","Kepler-1098",295.5026730,43.2326992,2.54307285500,0.0358000000,1.30000000,2.24000000,1319.00,2016,"Transit",0.000000
"Kepler-1261 b","Kepler-1261",285.2324786,48.8066963,48.43089910000,0.2390000000,2.26000000,5.73000000,396.00,2016,"Transit",0.000000
"Kepler-1166 b","Kepler-1166",290.3484956,50.9028387,33.24068820000,0.1975000000,1.69000000,3.50000000,486.00,2016,"Transit",0.000000
"Kepler-1167 b","Kepler-1167",298.3026595,47.6939654,1.00393373900,0.0175000000,1.71000000,3.57000000,1419.00,2016,"Transit",0.000000
"Kepler-1103 b","Kepler-1103",287.3821348,49.4524247,19.79191978000,0.1533600000,2.27000000,5.77000000,736.00,2016,"Transit",0.000000
"Kepler-1221 b","Kepler-1221",285.8223636,45.7118423,12.00096042000,0.0906000000,1.88000000,4.19000000,632.00,2016,"Transit",0.000000
"Kepler-522 b","Kepler-522",288.1539730,44.0688154,38.58422849000,0.2502900000,6.91000000,38.20000000,761.00,2016,"Transit",0.000000
"Kepler-1264 b","Kepler-1264",289.8844102,45.2115075,0.96852602300,0.0183900000,1.18000000,1.76000000,1677.00,2016,"Transit",0.000000
"Kepler-1169 b","Kepler-1169",294.9115874,46.4914718,6.11009134000,0.0693100000,0.94000000,0.77900000,1125.00,2016,"Transit",0.000000
"Kepler-1168 b","Kepler-1168",287.2977834,47.4554880,55.82265390000,0.2663000000,2.50000000,6.80000000,379.00,2016,"Transit",0.000000
"Kepler-1106 b","Kepler-1106",291.1451576,44.0624715,1.25275217400,0.0239000000,1.65000000,3.36000000,2199.00,2016,"Transit",0.000000
"Kepler-1226 b","Kepler-1226",296.3768521,50.6214592,17.29234530000,0.1394500000,1.45000000,2.70000000,809.00,2016,"Transit",0.000000
"Kepler-1266 b","Kepler-1266",285.8693277,42.7279996,28.47474800000,0.1643100000,2.58000000,7.18000000,489.00,2016,"Transit",0.000000
"Kepler-1268 b","Kepler-1268",287.8384190,43.1531776,40.99039860000,0.2383000000,2.03000000,4.78000000,627.00,2016,"Transit",0.000000
"Kepler-1171 b","Kepler-1171",294.9589285,38.5915968,1.44259224000,0.0284000000,2.56000000,7.08000000,2700.00,2016,"Transit",0.000000
"Kepler-1172 b","Kepler-1172",290.4744875,37.7665499,26.02044230000,0.1680000000,3.20000000,10.30000000,675.00,2016,"Transit",0.000000
"Kepler-1109 b","Kepler-1109",291.6462654,39.3966122,37.64673840000,0.2466000000,2.19000000,5.43000000,787.00,2016,"Transit",0.000000
"Kepler-1110 b","Kepler-1110",291.8080645,38.6226615,9.69312032000,0.0754000000,2.66000000,7.56000000,609.00,2016,"Transit",0.000000
"Kepler-1229 b","Kepler-1229",297.4868347,46.9966782,86.82898900000,0.3006000000,1.40000000,2.54000000,212.00,2016,"Transit",0.000000
"Kepler-436 c","Kepler-436",301.7207775,44.4120856,16.79713874000,0.1145200000,2.33000000,6.04000000,503.00,2016,"Transit",0.000000
"Kepler-1270 b","Kepler-1270",286.7156676,48.6452552,6.03356196000,0.0704500000,3.32000000,11.00000000,1598.00,2016,"Transit",0.000000
"Kepler-804 c","Kepler-804",293.3722109,44.7851812,9.65185017000,0.0865400000,1.14000000,1.55000000,890.00,2016,"Transit",0.000000
"Kepler-1230 b","Kepler-1230",283.2645129,41.7114526,9.95661537000,0.0921000000,2.71000000,7.80000000,946.00,2016,"Transit",0.000000
"Kepler-1271 b","Kepler-1271",286.3442954,37.4119347,3.02559550000,0.0423300000,1.48000000,2.79000000,1484.00,2016,"Transit",0.000000
"Kepler-1273 b","Kepler-1273",285.8032016,44.8733983,28.62565300000,0.1857000000,2.49000000,6.76000000,573.00,2016,"Transit",0.000000
"Kepler-1177 b","Kepler-1177",286.6714813,49.4062964,106.24754700000,0.4301000000,1.90000000,4.27000000,377.00,2016,"Transit",0.000000
"Kepler-1179 b","Kepler-1179",284.0974305,47.8104856,2.68505749200,0.0349700000,1.32000000,2.30000000,1137.00,2016,"Transit",0.000000
"Kepler-1152 b","Kepler-1152",290.4341483,44.1077802,1.64680190800,0.0223000000,0.87000000,0.59000000,806.00,2016,"Transit",0.000000
"Kepler-1186 b","Kepler-1186",288.4796333,47.1017438,16.07677615000,0.1281000000,2.23000000,5.60000000,724.00,2016,"Transit",0.000000
"Kepler-535 b","Kepler-535",296.5666587,49.6961742,4.90332155100,0.0601100000,2.36000000,6.17000000,1247.00,2016,"Transit",0.000000
"Kepler-1411 b","Kepler-1411",286.3615236,42.9638889,86.11508880000,0.4001000000,2.82000000,8.35000000,441.00,2016,"Transit",0.000000
"Kepler-1413 b","Kepler-1413",294.3416065,46.4987624,13.18296420000,0.1066000000,1.82000000,3.97000000,661.00,2016,"Transit",0.000000
"Kepler-1317 b","Kepler-1317",291.6118842,42.1159787,0.56887442700,0.0128000000,1.56000000,3.05000000,1796.00,2016,"Transit",0.000000
"Kepler-1318 b","Kepler-1318",290.3763246,41.1507928,213.25766300000,0.6085000000,3.11000000,9.85000000,202.00,2016,"Transit",0.000000
"Kepler-1362 b","Kepler-1362",288.5385574,40.8771276,136.20562600000,0.4626000000,2.60000000,7.27000000,248.00,2016,"Transit",0.000000
"Kepler-536 b","Kepler-536",297.7363605,49.6371010,1.82708229900,0.0283500000,3.10000000,9.80000000,1877.00,2016,"Transit",0.000000
"Kepler-1415 b","Kepler-1415",285.1568015,47.8732512,0.63642408000,0.0141600000,1.29000000,2.21000000,1846.00,2016,"Transit",0.000000
"Kepler-1320 b","Kepler-1320",288.4335977,40.3808519,0.86838652800,0.0163000000,1.70000000,3.53000000,1389.00,2016,"Transit",0.000000
"Kepler-1321 b","Kepler-1321",294.5285970,46.6408737,11.12830484000,0.0781000000,4.92000000,21.50000000,408.00,2016,"Transit",0.000000
"Kepler-1366 b","Kepler-1366",285.0648845,41.5548464,2.16457096800,0.0273000000,1.43000000,2.63000000,783.00,2016,"Transit",0.000000
"Kepler-903 c","Kepler-903",288.7710137,40.6641771,62.92285570000,0.3024900000,2.53000000,6.94000000,462.00,2016,"Transit",0.000000
"Kepler-758 e","Kepler-758",293.0846115,41.1354049,8.19347190000,0.0829000000,1.53000000,2.96000000,1144.00,2016,"Transit",0.000000
"Kepler-1417 b","Kepler-1417",290.9498966,40.6051970,20.35052130000,0.1406200000,1.00000000,0.97200000,695.00,2016,"Transit",0.000000
"Kepler-1322 b","Kepler-1322",293.2045009,45.4353919,0.96286738200,0.0183000000,1.61000000,3.22000000,1666.00,2016,"Transit",0.000000
"Kepler-525 b","Kepler-525",296.1834239,47.3587776,18.68404933000,0.1438600000,2.63000000,7.41000000,832.00,2016,"Transit",0.000000
"Kepler-722 c","Kepler-722",290.2632874,44.5564051,105.14474900000,0.4471000000,2.82000000,8.35000000,401.00,2016,"Transit",0.000000
"Kepler-1422 b","Kepler-1422",293.8902214,48.3360926,18.60519420000,0.1499000000,2.02000000,4.74000000,833.00,2016,"Transit",0.000000
"Kepler-1327 b","Kepler-1327",289.0648073,50.4609183,14.88801098000,0.1115100000,1.80000000,3.89000000,831.00,2016,"Transit",0.000000
"Kepler-1368 b","Kepler-1368",294.7669795,41.6446434,0.67564948600,0.0153000000,1.65000000,3.36000000,2085.00,2016,"Transit",0.000000
"Kepler-769 c","Kepler-769",292.7130925,38.3581685,15.98701740000,0.1297000000,1.79000000,3.86000000,803.00,2016,"Transit",0.000000
"Kepler-770 c","Kepler-770",286.4904589,38.3748720,1.47532231400,0.0309000000,1.20000000,1.87000000,2740.00,2016,"Transit",0.000000
"Kepler-1430 b","Kepler-1430",289.6975391,43.3719581,2.46050993000,0.0304000000,1.18000000,1.76000000,969.00,2016,"Transit",0.000000
"Kepler-1431 b","Kepler-1431",292.6583919,49.8651522,5.86601526000,0.0648000000,1.47000000,2.76000000,1064.00,2016,"Transit",0.000000
"Kepler-1328 b","Kepler-1328",284.6753857,44.4177225,4.52158888000,0.0520000000,0.98000000,0.90400000,1214.00,2016,"Transit",0.000000
"Kepler-1329 b","Kepler-1329",281.6476437,48.2709523,9.33646594000,0.0747000000,2.17000000,5.35000000,577.00,2016,"Transit",0.000000
"Kepler-527 b","Kepler-527",290.9579130,47.4062673,13.28535633000,0.1164600000,2.84000000,8.45000000,1157.00,2016,"Transit",0.000000
"Kepler-1371 b","Kepler-1371",288.8314251,47.5519753,3.44620390000,0.0421400000,0.73000000,0.31500000,1015.00,2016,"Transit",0.000000
"Kepler-770 d","Kepler-770",286.4904589,38.3748720,4.15244722000,0.0616000000,1.40000000,2.54000000,1941.00,2016,"Transit",0.000000
"Kepler-896 b","Kepler-896",282.4391402,43.7344291,144.54739600000,0.5637800000,2.53000000,6.94000000,303.00,2016,"Transit",0.000000
"Kepler-1427 b","Kepler-1427",295.3496546,45.1145372,0.96897237600,0.0197000000,1.10000000,1.37000000,1844.00,2016,"Transit",0.000000
"Kepler-1332 b","Kepler-1332",291.0286411,43.9137055,11.87456832000,0.0991500000,1.37000000,2.45000000,728.00,2016,"Transit",0.000000
"Kepler-1330 b","Kepler-1330",290.5767116,39.9568913,10.10769068000,0.0889000000,1.65000000,3.36000000,879.00,2016,"Transit",0.000000
"Kepler-1373 b","Kepler-1373",285.7520229,39.2491731,1.29123275000,0.0259800000,1.16000000,1.65000000,1887.00,2016,"Transit",0.000000
"Kepler-1374 b","Kepler-1374",291.3499783,45.1722521,10.65276707000,0.0918000000,2.29000000,5.86000000,737.00,2016,"Transit",0.000000
"Kepler-1311 c","Kepler-1311",289.6512597,43.8244445,2.53573424000,0.0375300000,1.22000000,1.98000000,1671.00,2016,"Transit",0.000000
"Kepler-1428 b","Kepler-1428",297.6422563,49.5949580,10.67607169000,0.1105100000,1.64000000,3.33000000,1049.00,2016,"Transit",0.000000
"Kepler-1429 b","Kepler-1429",285.3662532,49.0448172,4.48487493000,0.0550000000,1.29000000,2.21000000,1199.00,2016,"Transit",0.000000
"Kepler-1335 b","Kepler-1335",284.8384394,42.0703371,6.26406846000,0.0615000000,1.45000000,2.70000000,809.00,2016,"Transit",0.000000
"Kepler-528 b","Kepler-528",295.6848595,47.7480914,19.78297415000,0.1421900000,2.08000000,4.98000000,708.00,2016,"Transit",0.000000
"Kepler-1321 c","Kepler-1321",294.5285970,46.6408737,2.22649108600,0.0267000000,2.40000000,6.35000000,697.00,2016,"Transit",0.000000
"Kepler-1433 b","Kepler-1433",287.3634559,49.4568649,4.13592271000,0.0516000000,1.56000000,3.05000000,1226.00,2016,"Transit",0.000000
"Kepler-1337 b","Kepler-1337",287.0091176,46.7961229,24.40025490000,0.1441000000,2.41000000,6.39000000,437.00,2016,"Transit",0.000000
"Kepler-1339 b","Kepler-1339",283.7457695,48.3734690,1.34155512700,0.0235600000,0.71000000,0.28500000,1642.00,2016,"Transit",0.000000
"Kepler-1377 b","Kepler-1377",289.1954229,46.6516055,0.74092842200,0.0153000000,1.25000000,2.10000000,1873.00,2016,"Transit",0.000000
"Kepler-1378 b","Kepler-1378",297.3734030,40.3663986,11.95398936000,0.0885000000,2.20000000,5.48000000,525.00,2016,"Transit",0.000000
"Kepler-1370 c","Kepler-1370",284.5656897,41.7784781,7.44142113000,0.0808400000,1.27000000,2.15000000,1075.00,2016,"Transit",0.000000
"Kepler-1295 b","Kepler-1295",291.3978451,45.5885530,3.81371974000,0.0464000000,1.55000000,3.02000000,1029.00,2016,"Transit",0.000000
"Kepler-1296 b","Kepler-1296",292.1251038,41.4077928,8.38398650000,0.0896000000,0.91000000,0.69300000,1285.00,2016,"Transit",0.000000
"Kepler-1341 b","Kepler-1341",280.5116813,44.1593503,132.99683220000,0.4726700000,2.99000000,9.22000000,241.00,2016,"Transit",0.000000
"Kepler-529 b","Kepler-529",285.8884067,47.8803640,1.98035766300,0.0309000000,1.86000000,4.12000000,1662.00,2016,"Transit",0.000000
"Kepler-1380 b","Kepler-1380",288.1160421,42.4403832,10.31082450000,0.0917000000,1.43000000,2.63000000,786.00,2016,"Transit",0.000000
"Kepler-1391 b","Kepler-1391",294.8309749,46.6595768,54.40923330000,0.3004500000,1.68000000,3.46000000,513.00,2016,"Transit",0.000000
"Kepler-1392 b","Kepler-1392",288.7669819,46.3944497,15.14103970000,0.1189000000,1.96000000,4.50000000,714.00,2016,"Transit",0.000000
"Kepler-1297 b","Kepler-1297",289.9564415,47.0203466,1.68189002000,0.0283000000,0.97000000,0.87100000,1790.00,2016,"Transit",0.000000
"Kepler-1343 b","Kepler-1343",294.2944830,50.7253850,3.35183158000,0.0449000000,1.93000000,4.38000000,1294.00,2016,"Transit",0.000000
"Kepler-1344 b","Kepler-1344",287.0862799,46.9457998,4.76830490000,0.0550100000,1.84000000,4.04000000,1219.00,2016,"Transit",0.000000
"Kepler-1383 b","Kepler-1383",297.9447714,42.1918449,13.90935830000,0.1139700000,1.41000000,2.57000000,928.00,2016,"Transit",0.000000
"Kepler-1381 b","Kepler-1381",287.5357911,48.7277830,25.38426860000,0.1728000000,2.25000000,5.69000000,649.00,2016,"Transit",0.000000
"Kepler-1393 b","Kepler-1393",284.4594558,40.1424756,2.44357812000,0.0337000000,0.80000000,0.43700000,1249.00,2016,"Transit",0.000000
"Kepler-1300 b","Kepler-1300",289.0330532,40.0869182,22.24190920000,0.1600500000,1.37000000,2.45000000,954.00,2016,"Transit",0.000000
"Kepler-616 c","Kepler-616",294.9891370,46.8383058,90.41135560000,0.4024000000,3.41000000,11.50000000,413.00,2016,"Transit",0.000000
"Kepler-1347 b","Kepler-1347",299.6595903,40.8438526,14.00947528000,0.1040000000,1.03000000,1.08000000,617.00,2016,"Transit",0.000000
"Kepler-1345 b","Kepler-1345",292.4779428,46.0228210,44.61695570000,0.2641200000,2.36000000,6.17000000,693.00,2016,"Transit",0.000000
"Kepler-1385 b","Kepler-1385",282.6313559,46.4810220,2.88879862000,0.0426200000,0.85000000,0.54300000,1423.00,2016,"Transit",0.000000
"Kepler-1384 b","Kepler-1384",296.2151275,39.5270248,15.36262753000,0.1126000000,1.94000000,4.42000000,608.00,2016,"Transit",0.000000
"Kepler-1397 b","Kepler-1397",299.6758812,47.0758234,47.44995500000,0.2586100000,1.72000000,3.61000000,551.00,2016,"Transit",0.000000
"Kepler-1398 b","Kepler-1398",294.8661073,48.6389923,2.78815679000,0.0390900000,0.90000000,0.66600000,1510.00,2016,"Transit",0.000000
"Kepler-1396 b","Kepler-1396",294.3363936,44.9182296,18.22064210000,0.1406000000,2.07000000,4.94000000,786.00,2016,"Transit",0.000000
"Kepler-1302 b","Kepler-1302",290.9892462,50.3080640,8.83922659000,0.0795000000,1.43000000,2.63000000,778.00,2016,"Transit",0.000000
"Kepler-1304 b","Kepler-1304",285.2763652,39.4468274,16.12888530000,0.1202000000,2.29000000,5.86000000,715.00,2016,"Transit",0.000000
"Kepler-1350 b","Kepler-1350",288.2506110,46.6794847,4.49686040000,0.0413000000,2.52000000,6.90000000,535.00,2016,"Transit",0.000000
"Kepler-1348 b","Kepler-1348",292.0874126,49.7887090,27.57227420000,0.1834000000,1.94000000,4.42000000,636.00,2016,"Transit",0.000000
"Kepler-1387 b","Kepler-1387",292.4403029,43.2093456,2.27952665600,0.0310000000,0.93000000,0.74900000,1123.00,2016,"Transit",0.000000
"Kepler-1398 c","Kepler-1398",294.8661073,48.6389923,4.13827595000,0.0508700000,1.03000000,1.08000000,1324.00,2016,"Transit",0.000000
"Kepler-1400 b","Kepler-1400",286.2716827,45.4408055,9.06689421000,0.0771000000,1.62000000,3.26000000,725.00,2016,"Transit",0.000000
"Kepler-1307 b","Kepler-1307",292.8698348,46.7418679,18.01621096000,0.1369000000,2.47000000,6.66000000,768.00,2016,"Transit",0.000000
"Kepler-1351 b","Kepler-1351",293.6084289,42.1978746,0.91614076800,0.0156000000,0.65000000,0.20800000,1212.00,2016,"Transit",0.000000
"Kepler-521 b","Kepler-521",298.8163801,43.9980203,22.20813214000,0.1711600000,3.18000000,10.20000000,803.00,2016,"Transit",0.000000
"Kepler-1390 b","Kepler-1390",298.6624419,48.2488659,6.48021673000,0.0662000000,1.18000000,1.76000000,934.00,2016,"Transit",0.000000
"Kepler-531 b","Kepler-531",286.5246582,48.6835481,29.88485741000,0.1744600000,2.78000000,8.15000000,453.00,2016,"Transit",0.000000
"Kepler-1389 b","Kepler-1389",285.7174414,44.7583487,99.25309510000,0.3824900000,1.77000000,3.78000000,300.00,2016,"Transit",0.000000
"Kepler-1401 b","Kepler-1401",287.4660334,40.7584200,11.20066445000,0.0975000000,1.68000000,3.46000000,808.00,2016,"Transit",0.000000
"Kepler-1402 b","Kepler-1402",291.8478341,48.9681664,2.03387914000,0.0322000000,0.76000000,0.36300000,1789.00,2016,"Transit",0.000000
"Kepler-1308 b","Kepler-1308",285.9287514,38.5207097,2.10433811900,0.0250000000,0.52000000,0.09330000,662.00,2016,"Transit",0.000000
"Kepler-1309 b","Kepler-1309",298.7351131,40.7641262,28.84326470000,0.1679000000,2.37000000,6.21000000,491.00,2016,"Transit",0.000000
"Kepler-1352 b","Kepler-1352",290.6937988,48.7014417,1.87788274800,0.0288300000,0.89000000,0.64000000,1701.00,2016,"Transit",0.000000
"Kepler-1353 b","Kepler-1353",295.7353911,42.5762317,24.75439660000,0.1530000000,1.80000000,3.89000000,491.00,2016,"Transit",0.000000
"Kepler-532 b","Kepler-532",298.6609094,48.6063022,12.92491623000,0.1015100000,2.57000000,7.13000000,620.00,2016,"Transit",0.000000
"Kepler-1403 b","Kepler-1403",290.8676391,38.9600779,5.19492202000,0.0640000000,2.14000000,5.22000000,1238.00,2016,"Transit",0.000000
"Kepler-1405 b","Kepler-1405",295.6848822,39.2561274,28.22741840000,0.1778000000,3.96000000,14.90000000,565.00,2016,"Transit",0.000000
"Kepler-1310 b","Kepler-1310",283.9200236,40.7400419,0.67933627200,0.0145200000,1.44000000,2.67000000,1883.00,2016,"Transit",0.000000
"Kepler-1312 b","Kepler-1312",292.9712801,41.0357494,5.44832528600,0.0605300000,2.10000000,5.06000000,978.00,2016,"Transit",0.000000
"Kepler-517 b","Kepler-517",293.6755138,41.2952061,60.92832271000,0.2868200000,2.67000000,7.61000000,467.00,2016,"Transit",0.000000
"Kepler-1356 b","Kepler-1356",290.9953825,43.2438792,0.63400293700,0.0136000000,1.53000000,2.96000000,1714.00,2016,"Transit",0.000000
"Kepler-1354 b","Kepler-1354",291.2451266,37.7590079,76.61337700000,0.3521000000,2.97000000,9.11000000,466.00,2016,"Transit",0.000000
"Kepler-1050 c","Kepler-1050",282.9249847,48.6264015,21.12845690000,0.1526400000,1.48000000,2.79000000,935.00,2016,"Transit",0.000000
"Kepler-1407 b","Kepler-1407",283.9424274,41.4715535,20.07115040000,0.1502000000,2.25000000,5.69000000,826.00,2016,"Transit",0.000000
"Kepler-1313 b","Kepler-1313",292.3885820,42.2332767,3.83309117800,0.0461900000,1.76000000,3.75000000,1012.00,2016,"Transit",0.000000
"Kepler-1359 b","Kepler-1359",289.5388180,41.8928154,59.49709520000,0.2665700000,2.83000000,8.40000000,369.00,2016,"Transit",0.000000
"Kepler-1360 b","Kepler-1360",300.3440482,45.6231826,40.52864130000,0.2866000000,3.40000000,11.50000000,933.00,2016,"Transit",0.000000
"Kepler-1611 b","Kepler-1611",296.5120204,49.7277506,5.17624290000,0.0586000000,0.81000000,0.45700000,1243.00,2016,"Transit",0.000000
"Kepler-1463 b","Kepler-1463",294.4872785,42.0069064,25.15864000000,0.1694000000,1.86000000,4.12000000,619.00,2016,"Transit",0.000000
"Kepler-1543 b","Kepler-1543",297.1242915,47.0369876,6.96710269000,0.0867000000,2.71000000,7.80000000,1774.00,2016,"Transit",0.000000
"Kepler-1578 b","Kepler-1578",288.3021104,47.7756227,1.45088690700,0.0252000000,1.04000000,1.12000000,1700.00,2016,"Transit",0.000000
"Kepler-626 b","Kepler-626",288.6986828,39.7082044,14.48585199000,0.1091300000,2.29000000,5.86000000,784.00,2016,"Transit",0.000000
"Kepler-1465 b","Kepler-1465",289.8194222,51.9048541,31.82771110000,0.1939000000,1.77000000,3.78000000,668.00,2016,"Transit",0.000000
"Kepler-1466 b","Kepler-1466",289.8312418,44.6098415,31.17504480000,0.1798100000,1.55000000,3.02000000,585.00,2016,"Transit",0.000000
"Kepler-1546 b","Kepler-1546",297.5839183,41.5411993,19.59749710000,0.1366000000,3.13000000,9.96000000,671.00,2016,"Transit",0.000000
"Kepler-1548 b","Kepler-1548",287.4711817,46.0805706,124.82867900000,0.4679000000,2.64000000,7.46000000,350.00,2016,"Transit",0.000000
"Kepler-1613 b","Kepler-1613",289.8750066,43.4209318,1.51842990000,0.0275500000,2.08000000,4.98000000,1926.00,2016,"Transit",0.000000
"Kepler-1468 c","Kepler-1468",293.5198289,41.2773671,3.54553021000,0.0466000000,1.15000000,1.60000000,1448.00,2016,"Transit",0.000000
"Kepler-1582 b","Kepler-1582",289.3765441,41.1580845,4.83817712000,0.0316000000,1.49000000,2.83000000,354.00,2016,"Transit",0.000000
"Kepler-1469 b","Kepler-1469",293.8213286,39.3913385,21.86353010000,0.1466000000,2.80000000,8.25000000,551.00,2016,"Transit",0.000000
"Kepler-633 b","Kepler-633",295.2173259,40.5921599,8.50340718000,0.0818500000,1.63000000,3.29000000,1021.00,2016,"Transit",0.000000
"Kepler-1550 b","Kepler-1550",287.7646113,38.2947076,225.58280900000,0.7681000000,3.02000000,9.38000000,348.00,2016,"Transit",0.000000
"Kepler-1552 b","Kepler-1552",291.6768669,38.8749152,184.77185300000,0.6011000000,2.47000000,6.66000000,268.00,2016,"Transit",0.000000
"Kepler-1584 b","Kepler-1584",287.7626791,43.2743929,13.39970990000,0.1168000000,1.61000000,3.22000000,886.00,2016,"Transit",0.000000
"Kepler-556 b","Kepler-556",290.5294799,38.9427306,11.72292176000,0.0983300000,2.24000000,5.65000000,766.00,2016,"Transit",0.000000
"Kepler-629 b","Kepler-629",289.4179128,39.9450757,7.23858540000,0.0710700000,1.38000000,2.48000000,816.00,2016,"Transit",0.000000
"Kepler-630 b","Kepler-630",293.4270647,39.9423967,161.47439370000,0.5620100000,3.18000000,10.20000000,343.00,2016,"Transit",0.000000
"Kepler-1470 b","Kepler-1470",288.6949475,39.8830802,16.29509030000,0.1160000000,1.07000000,1.24000000,574.00,2016,"Transit",0.000000
"Kepler-1475 b","Kepler-1475",295.9482766,44.7530960,82.17737400000,0.3730000000,2.92000000,8.85000000,441.00,2016,"Transit",0.000000
"Kepler-1476 b","Kepler-1476",284.5320743,43.9898971,10.35863224000,0.0932000000,1.67000000,3.43000000,860.00,2016,"Transit",0.000000
"Kepler-154 f","Kepler-154",289.7805393,49.8965624,9.91935684000,0.0883200000,1.50000000,2.86000000,838.00,2016,"Transit",0.000000
"Kepler-1165 b","Kepler-1165",286.9712284,44.7082669,9.47852200000,0.0914000000,1.55000000,3.02000000,946.00,2016,"Transit",0.000000
"Kepler-1587 b","Kepler-1587",292.6777294,49.6638666,9.40604670000,0.0874700000,1.33000000,2.33000000,981.00,2016,"Transit",0.000000
"Kepler-579 b","Kepler-579",295.0020771,39.9528613,9.66857723000,0.0854000000,2.00000000,4.66000000,730.00,2016,"Transit",0.000000
"Kepler-1619 b","Kepler-1619",285.7035950,44.4221528,23.62259130000,0.1541300000,0.76000000,0.36300000,797.00,2016,"Transit",0.000000
"Kepler-132 e","Kepler-132",283.2358100,41.3430370,110.28693740000,0.4392700000,1.18000000,1.76000000,414.00,2016,"Transit",0.000000
"Kepler-1471 b","Kepler-1471",289.6649171,50.0200612,3.63899398000,0.0453000000,1.41000000,2.57000000,1238.00,2016,"Transit",0.000000
"Kepler-1554 b","Kepler-1554",286.5760160,41.7415762,198.08877400000,0.5952700000,2.90000000,8.75000000,288.00,2016,"Transit",0.000000
"Kepler-541 b","Kepler-541",294.1496529,38.4582070,5.08005848000,0.0644700000,3.36000000,11.20000000,1673.00,2016,"Transit",0.000000
"Kepler-1589 b","Kepler-1589",294.4418236,40.5716114,0.99166527400,0.0205000000,1.09000000,1.32000000,2102.00,2016,"Transit",0.000000
"Kepler-686 b","Kepler-686",285.2138190,39.0274660,1.59474546300,0.0258000000,12.15000000,,1539.00,2016,"Transit",0.000000
"Kepler-1473 b","Kepler-1473",290.6365144,48.9961494,14.42735510000,0.1160600000,1.19000000,1.81000000,783.00,2016,"Transit",0.000000
"Kepler-1472 b","Kepler-1472",294.8526163,49.0574468,38.13128310000,0.2322000000,1.90000000,4.27000000,613.00,2016,"Transit",0.000000
"Kepler-1474 b","Kepler-1474",294.6940261,45.8668090,36.43334520000,0.2108000000,2.16000000,5.31000000,561.00,2016,"Transit",0.000000
"Kepler-1556 b","Kepler-1556",288.3969751,40.2131892,8.82713457000,0.0829000000,1.96000000,4.50000000,797.00,2016,"Transit",0.000000
"Kepler-542 b","Kepler-542",292.2149697,38.5485469,13.14497566000,0.1070300000,1.57000000,3.09000000,698.00,2016,"Transit",0.000000
"Kepler-1592 b","Kepler-1592",293.8506230,38.3977379,3.05710069000,0.0400000000,1.54000000,2.99000000,1202.00,2016,"Transit",0.000000
"Kepler-1623 b","Kepler-1623",294.0826970,39.5560655,4.36128348000,0.0518000000,1.31000000,2.27000000,1000.00,2016,"Transit",0.000000
"Kepler-1622 b","Kepler-1622",297.3288329,47.8154590,10.81187370000,0.1013600000,1.47000000,2.76000000,922.00,2016,"Transit",0.000000
"Kepler-631 b","Kepler-631",296.8857240,40.2281717,17.97979059000,0.1401700000,2.90000000,8.75000000,828.00,2016,"Transit",0.000000
"Kepler-1477 b","Kepler-1477",281.2985305,42.6856727,11.55530021000,0.0911000000,1.18000000,1.76000000,674.00,2016,"Transit",0.000000
"Kepler-1478 b","Kepler-1478",293.1650085,41.7461840,26.08405940000,0.1681000000,1.73000000,3.64000000,598.00,2016,"Transit",0.000000
"Kepler-1558 b","Kepler-1558",286.8194349,46.9117837,3.50470358000,0.0427800000,0.68000000,0.24400000,1019.00,2016,"Transit",0.000000
"Kepler-1557 b","Kepler-1557",293.8813592,46.8388172,3.74032496000,0.0490000000,1.53000000,2.96000000,1287.00,2016,"Transit",0.000000
"Kepler-544 b","Kepler-544",294.0290734,39.0517893,21.41616926000,0.1548200000,2.12000000,5.14000000,748.00,2016,"Transit",0.000000
"Kepler-1442 b","Kepler-1442",291.2556226,48.8469171,81.41629410000,0.4081400000,3.93000000,14.70000000,522.00,2016,"Transit",0.000000
"Kepler-1435 b","Kepler-1435",291.1732806,44.9210836,4.45343281000,0.0545600000,0.86000000,0.56600000,1331.00,2016,"Transit",0.000000
"Kepler-1559 b","Kepler-1559",292.2866565,42.0725948,0.97191542800,0.0183500000,0.72000000,0.29900000,1609.00,2016,"Transit",0.000000
"Kepler-1596 b","Kepler-1596",285.5575066,49.3300866,66.37337900000,0.3237000000,1.90000000,4.27000000,471.00,2016,"Transit",0.000000
"Kepler-403 d","Kepler-403",289.9214256,46.7445267,13.61159129000,0.1217800000,1.42000000,2.60000000,958.00,2016,"Transit",0.000000
"Kepler-1443 b","Kepler-1443",283.4357392,47.0667983,2.41811321000,0.0378300000,0.97000000,0.87100000,1602.00,2016,"Transit",0.000000
"Kepler-1438 b","Kepler-1438",289.2898190,40.6816262,2.31942009000,0.0346000000,0.94000000,0.77900000,1490.00,2016,"Transit",0.000000
"Kepler-1562 b","Kepler-1562",294.4556567,46.7435353,64.27377520000,0.3308000000,3.55000000,12.30000000,554.00,2016,"Transit",0.000000
"Kepler-1561 b","Kepler-1561",296.9235822,43.5664628,1.00520700700,0.0194000000,1.09000000,1.32000000,1682.00,2016,"Transit",0.000000
"Kepler-1598 b","Kepler-1598",288.4691070,46.7836464,4.34195123000,0.0520700000,0.95000000,0.80900000,1236.00,2016,"Transit",0.000000
"Kepler-1445 b","Kepler-1445",280.2495197,43.9150665,10.60052251000,0.0958700000,0.96000000,0.84000000,987.00,2016,"Transit",0.000000
"Kepler-511 b","Kepler-511",282.9455384,47.5749181,296.63786500000,0.8567200000,6.35000000,33.10000000,332.00,2016,"Transit",0.000000
"Kepler-1564 b","Kepler-1564",290.5861316,46.6427486,18.05403810000,0.1327000000,1.47000000,2.76000000,635.00,2016,"Transit",0.000000
"Kepler-1563 b","Kepler-1563",288.5735936,51.4727698,3.43276598000,0.0442000000,0.75000000,0.34700000,1134.00,2016,"Transit",0.000000
"Kepler-1565 b","Kepler-1565",297.9529793,40.8067876,1.53818843700,0.0241000000,1.19000000,1.81000000,1234.00,2016,"Transit",0.000000
"Kepler-1602 b","Kepler-1602",293.5808607,40.4275396,11.17931605000,0.0974400000,1.34000000,2.36000000,1159.00,2016,"Transit",0.000000
"Kepler-1448 b","Kepler-1448",287.8674123,50.5955846,12.27065865000,0.1058000000,1.61000000,3.22000000,811.00,2016,"Transit",0.000000
"Kepler-1449 b","Kepler-1449",288.2317293,50.5678345,13.22745280000,0.1176000000,1.68000000,3.46000000,867.00,2016,"Transit",0.000000
"Kepler-1566 b","Kepler-1566",283.5875459,40.5749018,0.53991523800,0.0119800000,0.79000000,0.41800000,1871.00,2016,"Transit",0.000000
"Kepler-1567 b","Kepler-1567",286.6951530,40.2918894,153.97957800000,0.5520000000,2.73000000,7.90000000,330.00,2016,"Transit",0.000000
"Kepler-597 b","Kepler-597",293.4700919,39.2528182,13.02365861000,0.1091600000,2.37000000,6.21000000,743.00,2016,"Transit",0.000000
"Kepler-1603 b","Kepler-1603",295.3298254,42.5349698,2.27163926000,0.0351000000,1.29000000,2.21000000,1522.00,2016,"Transit",0.000000
"Kepler-1450 b","Kepler-1450",294.5536825,45.0813011,54.50941660000,0.2401000000,1.71000000,3.57000000,308.00,2016,"Transit",0.000000
"Kepler-1451 b","Kepler-1451",293.4464227,40.4098813,35.62223300000,0.2101000000,3.35000000,11.20000000,523.00,2016,"Transit",0.000000
"Kepler-603 d","Kepler-603",294.2809679,42.2909295,6.21712920000,0.0711700000,1.32000000,2.30000000,1098.00,2016,"Transit",0.000000
"Kepler-605 c","Kepler-605",287.2954015,43.2798677,2.35895151500,0.0333600000,0.86000000,0.56600000,1278.00,2016,"Transit",0.000000
"Kepler-1568 b","Kepler-1568",289.1826808,47.8733301,20.92539200000,0.1515700000,1.30000000,2.24000000,729.00,2016,"Transit",0.000000
"Kepler-1606 b","Kepler-1606",286.3782987,43.0732287,196.43522400000,0.6421000000,2.07000000,4.94000000,324.00,2016,"Transit",0.000000
"Kepler-1452 b","Kepler-1452",292.4227920,38.2662824,42.91375100000,0.2576400000,2.70000000,7.75000000,810.00,2016,"Transit",0.000000
"Kepler-1571 b","Kepler-1571",300.9354067,45.5964836,3.38555488000,0.0428700000,1.52000000,2.92000000,1476.00,2016,"Transit",0.000000
"Kepler-1570 b","Kepler-1570",299.8617842,45.8274232,26.54895500000,0.1669900000,1.07000000,1.24000000,836.00,2016,"Transit",0.000000
"Kepler-1572 b","Kepler-1572",281.8973341,46.7227061,5.49548621000,0.0583800000,0.94000000,0.77900000,1293.00,2016,"Transit",0.000000
"Kepler-1607 b","Kepler-1607",296.0598685,42.6560582,13.64736760000,0.1197800000,0.92000000,0.72100000,913.00,2016,"Transit",0.000000
"Kepler-1609 b","Kepler-1609",290.1465356,39.6658026,114.34219000000,0.4679000000,2.22000000,5.56000000,429.00,2016,"Transit",0.000000
"Kepler-1457 b","Kepler-1457",283.7705481,42.0272030,51.11102430000,0.2639100000,1.99000000,4.62000000,478.00,2016,"Transit",0.000000
"Kepler-1458 b","Kepler-1458",283.2115971,41.0380135,47.98727640000,0.2486900000,2.76000000,8.05000000,493.00,2016,"Transit",0.000000
"Kepler-217 d","Kepler-217",293.0377331,46.2775223,3.88689525000,0.0534000000,1.32000000,2.30000000,1574.00,2016,"Transit",0.000000
"Kepler-625 c","Kepler-625",292.1504723,39.6375254,4.16536510000,0.0537900000,1.05000000,1.16000000,1048.00,2016,"Transit",0.000000
"Kepler-653 c","Kepler-653",282.2130447,46.7177898,0.90037647600,0.0185500000,0.78000000,0.39900000,2078.00,2016,"Transit",0.000000
"Kepler-1575 b","Kepler-1575",293.7432102,45.7615507,2.55314213000,0.0366000000,1.31000000,2.27000000,1312.00,2016,"Transit",0.000000
"Kepler-578 b","Kepler-578",288.7549882,39.5636960,1.61688369600,0.0266000000,2.00000000,4.66000000,1774.00,2016,"Transit",0.000000
"Kepler-1461 b","Kepler-1461",285.8305091,43.1983770,29.34947750000,0.1715000000,2.03000000,4.78000000,451.00,2016,"Transit",0.000000
"Kepler-1541 b","Kepler-1541",283.7870875,48.0296019,8.40691199000,0.0755500000,1.16000000,1.65000000,1048.00,2016,"Transit",0.000000
"Kepler-1576 b","Kepler-1576",289.0739641,40.3660239,6.98471973000,0.0721100000,1.04000000,1.12000000,1059.00,2016,"Transit",0.000000
"Kepler-603 b","Kepler-603",294.2809679,42.2909295,21.05358596000,0.1605200000,2.65000000,7.51000000,731.00,2016,"Transit",0.000000
"Kepler-640 b","Kepler-640",296.0322000,42.1317392,22.24813967000,0.1541800000,2.56000000,7.08000000,609.00,2016,"Transit",0.000000
"Kepler-722 b","Kepler-722",290.2632874,44.5564051,4.09357325200,0.0514000000,2.63000000,7.41000000,1182.00,2016,"Transit",0.000000
"Kepler-634 b","Kepler-634",291.1950900,40.7027352,5.16950177000,0.0576500000,1.89000000,4.23000000,1309.00,2016,"Transit",0.000000
"Kepler-701 b","Kepler-701",288.9941800,41.6333125,10.35533177000,0.0895000000,2.84000000,8.45000000,777.00,2016,"Transit",0.000000
"Kepler-709 b","Kepler-709",292.1052720,42.3803077,16.08524954000,0.1173000000,2.92000000,8.85000000,613.00,2016,"Transit",0.000000
"Kepler-1625 b","Kepler-1625",295.4293220,39.8865068,287.37894900000,0.8776200000,6.06000000,30.60000000,350.00,2016,"Transit",0.000000
"Kepler-1501 b","Kepler-1501",289.9185890,42.0014280,14.55645330000,0.1159200000,1.56000000,3.05000000,787.00,2016,"Transit",0.000000
"Kepler-1500 b","Kepler-1500",288.8834740,39.7446547,15.03301050000,0.1236000000,1.20000000,1.87000000,928.00,2016,"Transit",0.000000
"Kepler-1522 b","Kepler-1522",289.8432347,52.0702094,1.84788917100,0.0288000000,1.73000000,3.64000000,1374.00,2016,"Transit",0.000000
"Kepler-702 b","Kepler-702",293.8781041,41.6617245,10.52629406300,0.0880000000,9.17000000,61.80000000,713.00,2016,"Transit",0.000000
"Kepler-641 b","Kepler-641",291.8235292,42.5161945,9.48961571000,0.0895000000,1.85000000,4.08000000,926.00,2016,"Transit",0.000000
"Kepler-1626 b","Kepler-1626",296.5004384,40.7212069,4.13962966000,0.0537000000,2.02000000,4.74000000,1352.00,2016,"Transit",0.000000
"Kepler-609 b","Kepler-609",292.2203009,44.6999902,6.52121066600,0.0682000000,3.35000000,11.20000000,932.00,2016,"Transit",0.000000
"Kepler-724 b","Kepler-724",293.4548441,44.7927823,3.31494633800,0.0433000000,3.29000000,10.80000000,1155.00,2016,"Transit",0.000000
"Kepler-1504 b","Kepler-1504",289.7119947,50.1282265,82.30400300000,0.3704000000,2.13000000,5.18000000,485.00,2016,"Transit",0.000000
"Kepler-1505 b","Kepler-1505",292.0020614,41.7869639,30.86093660000,0.1829800000,0.93000000,0.74900000,525.00,2016,"Transit",0.000000
"Kepler-1524 b","Kepler-1524",293.8853557,39.5198348,70.96746030000,0.3392000000,3.54000000,12.30000000,438.00,2016,"Transit",0.000000
"Kepler-495 b","Kepler-495",285.9307362,39.0981201,3.41303622100,0.0427000000,5.23000000,23.80000000,1200.00,2016,"Transit",0.000000
"Kepler-710 b","Kepler-710",291.9641255,42.6961308,4.34728552700,0.0524000000,1.88000000,4.19000000,1174.00,2016,"Transit",0.000000
"Kepler-540 b","Kepler-540",290.6249953,44.8737757,172.70497840000,0.5882200000,2.71000000,7.80000000,355.00,2016,"Transit",0.000000
"Kepler-1644 b","Kepler-1644",285.4750512,48.0348356,21.09077580000,0.1420000000,1.88000000,4.19000000,606.00,2016,"Transit",0.000000
"Kepler-1507 b","Kepler-1507",288.5616269,46.5361247,16.05062130000,0.1194600000,0.84000000,0.52000000,630.00,2016,"Transit",0.000000
"Kepler-1506 b","Kepler-1506",290.1498822,41.4645625,14.03291540000,0.1168000000,1.32000000,2.30000000,783.00,2016,"Transit",0.000000
"Kepler-1086 c","Kepler-1086",295.2511870,45.8429537,161.51633450000,0.5030000000,2.94000000,8.96000000,211.00,2016,"Transit",0.000000
"Kepler-604 b","Kepler-604",292.3159795,42.6262429,25.85501786000,0.1735000000,2.59000000,7.22000000,637.00,2016,"Transit",0.000000
"Kepler-1627 b","Kepler-1627",284.0566675,41.5767277,7.20283653000,0.0643000000,3.69000000,13.20000000,794.00,2016,"Transit",0.000000
"Kepler-1510 b","Kepler-1510",298.9591432,48.2578295,84.70392100000,0.4089000000,3.36000000,11.20000000,537.00,2016,"Transit",0.000000
"Kepler-1511 b","Kepler-1511",288.4211892,43.1797730,23.23827920000,0.1753000000,1.68000000,3.46000000,903.00,2016,"Transit",0.000000
"Kepler-1526 b","Kepler-1526",285.1197266,38.8664618,3.90863200500,0.0418000000,2.43000000,6.48000000,787.00,2016,"Transit",0.000000
"Kepler-643 b","Kepler-643",290.3272423,42.8982283,16.33889626000,0.1348500000,10.16000000,321.00830000,963.00,2016,"Transit",0.370000
"Kepler-642 b","Kepler-642",293.8345542,42.6249480,4.41745855000,0.0563100000,2.90000000,8.75000000,1810.00,2016,"Transit",0.000000
"Kepler-711 b","Kepler-711",297.4600468,42.8398172,23.58914398000,0.1429000000,3.41000000,11.50000000,487.00,2016,"Transit",0.000000
"Kepler-726 b","Kepler-726",291.7172776,44.8873466,21.80451088000,0.1406000000,3.26000000,10.70000000,543.00,2016,"Transit",0.000000
"Kepler-401 d","Kepler-401",290.0827494,50.8634361,184.25640500000,0.6688600000,2.27000000,5.77000000,380.00,2016,"Transit",0.000000
"Kepler-1512 b","Kepler-1512",289.2744976,44.4704056,20.35972599000,0.1369300000,1.18000000,1.76000000,322.00,2016,"Transit",0.000000
"Kepler-1528 b","Kepler-1528",287.4029864,46.5740084,1.79111020500,0.0296000000,1.46000000,2.73000000,1549.00,2016,"Transit",0.000000
"Kepler-1529 b","Kepler-1529",289.8707469,41.0407482,5.33905686000,0.0525000000,2.10000000,5.06000000,817.00,2016,"Transit",0.000000
"Kepler-1388 d","Kepler-1388",283.3360156,47.1744499,20.95681580000,0.1260000000,2.86000000,8.55000000,363.00,2016,"Transit",0.000000
"Kepler-622 b","Kepler-622",284.4784454,40.9331723,14.28226676000,0.0978000000,2.13000000,5.18000000,446.00,2016,"Transit",0.000000
"Kepler-1530 b","Kepler-1530",288.1624396,48.1651530,2.59044340000,0.0355300000,1.64000000,3.33000000,1484.00,2016,"Transit",0.000000
"Kepler-1530 c","Kepler-1530",288.1624396,48.1651530,5.32274060000,0.0574400000,1.65000000,3.36000000,1167.00,2016,"Transit",0.000000
"Kepler-1632 b","Kepler-1632",294.4948769,43.9135575,448.30355800000,0.6762000000,2.47000000,6.66000000,369.00,2016,"Transit",0.000000
"Kepler-1631 b","Kepler-1631",294.6325781,43.8076687,4.09513932000,0.0511000000,1.35000000,2.39000000,1122.00,2016,"Transit",0.000000
"Kepler-1534 b","Kepler-1534",292.3953730,43.8691326,5.71668872000,0.0599000000,1.89000000,4.23000000,955.00,2016,"Transit",0.000000
"Kepler-1531 b","Kepler-1531",285.1466220,39.3708055,1.13854337600,0.0220400000,1.11000000,1.41000000,2537.00,2016,"Transit",0.000000
"Kepler-1093 c","Kepler-1093",284.9780251,41.4202077,89.72229200000,0.4103700000,1.96000000,4.50000000,508.00,2016,"Transit",0.000000
"Kepler-714 b","Kepler-714",282.6994685,43.2727437,8.09888798600,0.0832000000,9.67000000,67.60000000,986.00,2016,"Transit",0.000000
"Kepler-1633 b","Kepler-1633",288.5151733,44.9232545,186.40427100000,0.3875000000,1.58000000,3.12000000,925.00,2016,"Transit",0.000000
"Kepler-713 b","Kepler-713",295.6513819,43.0297781,7.41114100000,0.0748000000,2.48000000,6.71000000,905.00,2016,"Transit",0.000000
"Kepler-1480 b","Kepler-1480",291.9998055,49.3018321,22.12679948000,0.1525000000,1.67000000,3.43000000,721.00,2016,"Transit",0.000000
"Kepler-1479 b","Kepler-1479",285.7119953,49.7067574,14.53261362000,0.1134100000,1.83000000,4.01000000,746.00,2016,"Transit",0.000000
"Kepler-1481 b","Kepler-1481",289.4390075,49.7312226,5.94220998000,0.0590000000,1.23000000,2.04000000,797.00,2016,"Transit",0.000000
"Kepler-990 c","Kepler-990",297.9381813,46.8813194,0.53835430800,0.0123200000,1.53000000,2.96000000,2386.00,2016,"Transit",0.000000
"Kepler-969 c","Kepler-969",288.3724989,47.9335642,1.68293460400,0.0265000000,0.99000000,0.93700000,1270.00,2016,"Transit",0.000000
"Kepler-489 b","Kepler-489",290.8332412,38.1841851,17.27629611900,0.1210900000,7.72000000,46.10000000,538.00,2016,"Transit",0.000000
"Kepler-1532 b","Kepler-1532",296.9027840,41.1981424,1.09366355900,0.0206000000,1.35000000,2.39000000,1681.00,2016,"Transit",0.000000
"Kepler-605 b","Kepler-605",287.2954015,43.2798677,3.38353806600,0.0424400000,1.44000000,2.67000000,1133.00,2016,"Transit",0.000000
"Kepler-1635 b","Kepler-1635",285.3490542,45.5561768,469.63111000000,1.1266400000,3.64000000,12.90000000,200.00,2016,"Transit",0.000000
"Kepler-1483 b","Kepler-1483",295.4097409,42.1507935,9.50851560000,0.0958000000,1.52000000,2.92000000,1131.00,2016,"Transit",0.000000
"Kepler-545 b","Kepler-545",290.5663221,40.6920756,13.24934059000,0.1124800000,2.69000000,7.70000000,806.00,2016,"Transit",0.000000
"Kepler-636 b","Kepler-636",293.5920614,41.0950891,16.08066114700,0.1185000000,4.45000000,18.10000000,614.00,2016,"Transit",0.000000
"Kepler-1016 c","Kepler-1016",294.6136890,45.9846265,105.65513690000,0.4351900000,3.68000000,13.10000000,407.00,2016,"Transit",0.000000
"Kepler-1535 b","Kepler-1535",286.6136850,38.8919507,138.94420000000,0.5329000000,2.55000000,7.04000000,384.00,2016,"Transit",0.000000
"Kepler-600 b","Kepler-600",283.8330588,41.9786358,23.67517607000,0.1536000000,2.90000000,8.75000000,528.00,2016,"Transit",0.000000
"Kepler-717 b","Kepler-717",292.9655071,43.3463450,4.40840023000,0.0520000000,2.42000000,6.44000000,1139.00,2016,"Transit",0.000000
"Kepler-1485 b","Kepler-1485",298.0954404,44.7370612,19.91577250000,0.1473200000,1.47000000,2.76000000,728.00,2016,"Transit",0.000000
"Kepler-1484 b","Kepler-1484",292.6842738,38.1262604,30.45491360000,0.1939000000,2.11000000,5.10000000,624.00,2016,"Transit",0.000000
"Kepler-1486 b","Kepler-1486",290.5903907,45.4396955,54.64957590000,0.2846000000,2.32000000,5.99000000,538.00,2016,"Transit",0.000000
"Kepler-342 e","Kepler-342",292.6780488,46.7266813,1.64422461300,0.0290900000,0.88000000,0.61500000,1897.00,2016,"Transit",0.000000
"Kepler-582 b","Kepler-582",297.5037180,41.0570326,18.49235668000,0.1254000000,3.68000000,13.10000000,603.00,2016,"Transit",0.000000
"Kepler-1129 c","Kepler-1129",291.6044965,41.3093275,76.53695860000,0.3536700000,2.73000000,7.90000000,503.00,2016,"Transit",0.000000
"Kepler-1538 b","Kepler-1538",283.3456110,45.2743573,175.13881900000,0.6095000000,2.82000000,8.35000000,346.00,2016,"Transit",0.000000
"Kepler-644 b","Kepler-644",295.4757022,43.4931119,3.17391710300,0.0464100000,3.15000000,10.10000000,1655.00,2016,"Transit",0.000000
"Kepler-1487 b","Kepler-1487",295.4980737,38.6444499,7.31946363000,0.0898000000,2.13000000,5.18000000,1682.00,2016,"Transit",0.000000
"Kepler-581 b","Kepler-581",295.4326552,40.6481874,40.60698210000,0.2259000000,2.63000000,7.41000000,521.00,2016,"Transit",0.000000
"Kepler-1516 b","Kepler-1516",291.4945795,44.5234227,7.25931979000,0.0718000000,1.75000000,3.71000000,967.00,2016,"Transit",0.000000
"Kepler-1047 c","Kepler-1047",288.6462564,50.7889645,3.18897601000,0.0441300000,0.99000000,0.93700000,1309.00,2016,"Transit",0.000000
"Kepler-1409 b","Kepler-1409",290.0847389,51.2086144,0.76486492600,0.0155300000,1.04000000,1.12000000,1733.00,2016,"Transit",0.000000
"Kepler-585 b","Kepler-585",286.5284924,43.8733751,2.75235975300,0.0384100000,2.83000000,8.40000000,1178.00,2016,"Transit",0.000000
"Kepler-1488 b","Kepler-1488",286.6464265,49.9377735,39.81899320000,0.2415300000,1.86000000,4.12000000,650.00,2016,"Transit",0.000000
"Kepler-697 b","Kepler-697",283.8643937,41.3463859,3.70987064500,0.0471000000,4.13000000,16.00000000,1151.00,2016,"Transit",0.000000
"Kepler-1425 b","Kepler-1425",294.9510368,43.0124348,14.45413020000,0.1143500000,0.94000000,0.77900000,676.00,2016,"Transit",0.000000
"Kepler-1350 c","Kepler-1350",288.2506110,46.6794847,1.76678906200,0.0222000000,1.73000000,3.64000000,730.00,2016,"Transit",0.000000
"Kepler-719 b","Kepler-719",295.5360628,43.8844116,5.00731777900,0.0556000000,8.52000000,54.50000000,998.00,2016,"Transit",0.000000
"Kepler-1491 b","Kepler-1491",293.6297645,45.7406293,16.58617620000,0.1270000000,1.51000000,2.89000000,821.00,2016,"Transit",0.000000
"Kepler-1492 b","Kepler-1492",288.5970695,41.0363254,16.75255007000,0.1262000000,1.49000000,2.83000000,801.00,2016,"Transit",0.000000
"Kepler-698 b","Kepler-698",288.5099994,41.3017465,16.32976218000,0.1255000000,3.68000000,13.10000000,727.00,2016,"Transit",0.000000
"Kepler-1454 b","Kepler-1454",284.2233265,48.8317229,47.03194790000,0.2447000000,1.88000000,4.19000000,492.00,2016,"Transit",0.000000
"Kepler-460 c","KIC 5437945",288.4749028,40.6512848,220.13033570000,0.7531800000,5.52000000,26.10000000,389.00,2016,"Transit",0.000000
"Kepler-720 b","Kepler-720",298.6356478,44.1709388,4.70832654200,0.0539000000,8.41000000,53.40000000,1162.00,2016,"Transit",0.000000
"Kepler-547 b","Kepler-547",286.1185888,44.3452063,6.01038428900,0.0580000000,4.00000000,15.10000000,768.00,2016,"Transit",0.000000
"Kepler-1494 b","Kepler-1494",282.6573891,43.1625334,91.08048200000,0.3982000000,3.07000000,9.64000000,415.00,2016,"Transit",0.000000
"Kepler-1520 b","Kepler-1520",290.9662102,51.5047656,0.65355357200,0.0129000000,5.77000000,28.10000000,1437.00,2016,"Transit",0.000000
"Kepler-1065 c","Kepler-1065",294.5113190,38.7904648,2.37030743000,0.0344000000,1.60000000,3.19000000,1256.00,2016,"Transit",0.000000
"Kepler-707 b","Kepler-707",290.0075640,42.1164698,2.23749275100,0.0325000000,1.33000000,2.33000000,1160.00,2016,"Transit",0.000000
"Kepler-602 b","Kepler-602",296.0318985,42.1418634,15.28469497000,0.1224000000,2.09000000,5.02000000,852.00,2016,"Transit",0.000000
"Kepler-606 b","Kepler-606",292.4273700,44.3812406,24.31575992000,0.1700000000,3.31000000,11.00000000,683.00,2016,"Transit",0.000000
"Kepler-721 b","Kepler-721",284.4305132,44.4803776,5.39202538800,0.0583000000,2.64000000,7.46000000,850.00,2016,"Transit",0.000000
"Kepler-937 c","Kepler-937",294.1688142,46.7146161,153.34336400000,0.5545000000,2.67000000,7.61000000,377.00,2016,"Transit",0.000000
"Kepler-638 b","Kepler-638",284.9194213,41.6172093,6.07972888000,0.0669500000,1.83000000,4.01000000,1111.00,2016,"Transit",0.000000
"Kepler-1073 c","Kepler-1073",294.1527259,38.2330886,4.02582254000,0.0483000000,1.64000000,3.33000000,1169.00,2016,"Transit",0.000000
"MOA-2010-BLG-353L b","MOA-2010-BLG-353L",271.3039170,-27.2932333,,1.7200000000,11.10000000,86.00000000,,2015,"Microlensing",
"HATS-30 b","HATS-30",5.6185250,-59.9425892,3.17435160000,0.0435400000,13.17057500,224.38798000,1414.00,2016,"Transit",0.096000
"K2-84 c","K2-84",55.8093566,16.6344396,27.86000000000,0.1768000000,2.03000000,4.78000000,625.08,2016,"Transit",
"K2-88 b","K2-88",54.7514566,19.1199667,4.61220000000,0.0345000000,1.23000000,2.04000000,464.60,2016,"Transit",0.260000
"Kepler-615 b","Kepler-615",282.4506927,46.3213671,10.35584657000,0.0850000000,1.74000000,3.68000000,620.00,2016,"Transit",0.000000
"Kepler-506 b","Kepler-506",284.6351885,40.7198296,6.88340550000,0.0743700000,2.73000000,7.90000000,1080.00,2016,"Transit",0.000000
"Kepler-668 b","Kepler-668",285.4992845,49.2772713,8.35390639000,0.0768000000,2.70000000,7.75000000,790.00,2016,"Transit",0.000000
"Kepler-669 b","Kepler-669",291.9361615,49.2539473,4.12554686900,0.0529000000,4.83000000,20.80000000,1243.00,2016,"Transit",0.000000
"HATS-15 b","HATS-15",311.0920041,-19.4375266,1.74748753000,0.0271200000,12.38594500,689.69110000,1505.00,2016,"Transit",0.126000
"HATS-16 b","HATS-16",358.5588439,-30.0130385,2.68650200000,0.0374400000,14.57170000,1039.30410000,1592.00,2016,"Transit",0.000000
"K2-89 b","K2-89",57.0671234,20.4594885,1.09602600000,0.0146200000,0.61500000,0.17000000,830.07,2016,"Transit",0.150000
"K2-91 b","K2-91",63.2182348,24.2047218,1.41954900000,0.0164000000,1.10000000,1.37000000,726.81,2016,"Transit",0.090000
"Kepler-737 b","Kepler-737",291.8629793,46.4291614,28.59915399000,0.1422000000,1.96000000,4.50000000,298.00,2016,"Transit",0.000000
"Kepler-670 b","Kepler-670",297.0154644,49.2252988,2.81650485200,0.0383000000,13.18000000,,1219.00,2016,"Transit",0.000000
"Kepler-671 b","Kepler-671",294.2657519,49.3140933,4.28095858800,0.0503000000,2.69000000,7.70000000,1012.00,2016,"Transit",0.000000
"K2-5 c","K2-5",169.3034598,-1.8778254,10.93241000000,0.0818000000,2.26000000,5.73000000,456.00,2015,"Transit",
"K2-5 b","K2-5",169.3034598,-1.8778254,5.73594000000,0.0532000000,1.91000000,4.31000000,565.00,2015,"Transit",
"Kepler-223 c","Kepler-223",298.3183909,47.2794824,9.84564000000,0.0911700000,3.44000000,5.10000000,947.00,2014,"Transit",0.150000
"WASP-98 b","WASP-98",58.4290113,-34.3282716,2.96264036000,0.0376200000,12.82309600,293.03926000,1171.00,2014,"Transit",0.000000
"Kepler-223 b","Kepler-223",298.3183909,47.2794824,7.38449000000,0.0752500000,2.99000000,7.40000000,1042.00,2014,"Transit",0.078000
"Kepler-672 b","Kepler-672",291.7219993,49.4808492,38.37746230000,0.2163000000,2.50000000,6.80000000,529.00,2016,"Transit",0.000000
"Kepler-571 b","Kepler-571",286.5510448,49.4187310,4.79859938800,0.0546000000,2.64000000,7.46000000,978.00,2016,"Transit",0.000000
"K2-16 b","K2-16",175.0972238,4.5574311,7.61880000000,0.0667000000,2.02000000,4.74000000,658.00,2015,"Transit",
"K2-16 c","K2-16",175.0972238,4.5574311,19.07863000000,0.1229000000,2.54000000,6.99000000,485.00,2015,"Transit",
"K2-8 c","K2-8",169.7935178,-0.2844389,5.06416000000,0.0532000000,2.41000000,6.39000000,801.00,2016,"Transit",
"Kepler-223 d","Kepler-223",298.3183909,47.2794824,14.78869000000,0.1195600000,5.24000000,8.00000000,827.00,2014,"Transit",0.037000
"Kepler-653 b","Kepler-653",282.2130447,46.7177898,14.70748976000,0.1194500000,1.95000000,4.46000000,819.00,2016,"Transit",0.000000
"Kepler-742 b","Kepler-742",283.8659676,46.7896522,8.36086823800,0.0744000000,3.24000000,10.60000000,690.00,2016,"Transit",0.000000
"Kepler-673 b","Kepler-673",290.7857595,50.0540561,3.72873109300,0.0455000000,6.54000000,34.80000000,1023.00,2016,"Transit",0.000000
"Kepler-154 d","Kepler-154",289.7805393,49.8965624,20.54981883000,0.1435400000,3.84000000,14.10000000,657.00,2016,"Transit",0.000000
"HD 87646 b","HD 87646",151.6695435,17.8949795,13.48100000000,0.1170000000,12.40000000,3941.09200000,1012.70,2016,"Radial Velocity",0.050000
"Kepler-80 e","Kepler-80",296.1125759,39.9787451,4.64489000000,0.0491000000,1.60000000,4.13000000,629.00,2014,"Transit",0.003500
"Kepler-654 b","Kepler-654",297.0683931,46.8342497,13.72465129000,0.1166400000,2.07000000,4.94000000,831.00,2016,"Transit",0.000000
"Kepler-148 d","Kepler-148",289.7861626,46.8588176,51.84688575000,0.2607000000,8.68000000,56.30000000,413.00,2016,"Transit",0.000000
"Kepler-676 b","Kepler-676",296.2220259,50.2873626,11.59822172000,0.0798000000,3.04000000,9.48000000,396.00,2016,"Transit",0.000000
"OGLE-2012-BLG-0026L b","OGLE-2012-BLG-0026L",263.5779170,-27.1427500,,4.0000000000,7.72000000,46.10000000,,2012,"Microlensing",
"WASP-85 A b","WASP-85 A",175.9080328,6.5637842,2.65567770000,0.0390000000,13.89916000,402.05495000,1452.00,2016,"Transit",0.000000
"Kepler-80 f","Kepler-80",296.1125759,39.9787451,0.98678730000,0.0175000000,1.21000000,4459.73000000,1054.00,2016,"Transit",0.186000
"Kepler-656 b","Kepler-656",288.3278778,47.3815380,1.26025909400,0.0223100000,3.12000000,9.91000000,1569.00,2016,"Transit",0.000000
"Kepler-655 b","Kepler-655",297.2590664,46.8431650,46.40633580000,0.2569700000,2.71000000,7.80000000,588.00,2016,"Transit",0.000000
"Kepler-678 b","Kepler-678",295.4552577,50.4945093,7.27503724000,0.0732000000,5.14000000,23.10000000,833.00,2016,"Transit",0.000000
"Kepler-572 b","Kepler-572",291.2211720,50.5813487,17.20523483000,0.1192000000,2.58000000,7.18000000,553.00,2016,"Transit",0.000000
"WASP-114 b","WASP-114",327.6656953,10.4629385,1.54877430000,0.0285100000,15.00885100,562.24127000,2043.00,2016,"Transit",0.012000
"WASP-113 b","WASP-113",224.8728589,46.9600996,4.54216874538,0.0588500000,15.79348100,150.96925000,1496.00,2016,"Transit",0.000000
"HD 59686 A b","HD 59686 A",112.9518629,17.0857195,299.36000000000,1.0860000000,12.70000000,2199.38360000,783.08,2016,"Radial Velocity",0.050000
"Kepler-679 b","Kepler-679",296.0213374,50.5678019,12.39358604000,0.0983000000,3.01000000,9.32000000,677.00,2016,"Transit",0.000000
"Kepler-680 b","Kepler-680",291.6223810,50.6181793,3.68992629100,0.0469000000,2.42000000,6.44000000,1147.00,2016,"Transit",0.000000
"K2-47 b","K2-47",168.5825696,2.7805614,31.63720000000,0.1779000000,1.89000000,4.23000000,503.72,2016,"Transit",
"K2-48 b","K2-48",176.1233077,3.2723812,20.50650000000,0.1344000000,2.24000000,5.65000000,550.56,2016,"Transit",
"Kepler-617 b","Kepler-617",283.7407247,47.5161237,1.68269614800,0.0219000000,1.32000000,2.30000000,750.00,2016,"Transit",0.000000
"Kepler-588 b","Kepler-588",284.2572531,47.6889081,4.22162535700,0.0520000000,2.63000000,7.41000000,1176.00,2016,"Transit",0.000000
"Kepler-573 b","Kepler-573",289.5211955,51.2374057,22.18329658000,0.1452700000,2.79000000,8.20000000,646.00,2016,"Transit",0.000000
"Kepler-681 b","Kepler-681",289.3997364,51.2502428,26.39435646000,0.1635000000,3.08000000,9.69000000,489.00,2016,"Transit",0.000000
"K2-49 b","K2-49",177.3202331,3.4755183,2.77065000000,0.0309000000,1.93000000,4.38000000,768.28,2016,"Transit",
"K2-58 b","K2-58",333.8218395,-14.0498570,7.05254000000,0.0692000000,2.68000000,7.65000000,920.17,2016,"Transit",
"Kepler-1600 b","Kepler-1600",291.3993802,38.7877563,386.37054800000,0.9814100000,3.13000000,9.96000000,209.00,2016,"Transit",0.000000
"Kepler-727 b","Kepler-727",294.8469333,45.0344155,5.15448441700,0.0546000000,2.53000000,6.94000000,964.00,2016,"Transit",0.000000
"Kepler-589 b","Kepler-589",280.6414331,47.7520581,16.54964934000,0.1196000000,2.27000000,5.77000000,656.00,2016,"Transit",0.000000
"Kepler-660 b","Kepler-660",288.1382985,47.7245642,9.27358194000,0.0759000000,2.57000000,7.13000000,649.00,2016,"Transit",0.000000
"K2-58 c","K2-58",333.8218395,-14.0498570,2.53726000000,0.0350000000,1.62000000,3.26000000,1293.86,2016,"Transit",
"K2-58 d","K2-58",333.8218395,-14.0498570,22.88270000000,0.1517000000,1.71000000,3.57000000,621.48,2016,"Transit",
"Kepler-560 b","Kepler-560",300.2066441,45.0182402,18.47764449000,0.0899000000,1.72000000,3.61000000,298.00,2016,"Transit",0.170000
"Kepler-550 b","Kepler-550",297.7001786,47.8637046,8.60010410900,0.0747000000,4.42000000,17.90000000,760.00,2016,"Transit",0.000000
"Kepler-496 b","Kepler-496",291.6408978,41.2411044,8.30864937000,0.0747000000,2.32000000,5.99000000,747.00,2016,"Transit",0.000000
"KELT-10 b","KELT-10",284.5483823,-47.0033072,4.16627390000,0.0525000000,15.68139100,215.80657000,1377.00,2016,"Transit",
"Kepler-712 c","Kepler-712",294.9096739,42.9351987,226.89047000000,0.6647900000,4.85000000,21.00000000,236.00,2016,"Transit",0.000000
"K2-59 c","K2-59",338.9425500,-14.0277270,11.29540000000,0.0905000000,2.30000000,5.90000000,692.77,2016,"Transit",
"K2-59 b","K2-59",338.9425500,-14.0277270,20.69210000000,0.1354000000,2.41000000,6.39000000,566.37,2016,"Transit",
"Kepler-650 b","Kepler-650",289.0009451,45.1542968,3.03214558800,0.0421000000,2.96000000,9.06000000,1507.00,2016,"Transit",0.000000
"Kepler-728 b","Kepler-728",291.0923621,45.1155087,5.74347726500,0.0625000000,3.34000000,11.10000000,982.00,2016,"Transit",0.000000
"Kepler-663 b","Kepler-663",297.8082232,47.9466342,4.99678284000,0.0559000000,2.60000000,7.27000000,917.00,2016,"Transit",0.000000
"Kepler-1629 b","Kepler-1629",280.2066276,43.7743281,3.87595807000,0.0485000000,0.77000000,0.38100000,1081.00,2016,"Transit",0.000000
"K2-64 b","K2-64",332.4138478,-11.4286687,6.53044000000,0.0619000000,2.07000000,4.94000000,877.23,2016,"Transit",
"K2-63 b","K2-63",333.4267738,-12.0663429,20.25700000000,0.1627000000,3.22000000,10.50000000,1033.44,2016,"Transit",
"Kepler-729 b","Kepler-729",286.3600604,45.4142664,3.16635371400,0.0432000000,3.58000000,12.50000000,1273.00,2016,"Transit",0.000000
"Kepler-487 b","Kepler-487",295.2872318,41.2220033,15.35876840300,0.1181900000,11.42000000,,662.00,2016,"Transit",0.000000
"Kepler-618 b","Kepler-618",286.2498525,48.0609256,3.59576964500,0.0449000000,2.60000000,7.27000000,1296.00,2016,"Transit",0.000000
"WASP-129 b","WASP-129",176.2990518,-42.0639575,5.74814500000,0.0628000000,10.42437000,317.83000000,1100.00,2016,"Transit",0.096000
"WASP-133 b","WASP-133",314.5754375,-35.7966224,2.17642300000,0.0345000000,13.56289000,368.68280000,1790.00,2016,"Transit",0.170000
"K2-69 b","K2-69",335.7596816,-10.4886817,7.06599000000,0.0591000000,2.32000000,5.99000000,573.61,2016,"Transit",
"K2-68 b","K2-68",334.0195539,-10.5673649,8.05428000000,0.0708000000,1.58000000,3.12000000,706.64,2016,"Transit",
"Kepler-590 b","Kepler-590",296.3855467,48.2334177,5.85296257000,0.0647000000,4.02000000,15.20000000,1056.00,2016,"Transit",0.000000
"Kepler-664 b","Kepler-664",288.7549029,48.2262030,2.52559331500,0.0374000000,2.66000000,7.56000000,1406.00,2016,"Transit",0.000000
"MOA-2013-BLG-605L b","MOA-2013-BLG-605L",272.0192570,-29.7315826,,0.9300000000,1.62000000,3.24000000,,2016,"Microlensing",
"K2-75 b","K2-75",338.8448960,-7.4698950,7.81420000000,0.0810000000,2.67000000,7.61000000,1268.65,2016,"Transit",
"K2-71 b","K2-71",341.7248656,-9.8816109,6.98541000000,0.0559000000,2.15000000,5.27000000,533.27,2016,"Transit",
"Kepler-591 b","Kepler-591",286.0240520,48.4317290,81.16942990000,0.3554000000,3.39000000,11.40000000,436.00,2016,"Transit",0.000000
"HATS-25 b","HATS-25",207.9076746,-23.7812403,4.29864320000,0.0516300000,14.12334000,194.82979000,1277.00,2016,"Transit",0.176000
"HATS-26 b","HATS-26",144.9268593,-28.5856004,3.30238810000,0.0473500000,19.61575000,206.58950000,1918.00,2016,"Transit",0.245000
"K2-80 b","K2-80",59.0374860,13.5590288,19.09180000000,0.1350000000,2.01000000,4.70000000,666.05,2016,"Transit",
"K2-75 c","K2-75",338.8448960,-7.4698950,18.31100000000,0.1429000000,2.77000000,8.10000000,955.14,2016,"Transit",
"Kepler-736 b","Kepler-736",285.3913092,46.1809293,3.60147201000,0.0428000000,2.93000000,8.91000000,996.00,2016,"Transit",0.000000
"Kepler-735 b","Kepler-735",284.6888328,46.1721391,11.51516988000,0.0965000000,2.95000000,9.01000000,657.00,2016,"Transit",0.000000
"Kepler-569 b","Kepler-569",283.5072190,48.5526330,34.18890521000,0.1978400000,3.16000000,10.10000000,526.00,2016,"Transit",0.000000
"Kepler-592 b","Kepler-592",285.7907395,48.6832431,2.82019240800,0.0397000000,2.39000000,6.30000000,1367.00,2016,"Transit",0.000000
"HATS-27 b","HATS-27",193.5524603,-46.5877159,4.63703800000,0.0611000000,16.81350000,168.44990000,1659.00,2016,"Transit",0.581000
"K2-83 c","K2-83",59.9013782,15.5587994,9.99767000000,0.0713100000,1.48300000,2.80000000,459.75,2016,"Transit",0.060000
"K2-84 b","K2-84",55.8093566,16.6344396,6.42150000000,0.0665000000,2.41000000,6.39000000,1019.22,2016,"Transit",
"Kepler-562 b","Kepler-562",290.1196007,46.2737393,18.00931443600,0.1333000000,5.21000000,23.70000000,658.00,2016,"Transit",0.000000
"Kepler-651 b","Kepler-651",287.3327284,46.2034366,21.38521506000,0.1407800000,2.37000000,6.21000000,574.00,2016,"Transit",0.000000
"Kepler-593 b","Kepler-593",294.9513923,48.6511709,21.21708973000,0.1508000000,2.87000000,8.60000000,706.00,2016,"Transit",0.000000
"Kepler-570 b","Kepler-570",290.4376111,48.7918597,4.30166200300,0.0497000000,2.45000000,6.57000000,1009.00,2016,"Transit",0.000000
"MOA-2016-BLG-227L b","MOA-2016-BLG-227L",271.4737550,-27.7142868,,1.3900000000,13.20000000,890.00000000,,2017,"Microlensing",
"Kepler-1650 b","Kepler-1650",297.7292296,42.8666919,1.53818001000,0.0167000000,0.96000000,0.84000000,602.00,2017,"Transit",0.010000
"K2-178 b","K2-178",52.8888524,22.4348186,8.74781800000,,3.55790985,12.40000000,840.29,2018,"Transit",
"K2-72 c","K2-72",334.6227504,-9.6120084,15.18903400000,0.0780000000,1.16000000,1.65000000,333.81,2016,"Transit",0.110000
"WASP-53 b","WASP-53",31.9091639,-20.6618430,3.30984430000,0.0410100000,12.03846600,677.61356000,1053.00,2017,"Transit",0.030000
"K2-60 b","K2-60",338.6062312,-13.7318044,3.00265000000,0.0450000000,7.65574700,135.39558000,1400.00,2016,"Transit",0.000000
"Kepler-1651 b","Kepler-1651",283.6282602,48.3908081,9.87863917000,0.0692000000,1.84000000,4.04000000,393.00,2017,"Transit",0.130000
"BD+03 2562 b","BD+03 2562",177.5647268,2.7601075,481.90000000000,1.3000000000,12.70000000,2034.11200000,985.04,2017,"Radial Velocity",0.200000
"K2-72 e","K2-72",334.6227504,-9.6120084,24.15886800000,0.1060000000,1.29000000,2.21000000,286.34,2016,"Transit",0.110000
"K2-72 d","K2-72",334.6227504,-9.6120084,7.76017800000,0.0500000000,1.01000000,1.01000000,416.92,2016,"Transit",0.110000
"K2-81 b","K2-81",57.4854562,14.5020556,6.10232500000,0.0590000000,1.97000000,4.54000000,739.23,2016,"Transit",0.060000
"WASP-81 b","WASP-81",304.2079924,3.2939492,2.71647620000,0.0390800000,16.01766100,231.69807000,1623.00,2017,"Transit",0.066000
"HD 177565 b","HD 177565",286.7175787,-37.8122394,44.50500000000,0.2460000000,4.00000000,15.10000000,539.21,2017,"Radial Velocity",0.059300
"MOA-2012-BLG-505L b","MOA-2012-BLG-505L",268.1430970,-32.0400925,,0.9000000000,2.48000000,6.70000000,,2017,"Microlensing",
"K2-201 c","K2-201",293.5607117,-23.1312775,22.77987800000,,3.28568401,10.80000000,,2018,"Transit",
"K2-201 b","K2-201",293.5607117,-23.1312775,1.05979000000,,1.40006712,2.54000000,,2018,"Transit",
"GJ 1148 b","GJ 1148",175.4326081,42.7515862,41.38000000000,0.1660000000,11.90000000,96.70000000,232.94,2010,"Radial Velocity",0.380000
"HD 17674 b","HD 17674",42.7684964,30.2865981,623.80000000000,1.4200000000,13.90000000,276.51210000,259.52,2017,"Radial Velocity",0.130000
"HATS-22 b","HATS-22",174.0098693,-29.5433642,4.72281240000,0.0502500000,10.68217700,870.85420000,858.00,2017,"Transit",0.079000
"TYC 4282-00605-1 b","TYC 4282-00605-1",343.8721029,62.2391907,101.54000000000,0.4220000000,12.40000000,3426.20740000,1285.10,2017,"Radial Velocity",0.280000
"K2-206 b","K2-206",11.2564264,0.5931866,18.29454900000,,2.79522879,8.22000000,,2018,"Transit",
"K2-207 b","K2-207",11.6996481,0.6406182,12.48749000000,,2.60585269,7.30000000,,2018,"Transit",
"K2-132 b","K2-132",182.1662666,-8.7472172,9.17510000000,0.0916000000,14.57170000,155.73670000,1586.00,2017,"Transit",0.290000
"WASP-153 b","WASP-153",279.2624729,40.0186905,3.33260900000,0.0480000000,17.37395000,123.95370000,1700.00,2017,"Transit",0.009000
"HATS-23 b","HATS-23",286.3667500,-50.0673496,2.16051560000,0.0339700000,20.84874000,467.21010000,1654.00,2017,"Transit",0.114000
"HD 219134 b","HD 219134",348.3372026,57.1696255,3.09292600000,0.0387600000,1.60200000,4.74000000,1015.00,2015,"Radial Velocity",0.000000
"HD 40956 b","HD 40956",91.6628015,63.4538750,578.60000000000,1.4000000000,13.20000000,858.14100000,580.56,2017,"Radial Velocity",0.240000
"Ross 128 b","Ross 128",176.9376036,0.7992898,9.86580000000,0.0496000000,1.11000000,1.40000000,301.00,2017,"Radial Velocity",0.116000
"K2-219 b","K2-219",12.8452963,8.8675474,3.90128700000,,1.34762583,2.38000000,,2018,"Transit",
"OGLE-2013-BLG-1721L b","OGLE-2013-BLG-1721L",268.1265560,-30.2926941,,2.6000000000,14.10000000,200.00000000,,2017,"Microlensing",
"HD 34445 c","HD 34445",79.4207483,7.3527156,214.67000000000,0.7181000000,8.42000000,53.50000000,390.12,2017,"Radial Velocity",0.036000
"HD 219134 d","HD 219134",348.3372026,57.1696255,46.85900000000,0.2370000000,1.61000000,16.17000000,410.50,2015,"Radial Velocity",0.138000
"HD 219134 f","HD 219134",348.3372026,57.1696255,22.71700000000,0.1463000000,1.31000000,7.30000000,522.60,2015,"Radial Velocity",0.148000
"OGLE-2016-BLG-1190L b","OGLE-2016-BLG-1190L",269.7179260,-27.6135559,1220.00000000000,2.1700000000,12.30000000,4253.00000000,,2017,"Microlensing",0.420000
"HD 113996 b","HD 113996",196.7948740,27.6244384,610.20000000000,1.6000000000,12.70000000,2002.32900000,798.69,2017,"Radial Velocity",0.280000
"K2-213 b","K2-213",13.1403998,3.5077702,8.13087000000,,1.51398464,2.90000000,,2018,"Transit",
"K2-215 b","K2-215",18.4700795,6.1238647,8.26964800000,,2.12381238,5.16000000,,2018,"Transit",
"HD 34445 d","HD 34445",79.4207483,7.3527156,117.87000000000,0.4817000000,6.07000000,30.70000000,476.32,2017,"Radial Velocity",0.027000
"HD 34445 g","HD 34445",79.4207483,7.3527156,5700.00000000000,6.3600000000,13.60000000,120.60000000,131.09,2017,"Radial Velocity",0.032000
"Kepler-20 g","Kepler-20",287.6979913,42.3385782,34.94000000000,0.2055000000,4.71000000,19.96000000,524.00,2016,"Radial Velocity",0.150000
"NGC 2682 Sand 978 b","NGC 2682 Sand 978",132.8228085,11.7562959,511.21000000000,,13.30000000,692.86940000,,2017,"Radial Velocity",0.160000
"Kepler-80 g","Kepler-80",296.1125759,39.9787451,14.64558000000,,1.13000000,0.06500000,418.00,2017,"Transit",0.130300
"K2-217 b","K2-217",11.2983678,6.4815879,14.07452400000,,3.57854073,12.50000000,,2018,"Transit",
"K2-218 b","K2-218",12.8096130,6.8464327,8.67988500000,,2.56948149,7.13000000,,2018,"Transit",
"GJ 3293 c","GJ 3293",67.1484425,-25.1713396,122.61960000000,0.3617500000,4.87000000,21.09000000,176.62,2015,"Radial Velocity",0.110000
"GJ 3293 b","GJ 3293",67.1484425,-25.1713396,30.59870000000,0.1433900000,5.19000000,23.54000000,280.54,2015,"Radial Velocity",0.060000
"Wolf 1061 b","Wolf 1061",247.5748276,-12.6676866,4.88690000000,0.0375000000,1.21000000,1.91000000,461.10,2015,"Radial Velocity",0.150000
"K2-80 d","K2-80",59.0374860,13.5590288,28.86725300000,,2.55211506,7.04000000,,2018,"Transit",
"Kepler-1652 b","Kepler-1652",294.3660313,49.9150219,38.09722000000,0.1654000000,1.60000000,3.19000000,268.00,2017,"Transit",0.000000
"Wolf 1061 c","Wolf 1061",247.5748276,-12.6676866,17.87190000000,0.0890000000,1.66000000,3.41000000,299.30,2015,"Radial Velocity",0.110000
"PSR J2322-2650 b","PSR J2322-2650",350.6443481,-26.8495331,0.32296399700,0.0102000000,13.90000000,252.64306700,,2017,"Pulsar Timing",0.001700
"HATS-50 b","HATS-50",300.4280761,-26.0775640,3.82970150000,0.0504600000,12.66617000,123.95370000,1275.39,2017,"Transit",0.516000
"tau Cet f","tau Cet",26.0093029,-15.9337987,636.13000000000,1.3340000000,1.81000000,3.93000000,201.97,2017,"Radial Velocity",0.160000
"WASP-91 b","WASP-91",357.8464340,-70.1528621,2.79858100000,0.0370000000,11.54527000,425.89220000,1160.00,2017,"Transit",0.000000
"HD 9174 b","HD 9174",22.5043352,-19.6052945,1179.00000000000,2.2000000000,13.70000000,352.79130000,234.30,2016,"Radial Velocity",0.120000
"HD 68402 b","HD 68402",121.3474609,-74.4100732,1103.00000000000,2.1800000000,12.60000000,2510.84441530,196.26,2016,"Radial Velocity",0.030000
"GJ 3138 b","GJ 3138",32.2977385,-16.3392495,1.22003000000,0.0197000000,1.18000000,1.78000000,902.98,2017,"Radial Velocity",0.190000
"MOA-2012-BLG-006L b","MOA-2012-BLG-006L",270.4429630,-29.1087780,,10.2000000000,12.60000000,2700.00000000,,2017,"Microlensing",
"WASP-105 b","WASP-105",24.1678686,-50.6593080,7.87288000000,0.0750000000,10.76064000,572.09400000,900.00,2017,"Transit",0.000000
"HD 147873 c","HD 147873",246.4380471,-33.5672217,491.54000000000,1.3600000000,13.30000000,731.00900000,373.68,2016,"Radial Velocity",0.230000
"HD 128356 b","HD 128356",219.2702793,-25.8031728,298.20000000000,0.8700000000,13.90000000,282.86870000,232.36,2016,"Radial Velocity",0.570000
"GJ 3138 d","GJ 3138",32.2977385,-16.3392495,257.80000000000,0.6980000000,3.23000000,10.50000000,151.70,2017,"Radial Velocity",0.320000
"TYC 3318-01333-1 b","TYC 3318-01333-1",45.5825716,49.7441421,562.00000000000,1.4140000000,13.10000000,1086.97860000,470.43,2018,"Radial Velocity",0.098000
"GJ 625 b","GJ 625",246.3557854,54.3033625,14.62800000000,0.0783610000,1.49000000,2.82000000,335.59,2017,"Radial Velocity",0.130000
"GJ 3323 c","GJ 3323",75.4868824,-6.9485133,40.54000000000,0.1264000000,1.32000000,2.31000000,147.80,2017,"Radial Velocity",0.170000
"BD+48 740 b","BD+48 740",40.7425426,48.9300579,733.00000000000,1.7000000000,13.50000000,540.31100000,538.94,2018,"Radial Velocity",0.760000
"K2-21 b","K2-21",340.3037846,-14.4893256,9.32503800000,0.0760000000,1.84000000,4.04000000,500.00,2015,"Transit",0.100000
"K2-4 b","K2-4",174.7455392,-3.9055746,10.00341700000,0.0780000000,2.10000000,5.06000000,563.00,2015,"Transit",0.080000
"K2-21 c","K2-21",340.3037846,-14.4893256,15.50192000000,0.1070000000,2.49000000,6.76000000,420.00,2015,"Transit",0.210000
"WASP-141 b","WASP-141",71.8244347,-17.1151736,3.31065100000,0.0469000000,13.56289000,854.96270000,1540.00,2016,"Transit",0.000000
"K2-31 b","K2-31",245.4405531,-23.5482730,1.25785000000,0.0220000000,11.88154000,563.83042000,1688.00,2016,"Transit",0.000000
"GJ 3293 e","GJ 3293",67.1484425,-25.1713396,13.25430000000,0.0820800000,1.63000000,3.28000000,370.79,2017,"Radial Velocity",0.210000
"GJ 3293 d","GJ 3293",67.1484425,-25.1713396,48.13450000000,0.1939400000,2.67000000,7.60000000,241.22,2017,"Radial Velocity",0.120000
"K2-149 b","K2-149",9.8217519,7.2769939,11.33200000000,0.0830000000,1.64000000,3.33000000,472.41,2018,"Transit",
"KELT-21 b","KELT-21",304.8000322,32.5810446,3.61276470000,0.0522400000,17.77747400,1242.71530000,2051.00,2018,"Transit",0.000000
"K2-125 b","K2-125",204.1418754,-14.9478195,21.75026400000,0.1210000000,2.18000000,5.39000000,321.22,2017,"Transit",0.080000
"V830 Tau b","V830 Tau",68.2918259,24.5619241,4.92700000000,0.0570000000,14.00000000,222.48100000,1213.95,2016,"Radial Velocity",0.000000
"HATS-31 b","HATS-31",191.7028214,-24.4273897,3.37796000000,0.0478000000,18.38276000,279.69040000,1823.00,2016,"Transit",0.233000
"Kepler-150 f","Kepler-150",288.2341025,40.5208970,637.20930000000,1.2400000000,3.64000000,12.90000000,227.77,2017,"Transit",
"Qatar-3 b","Qatar-3",359.1519716,36.2129562,2.50792040000,0.0378300000,12.28506400,1369.84730000,1681.00,2017,"Transit",0.000000
"K2-160 b","K2-160",184.0545174,-3.5530888,3.70587100000,,3.17824034,10.20000000,,2018,"Transit",
"K2-128 b","K2-128",204.4376666,-8.5970858,5.67581900000,0.0560000000,1.42000000,2.60000000,803.10,2017,"Transit",0.230000
"KELT-18 b","KELT-18",216.5238248,59.4442735,2.87175180000,0.0455000000,17.59813000,375.03940000,2085.00,2017,"Transit",0.000000
"K2-163 b","K2-163",182.3292517,-0.5393421,6.67311700000,,2.46610713,6.65000000,,2018,"Transit",
"K2-165 b","K2-165",184.9004881,0.9683270,2.35499200000,,1.27443657,2.17000000,,2018,"Transit",
"K2-35 c","K2-35",170.1031027,1.2858679,5.60835200000,0.0550000000,1.93000000,4.38000000,766.00,2016,"Transit",0.120000
"HATS-35 b","HATS-35",296.6884420,-63.5656488,1.82099930000,0.0319900000,16.40997600,388.38826000,2037.00,2016,"Transit",0.306000
"OGLE-2016-BLG-1195L b","OGLE-2016-BLG-1195L",268.8479310,-30.2072506,,1.1600000000,1.11000000,1.43000000,,2017,"Microlensing",
"K2-175 b","K2-175",52.5035514,17.5841081,9.52598800000,,2.03803688,4.81000000,,2018,"Transit",
"K2-165 c","K2-165",184.9004881,0.9683270,4.38274500000,,1.55409035,3.03000000,,2018,"Transit",
"K2-116 b","K2-116",336.1523363,-11.5793181,4.65541100000,0.0480000000,0.69000000,0.25700000,783.03,2017,"Transit",0.060000
"K2-102 b","K2-102",130.0558953,19.7787519,9.91561500000,,1.30000000,2.24000000,,2016,"Transit",0.100000
"XO-6 b","XO-6",94.7929552,73.8275672,3.76500070000,0.0815000000,23.20263000,1398.45200000,1577.00,2016,"Transit",0.000000
"HD 6434 b","HD 6434",16.1663441,-39.4904909,21.99800000000,0.1400000000,14.20000000,155.73670000,786.83,2003,"Radial Velocity",0.170000
"HD 68988 b","HD 68988",124.5935429,61.4608518,6.27711000000,0.0700000000,13.40000000,626.12510000,1179.39,2001,"Radial Velocity",0.120000
"HD 220074 b","HD 220074",350.0599827,61.9701062,672.09998000000,1.6000000000,12.20000000,5288.69120000,1069.88,2012,"Radial Velocity",0.140000
"WASP-58 b","WASP-58",274.7012534,45.1722194,5.01718000000,0.0562000000,16.02887000,308.29510000,1270.00,2012,"Transit",0.000000
"K2-231 b","K2-231",289.0918242,-15.7712178,13.84190100000,,2.50000000,6.80000000,,2018,"Transit",
"HATS-39 b","HATS-39",112.4192251,-29.9379163,4.57763480000,0.0600700000,17.59813000,200.23290000,1645.00,2018,"Transit",0.275000
"HD 137388 b","HD 137388",233.9150820,-80.2044169,330.00000000000,0.8900000000,9.32000000,63.56600000,248.42,2011,"Radial Velocity",0.360000
"HD 13931 b","HD 13931",34.1979991,43.7722065,4218.00000000000,5.1500000000,13.20000000,889.91953960,139.38,2009,"Radial Velocity",0.020000
"HD 7199 b","HD 7199",17.6979344,-66.1886947,615.00000000000,1.3600000000,,3639.13526015,218.73,2011,"Radial Velocity",0.190000
"HD 75289 b","HD 75289",131.9181715,-41.7377748,3.50927000000,0.0500000000,14.20000000,155.73670000,1260.00,1999,"Radial Velocity",0.030000
"WASP-72 b","WASP-72",41.0400779,-30.1690785,2.21673000000,0.0371100000,14.45961000,731.00900000,2210.00,2012,"Transit",0.000000
"HATS-40 b","HATS-40",100.5712467,-29.7767800,3.26427360000,0.0499700000,17.71022000,505.34970000,2101.00,2018,"Transit",0.312000
"HATS-41 b","HATS-41",103.5173558,-27.0504156,4.19364900000,0.0583000000,14.90797000,3082.95100000,1710.00,2018,"Transit",0.380000
"HD 142022 A b","HD 142022 A",242.5481731,-84.2317494,1928.00000000000,2.9300000000,12.90000000,1433.40611557,155.74,2005,"Radial Velocity",0.530000
"HD 145377 b","HD 145377",242.9019658,-27.0781199,103.95000000000,0.4500000000,12.80000000,1913.33660000,442.98,2008,"Radial Velocity",0.310000
"HD 76700 b","HD 76700",133.4782248,-66.8004747,3.97097000000,0.0500000000,9.60000000,66.74430000,1424.61,2002,"Radial Velocity",0.090000
"HD 82886 b","HD 82886",143.9383526,34.7805902,705.00000000000,1.5800000000,13.30000000,740.54390000,435.78,2011,"Radial Velocity",0.070000
"HD 24040 b","HD 24040",57.5962104,17.4752873,3668.00000000000,4.9200000000,12.90000000,1589.14203500,143.81,2006,"Radial Velocity",0.040000
"HD 222155 b","HD 222155",354.5025617,48.9960191,3999.00000000000,5.1400000000,13.40000000,581.62598481,164.93,2011,"Radial Velocity",0.160000
"HD 158996 b","HD 158996",259.9051092,80.1364033,820.20000000000,2.1000000000,12.30000000,4449.62000000,960.27,2018,"Radial Velocity",0.130000
"KPS-1 b","KPS-1",165.1671980,64.9638452,1.70629100000,0.0269000000,11.54527000,346.43470000,1459.00,2018,"Transit",0.000000
"HD 154672 b","HD 154672",257.5206970,-56.4498041,163.94000000000,0.6000000000,12.80000000,1706.74710000,410.76,2008,"Radial Velocity",0.610000
"KELT-6 b","KELT-6",195.9818362,30.6401450,7.84570000000,0.0793900000,14.57170000,165.27160000,1313.00,2014,"Transit",0.220000
"HAT-P-49 b","HAT-P-49",305.4413294,26.6926759,2.69155000000,0.0437800000,17.82231000,699.22600000,2131.00,2014,"Transit",0.000000
"K2-155 c","K2-155",65.4696140,21.3532633,13.85000000000,0.0946000000,2.60000000,7.27000000,583.00,2018,"Transit",
"HD 158038 b","HD 158038",261.4395312,27.3030721,521.00000000000,1.5000000000,13.50000000,486.27990000,405.91,2011,"Radial Velocity",0.290000
"HR 810 b","HR 810",40.6417178,-50.7993484,302.79999000000,0.9200000000,12.70000000,1970.53612340,329.57,1999,"Radial Velocity",0.140000
"BD-13 2130 b","BD-13 2130",114.2884692,-13.9066703,714.29999000000,1.6600000000,12.50000000,3108.37740000,744.77,2007,"Radial Velocity",0.210000
"HD 285507 b","HD 285507",61.7556630,15.3349441,6.08810000000,0.0600000000,13.80000000,311.47340000,736.35,2013,"Radial Velocity",0.090000
"WASP-117 b","WASP-117",36.7758112,-50.2844247,10.02165000000,0.0945900000,11.88154000,95.34900000,1001.00,2014,"Transit",0.300000
"K2-155 d","K2-155",65.4696140,21.3532633,40.71800000000,0.1937000000,1.90000000,4.27000000,381.00,2018,"Transit",
"HD 16175 b","HD 16175",39.2577379,42.0624526,990.00000000000,2.1200000000,12.80000000,1875.18760130,259.78,2009,"Radial Velocity",0.600000
"HD 16141 b","HD 16141",38.8323674,-3.5624887,75.52300000000,0.3600000000,10.90000000,82.63580000,562.87,2000,"Radial Velocity",0.250000
"WASP-11 b","WASP-11",47.3689472,30.6733817,3.72247000000,0.0435000000,12.44199000,251.08570000,992.00,2008,"Transit",0.000000
"WASP-13 b","WASP-13",140.1029654,33.8823291,4.35301000000,0.0536200000,13.67498000,114.41880000,1531.00,2009,"Transit",0.000000
"WASP-95 b","WASP-95",337.4578243,-48.0030988,2.18467000000,0.0341600000,13.78707000,457.67520000,1570.00,2014,"Transit",0.000000
"WASP-97 b","WASP-97",24.6051389,-55.7720006,2.07276000000,0.0330300000,12.77826000,432.24880000,1555.00,2014,"Transit",0.000000
"11 UMi b","11 UMi",229.2745954,71.8239428,516.21997000000,1.5300000000,12.30000000,4684.81420000,896.43,2009,"Radial Velocity",0.080000
"BD-08 2823 b","BD-08 2823",150.1971964,-9.5165689,5.60000000000,0.0600000000,,2948.49413174,798.86,2009,"Radial Velocity",0.150000
"HD 1690 b","HD 1690",5.3055886,-8.2811442,533.00000000000,1.3600000000,12.50000000,2793.72570000,841.73,2010,"Radial Velocity",0.640000
"WASP-14 b","WASP-14",218.2766247,21.8946875,2.24375000000,0.0370000000,15.46842000,2809.61720000,1872.00,2008,"Transit",0.090000
"WASP-101 b","WASP-101",98.3511016,-23.4860860,3.58572000000,0.0505700000,16.02887000,162.09330000,1560.00,2014,"Transit",0.000000
"BD-10 3166 b","BD-10 3166",164.6191243,-10.7704227,3.48777000000,0.0400000000,14.10000000,187.51970000,1240.38,2000,"Radial Velocity",0.020000
"GJ 86 b","GJ 86",32.6224785,-50.8209945,15.76491000000,0.1100000000,12.90000000,1404.80860000,661.12,1999,"Radial Velocity",0.040000
"WASP-22 b","WASP-22",52.8180374,-23.8197924,3.53269000000,0.0470000000,13.78707000,212.94610000,1502.00,2010,"Transit",0.020000
"HD 95127 b","HD 95127",164.8961152,43.8144094,482.00000000000,1.2800000000,12.40000000,3378.53290000,1151.28,2015,"Radial Velocity",0.110000
"WASP-82 b","WASP-82",72.6605916,1.8938365,2.70579000000,0.0447000000,18.15858000,371.86110000,2190.00,2015,"Transit",0.000000
"HD 204941 b","HD 204941",323.0966714,-20.9579570,1733.00000000000,2.5500000000,10.10000000,73.10090000,134.04,2011,"Radial Velocity",0.370000
"WASP-29 b","WASP-29",357.8791976,-39.9071215,3.92273000000,0.0457000000,8.63093000,73.10090000,970.00,2010,"Transit",0.030000
"WASP-26 b","WASP-26",4.6030424,-15.2674044,2.75660000000,0.0400000000,13.56289000,270.15550000,1650.00,2010,"Transit",0.000000
"K2-164 b","K2-164",171.9336590,-0.0628488,17.35506600000,,3.24925008,10.60000000,,2018,"Transit",
"K2-169 b","K2-169",337.0442461,-14.5993376,6.38080300000,,1.27328671,2.16000000,,2018,"Transit",
"HAT-P-22 b","HAT-P-22",155.6814593,50.1287115,3.21222000000,0.0414000000,12.89035000,785.04010000,1463.00,2010,"Transit",0.020000
"HAT-P-24 b","HAT-P-24",108.8251171,14.2626064,3.35524000000,0.0465100000,14.57170000,238.37250000,1637.00,2010,"Transit",0.070000
"HD 212301 b","HD 212301",336.8803957,-77.7183219,2.24571000000,0.0300000000,14.20000000,162.09330000,1870.75,2005,"Radial Velocity",0.000000
"WASP-38 b","WASP-38",243.9597194,10.0324103,6.87188000000,0.0752200000,13.78707000,1093.33520000,1250.00,2010,"Transit",0.030000
"K2-170 b","K2-170",335.4506923,-14.5933554,7.57654400000,,1.41817537,2.60000000,,2018,"Transit",
"K2-171 b","K2-171",332.3407712,-13.4288624,5.62846600000,,2.68657205,7.69000000,,2018,"Transit",
"HAT-P-29 b","HAT-P-29",33.1310921,51.7787754,5.72319000000,0.0667000000,13.11453000,279.69040000,1281.00,2011,"Transit",0.090000
"HD 213240 b","HD 213240",337.7506266,-49.4341037,882.70001000000,1.8900000000,12.80000000,1655.88600047,257.70,2001,"Radial Velocity",0.420000
"HD 215497 b","HD 215497",341.6527140,-56.5997984,3.93404000000,0.0500000000,,1588.82420659,1015.96,2009,"Radial Velocity",0.160000
"WASP-41 b","WASP-41",190.6188034,-30.6398176,3.05240000000,0.0402200000,12.32990000,270.15550000,1244.00,2011,"Transit",0.000000
"WASP-48 b","WASP-48",291.1623865,55.4730273,2.14363000000,0.0344400000,16.81350000,254.26400000,2035.00,2011,"Transit",0.000000
"K2-172 b","K2-172",335.3081368,-12.5569819,14.31694100000,,1.66608079,3.42000000,,2018,"Transit",
"K2-172 c","K2-172",335.3081368,-12.5569819,29.62682000000,,3.20569097,10.40000000,,2018,"Transit",
"K2-190 b","K2-190",205.3630485,-13.1608686,10.09885800000,,1.35673729,2.41000000,,2018,"Transit",
"HAT-P-5 b","HAT-P-5",274.4055335,36.6214617,2.78849000000,0.0407300000,13.56289000,311.47340000,1517.00,2007,"Transit",0.000000
"HAT-P-6 b","HAT-P-6",354.7740917,42.4659866,3.85298000000,0.0523900000,16.58932000,419.53560000,1675.00,2007,"Transit",0.000000
"HD 218566 b","HD 218566",347.2974170,-2.2611645,225.70000000000,0.6900000000,9.32000000,63.56600000,253.15,2010,"Radial Velocity",0.300000
"HD 240237 b","HD 240237",348.9259334,58.0432233,745.70001000000,1.9200000000,12.20000000,5050.31870000,1153.09,2011,"Radial Velocity",0.400000
"XO-1 b","XO-1",240.5492745,28.1696248,3.94153000000,0.0488000000,12.77826000,263.79890000,1210.00,2006,"Transit",0.000000
"XO-4 b","XO-4",110.3880285,58.2681094,4.12508000000,0.0552400000,14.01125000,451.31860000,1630.00,2010,"Transit",0.000000
"K2-191 b","K2-191",201.6391407,-12.8066737,2.85864600000,,1.57889322,3.12000000,,2018,"Transit",
"K2-200 b","K2-200",202.2512060,-4.6100532,2.84988300000,,1.36439870,2.43000000,,2018,"Transit",
"HD 101930 b","HD 101930",175.8756080,-58.0053798,70.46000000000,0.3000000000,10.60000000,79.45750000,417.04,2005,"Radial Velocity",0.110000
"HD 2638 b","HD 2638",7.4990038,-5.7649600,3.44420000000,0.0400000000,14.30000000,133.48860000,1212.27,2005,"Radial Velocity",0.000000
"HD 30562 b","HD 30562",72.1529519,-5.6751152,1157.00000000000,2.3400000000,13.60000000,467.20775829,235.27,2009,"Radial Velocity",0.760000
"KELT-2 A b","KELT-2 A",92.6640226,30.9571333,4.11379000000,0.0549700000,15.13215000,540.31100000,2080.00,2012,"Transit",0.000000
"Pr0201 b","Pr0201",130.4324005,20.2268164,4.42640000000,0.0600000000,14.20000000,171.62820000,1303.39,2012,"Radial Velocity",0.000000
"K2-173 b","K2-173",60.3752402,15.6251296,5.86869900000,,1.60826194,3.22000000,,2018,"Transit",
"HD 102195 b","HD 102195",176.4254063,2.8209912,4.11377000000,0.0500000000,14.20000000,130.31030000,1035.17,2006,"Radial Velocity",0.000000
"HD 102117 b","HD 102117",176.2097267,-58.7040134,20.81330000000,0.1500000000,8.47000000,54.03110000,780.86,2005,"Radial Velocity",0.120000
"HD 330075 b","HD 330075",237.4054997,-49.9639199,3.38773000000,0.0400000000,14.30000000,152.55840000,990.00,2004,"Radial Velocity",0.000000
"HD 34445 b","HD 34445",79.4207483,7.3527156,1049.00000000000,2.0700000000,13.90000000,260.62060000,231.47,2009,"Radial Velocity",0.270000
"HD 77338 b","HD 77338",135.3022475,-25.5282343,5.73610000000,0.0600000000,4.12000000,15.90000000,1035.54,2012,"Radial Velocity",0.090000
"HAT-P-40 b","HAT-P-40",335.5129199,45.4573423,4.45724000000,0.0608000000,17.03768000,152.55840000,1770.00,2012,"Transit",0.000000
"HD 215152 c","HD 215152",340.8380941,-6.4020685,7.28243000000,0.0673930000,,468.79690033,783.20,2018,"Radial Velocity",0.000000
"HD 215152 d","HD 215152",340.8380941,-6.4020685,10.86499000000,0.0879900000,,770.41605857,685.43,2018,"Radial Velocity",0.000000
"HD 103197 b","HD 103197",178.2201971,-50.2927911,47.84000000000,0.2500000000,5.83000000,28.60470000,474.97,2011,"Radial Velocity",0.000000
"HD 108874 b","HD 108874",187.6126029,22.8794399,394.48123000000,1.0400000000,13.60000000,451.31860000,271.33,2002,"Radial Velocity",0.130000
"HD 40979 b","HD 40979",91.1253346,44.2597855,264.14999000000,0.8500000000,12.90000000,1484.26610000,354.69,2002,"Radial Velocity",0.250000
"HD 4203 b","HD 4203",11.1722288,20.4483925,431.88000000000,1.1700000000,13.30000000,708.76090000,297.28,2001,"Radial Velocity",0.520000
"WASP-49 b","WASP-49",91.0897193,-16.9653901,2.78174000000,0.0379000000,12.44199000,117.59710000,1400.00,2012,"Transit",0.000000
"UKIRT-2017-BLG-001L b","UKIRT-2017-BLG-001L",266.6540830,-29.2113609,,4.1800000000,13.70000000,407.00000000,,2018,"Microlensing",
"HD 121504 b","HD 121504",209.3199062,-56.0404085,63.33000000000,0.3300000000,13.60000000,479.92330000,523.32,2003,"Radial Velocity",0.030000
"HD 47186 b","HD 47186",99.0367212,-27.6234285,4.08450000000,0.0500000000,5.02000000,22.24810000,1267.79,2008,"Radial Velocity",0.040000
"WASP-66 b","WASP-66",158.2250301,-34.9899074,4.08605000000,0.0546000000,15.69260000,746.90050000,1569.70,2012,"Transit",0.000000
"WASP-67 b","WASP-67",295.7438485,-19.9497314,4.61442000000,0.0517900000,12.89035000,136.66690000,1003.00,2012,"Transit",0.000000
"K2-197 b","K2-197",202.3934779,-7.3739779,8.35788100000,0.0806000000,2.56000000,7.08000000,848.00,2018,"Transit",
"HD 185269 b","HD 185269",294.2987668,28.4995140,6.83776000000,0.0770000000,13.80000000,321.00830000,1455.61,2006,"Radial Velocity",0.229000
"HD 181342 b","HD 181342",290.2674078,-23.6196996,564.10000000000,1.5920000000,13.20000000,807.28820000,410.15,2009,"Radial Velocity",0.022000
"K2-240 b","K2-240",227.8493710,-17.8754464,6.03400000000,0.0513000000,2.00000000,4.66000000,586.00,2018,"Transit",
"CoRoT-20 c","CoRoT-20",97.7204249,0.2268931,1675.00000000000,2.9000000000,12.20000000,5403.11000000,168.16,2018,"Radial Velocity",0.600000
"HD 89345 b","HD 89345",154.6710977,10.1288464,11.81430000000,0.1066000000,7.39794000,34.96130000,1089.00,2018,"Transit",0.220000
"WASP-158 b","WASP-158",4.1463468,-10.9764226,3.65633300000,0.0517000000,11.99363000,886.74570000,1590.00,2018,"Transit",0.000000
"HD 200964 b","HD 200964",316.6664183,3.8033357,606.30000000000,1.5650000000,13.50000000,508.21017000,425.95,2010,"Radial Velocity",0.087000
"K2-238 b","K2-238",347.7043164,-7.8575592,3.20466000000,0.0460000000,14.57170000,273.33380000,1587.00,2018,"Transit",0.000000
"WASP-162 b","WASP-162",168.2929079,-17.6577794,9.62468000000,0.0871000000,11.20900000,1652.71600000,910.00,2018,"Transit",0.434000
"WASP-168 b","WASP-168",96.7446427,-46.8213635,4.15365800000,0.0519000000,16.81350000,133.48860000,1340.00,2018,"Transit",0.000000
"HD 28678 b","HD 28678",67.8560643,4.5752495,380.20000000000,1.1800000000,13.50000000,490.09386000,561.84,2011,"Radial Velocity",0.149000
"HD 30856 b","HD 30856",72.5745099,-24.3689282,847.00000000000,1.8500000000,13.50000000,491.68301000,364.02,2011,"Radial Velocity",0.061000
"OGLE-2014-BLG-1722L c","OGLE-2014-BLG-1722L",268.7523800,-31.4690552,,1.7000000000,11.00000000,83.70000000,,2018,"Microlensing",
"K2-244 b","K2-244",183.4686492,-3.8318097,21.06884000000,0.1418000000,1.75000000,3.71000000,638.00,2018,"Transit",
"K2-266 b","K2-266",157.9356855,0.9372782,0.65852400000,0.0130600000,3.30000000,11.26782377,1515.00,2018,"Transit",
"K2-266 c","K2-266",157.9356855,0.9372782,7.81400000000,0.0679000000,0.70500000,0.29013072,664.50,2018,"Transit",0.042000
"WASP-173 A b","WASP-173 A",354.1686959,-34.6113042,1.38665318000,0.0248000000,13.45080000,1172.79270000,1880.00,2018,"Transit",0.000000
"OGLE-2011-BLG-0173L b","OGLE-2011-BLG-0173L",269.3157350,-28.2338619,,8.0000000000,9.01000000,60.00000000,,2018,"Microlensing",
"HD 5319 b","HD 5319",13.7558096,0.7893425,637.10000000000,1.5700000000,13.50000000,494.54348000,377.72,2007,"Radial Velocity",0.092000
"K2-159 b","K2-159",180.5408896,-3.5809053,12.42205000000,0.1013000000,2.26000000,5.73000000,684.00,2018,"Transit",
"K2-266 e","K2-266",157.9356855,0.9372782,19.48200000000,0.1249000000,2.73000000,14.30000000,490.10,2018,"Transit",0.043000
"K2-266 d","K2-266",157.9356855,0.9372782,14.69700000000,0.1035000000,2.93000000,8.90000000,538.30,2018,"Transit",0.047000
"WASP-147 b","WASP-147",359.1915117,-22.1532316,4.60273000000,0.0549000000,12.49803500,87.40325000,1404.00,2018,"Transit",0.000000
"WASP-160 B b","WASP-160 B",87.6795610,-27.6233218,3.76849520000,0.0452000000,12.21781000,88.35674000,1119.00,2018,"Transit",0.000000
"HD 95089 c","HD 95089",164.6987480,1.7290087,1785.00000000000,3.3300000000,13.10000000,1096.51350000,292.91,2016,"Radial Velocity",0.284000
"K2-166 b","K2-166",185.1880932,2.2823788,8.52695000000,0.0858000000,2.19000000,5.43000000,1140.00,2018,"Transit",
"HATS-36 b","HATS-36",291.4787013,-23.2028183,4.17518600000,0.0523000000,12.92000000,1022.14128000,1203.00,2018,"Transit",0.105000
"WASP-165 b","WASP-165",357.5806472,-17.0775947,3.46550900000,0.0482300000,14.12334000,209.13214000,1624.00,2018,"Transit",0.000000
"HD 96063 b","HD 96063",166.1853484,-2.5132966,362.50000000000,1.1100000000,13.70000000,403.64410000,500.75,2011,"Radial Velocity",0.170000
"K2-228 b","K2-228",187.2947047,-6.8342028,2.69828000000,0.0338000000,1.21000000,1.92000000,914.00,2018,"Transit",
"K2-283 b","K2-283",13.1943679,9.6929181,1.92103600000,0.0291000000,3.52000000,12.20000000,1186.00,2018,"Transit",
"K2-151 b","K2-151",19.3047733,9.5012663,3.83547600000,0.0373000000,1.49000000,2.83000000,566.00,2018,"Transit",
"K2-281 b","K2-281",16.2274724,7.2692169,8.68772100000,0.0773000000,8.18000000,50.90000000,665.00,2018,"Transit",
"K2-216 b","K2-216",11.4802354,6.3470302,2.17480000000,0.0280000000,1.75000000,8.00000000,1103.00,2018,"Transit",0.000000
"HD 5319 c","HD 5319",13.7558096,0.7893425,872.20000000000,1.9300000000,13.80000000,334.67499000,340.67,2014,"Radial Velocity",0.183000
"K2-230 b","K2-230",191.3631170,-6.5760510,2.86041000000,0.0409000000,1.96000000,4.50000000,1529.00,2018,"Transit",
"K2-188 b","K2-188",129.8137008,23.3574367,1.74216900000,0.0289000000,1.35000000,2.39000000,1692.00,2018,"Transit",
"GJ 96 b","GJ 96",35.5624031,47.8802075,73.94000000000,0.2910000000,4.67000000,19.66000000,257.81,2018,"Radial Velocity",0.440000
"KMT-2016-BLG-1820L b","KMT-2016-BLG-1820L",268.7647400,-29.5169201,,1.0800000000,12.90000000,1450.00000000,,2018,"Microlensing",
"HD 94834 b","HD 94834",164.3126363,24.1429374,1576.00000000000,2.7400000000,13.70000000,400.46580000,286.45,2018,"Radial Velocity",0.140000
"K2-153 b","K2-153",183.8088709,2.0208765,7.51574000000,0.0614000000,2.00000000,4.66000000,497.00,2018,"Transit",
"HATS-11 b","HATS-11",289.4007603,-22.3900092,3.61918800000,0.0507000000,18.03000000,263.79890000,1596.00,2016,"Transit",0.340000
"KMT-2016-BLG-2142L b","KMT-2016-BLG-2142L",268.1120000,-29.3845615,,0.8300000000,12.20000000,4923.00000000,,2018,"Microlensing",
"MOA-2015-BLG-337L b","MOA-2015-BLG-337L",271.9487000,-28.1702785,,0.2400000000,6.42000000,33.70000000,,2018,"Microlensing",
"K2-241 b","K2-241",181.2386829,-6.8052985,26.81990000000,0.1567000000,2.55000000,7.04000000,507.00,2018,"Transit",
"K2-117 c","K2-117",133.8557342,10.4692176,5.44401700000,0.0492000000,2.06000000,4.90000000,537.00,2017,"Transit",0.150000
"K2-284 b","K2-284",79.1407971,20.2549034,4.79506900000,0.0477100000,2.78000000,8.15000000,653.00,2018,"Transit",0.078000
"MOA-2016-BLG-319L b","MOA-2016-BLG-319L",268.7422180,-29.7504635,,0.9500000000,14.10000000,200.00000000,,2018,"Microlensing",
"HD 12648 b","HD 12648",34.7480718,85.7365329,133.60001000000,0.5400000000,13.40000000,622.94680000,1053.23,2015,"Radial Velocity",0.040000
"K2-243 b","K2-243",181.1211419,-4.8991358,11.54182000000,0.1087000000,2.17000000,5.35000000,1035.00,2018,"Transit",
"K2-117 b","K2-117",133.8557342,10.4692176,1.29160000000,0.0189000000,2.03000000,4.78000000,868.00,2017,"Transit",0.060000
"K2-312 c","HD 80653",140.3390845,14.3678691,871.32000000000,1.8820000000,12.80000000,1681.31227303,229.00,2023,"Radial Velocity",0.843500
"K2-245 b","K2-245",185.1815630,-1.5909138,11.89307000000,0.0959000000,4.34000000,17.40000000,923.00,2018,"Transit",
"K2-270 c","K2-270",131.2665588,13.5497322,4.40002800000,0.0497000000,2.95000000,9.01000000,848.00,2018,"Transit",
"HATS-59 b","HATS-59",170.3243250,-22.3881770,5.41608100000,0.0611200000,12.62133400,256.17098000,1128.00,2018,"Transit",0.129000
"KELT-15 b","KELT-15",117.4149764,-52.1204471,3.32944000000,0.0461300000,19.50366000,416.35730000,1642.00,2016,"Transit",0.000000
"K2-247 b","K2-247",188.8935189,-10.0692793,2.25021000000,0.0304000000,2.12000000,5.14000000,979.00,2018,"Transit",
"EPIC 211945201 b","EPIC 211945201",136.5741931,19.4020565,19.49221000000,0.1493000000,5.76000000,11.00000000,817.00,2018,"Transit",0.000000
"CoRoT-21 b","CoRoT-21",101.0526207,-0.2991544,2.72474000000,0.0417000000,14.57170000,718.29580000,2044.44,2012,"Transit",0.000000
"70 Vir b","70 Vir",202.1064898,13.7763085,116.68800000000,0.4810000000,12.60000000,2380.45000000,525.24,1996,"Radial Velocity",0.398800
"K2-39 b","K2-39",338.3682095,-9.0229405,4.60543000000,0.0570800000,6.27704000,28.60470000,1670.00,2016,"Transit",0.000000
"K2-248 b","K2-248",182.8173343,-9.4141696,7.17256000000,0.0699000000,2.57000000,7.13000000,886.00,2018,"Transit",
"K2-276 b","K2-276",125.9528309,22.6339399,18.71826900000,0.1291000000,3.77000000,13.70000000,583.00,2018,"Transit",
"HD 102956 b","HD 102956",177.8436988,57.6406584,6.49470000000,0.0807000000,13.80000000,305.11680000,1804.96,2010,"Radial Velocity",0.037000
"HD 108863 b","HD 108863",187.5826081,21.9480993,437.70000000000,1.3200000000,13.30000000,767.24162000,490.51,2011,"Radial Velocity",0.032000
"HATS-7 b","HATS-7",208.8567465,-21.2078587,3.18531500000,0.0401200000,6.31066700,38.13960000,1084.00,2015,"Transit",0.170000
"K2-252 b","K2-252",182.3663818,-8.3096141,13.81513000000,0.1041000000,1.74000000,3.68000000,639.00,2018,"Transit",
"K2-188 c","K2-188",129.8137008,23.3574367,7.81025300000,0.0785000000,2.83000000,8.40000000,1026.00,2018,"Transit",
"HD 131496 b","HD 131496",223.3461495,18.2352618,896.00000000000,2.0100000000,13.40000000,572.09400000,347.30,2011,"Radial Velocity",0.181000
"HD 1502 b","HD 1502",4.8214389,14.0546830,428.50000000000,1.2620000000,13.20000000,874.03250000,458.89,2011,"Radial Velocity",0.031000
"NGTS-3 A b","NGTS-3 A",94.4447595,-35.7063640,1.67537280000,0.0230000000,16.58932000,756.43540000,1434.44,2018,"Transit",
"K2-254 b","K2-254",185.5507926,-4.7172908,4.09639000000,0.0448000000,1.63000000,3.29000000,791.00,2018,"Transit",
"K2-192 b","K2-192",206.5823122,-11.5563527,4.16281700000,0.0490000000,1.52000000,2.92000000,939.00,2018,"Transit",
"K2-239 c","K2-239",160.5941265,4.4413751,7.77500000000,0.0576000000,1.00000000,0.97200000,427.00,2018,"Transit",
"K2-258 b","K2-258",187.6314027,-1.1609171,19.09210000000,0.1490000000,3.00000000,9.27000000,831.00,2018,"Transit",
"HD 70642 b","HD 70642",125.3661079,-39.7044432,2124.54000000000,3.3180000000,13.00000000,1239.53078730,150.52,2003,"Radial Velocity",0.175000
"HATS-69 b","HATS-69",289.2974275,-60.8917599,2.22525770000,0.0321100000,10.59250500,183.38791000,1295.70,2018,"Transit",0.519000
"HD 202696 b","HD 202696",319.2250346,27.2582799,517.80000000000,1.5660000000,,634.38868000,492.46,2019,"Radial Velocity",0.011000
"HD 202696 c","HD 202696",319.2250346,27.2582799,946.60000000000,2.3420000000,,592.43512000,402.69,2019,"Radial Velocity",0.028000
"KMT-2017-BLG-1038L b","KMT-2017-BLG-1038L",266.1709170,-25.1430306,,1.8000000000,13.40000000,640.00000000,,2019,"Microlensing",
"HD 117618 b","HD 117618",203.1066418,-47.2719049,25.80000000000,0.1800000000,8.59000000,55.30242000,745.79,2004,"Radial Velocity",0.150000
"NGTS-4 b","NGTS-4",89.5988945,-30.8117992,1.33735080000,0.0190000000,3.18000000,20.60000000,1650.00,2019,"Transit",0.000000
"K2-295 b","K2-295",19.6101417,6.8167277,4.02486700000,0.0451000000,10.05447300,106.47305000,852.00,2018,"Transit",0.000000
"HIP 79098 AB b","HIP 79098 AB",242.1821202,-23.6855244,,345.0000000000,12.10000000,6515.51500000,2450.00,2019,"Imaging",
"Kepler-730 b","Kepler-730",285.5547895,45.5788420,6.49168280800,0.0694000000,12.32990000,,1219.00,2016,"Transit",0.000000
"K2-133 c","K2-133",70.1493775,25.0098135,4.86784000000,0.0434100000,1.60300000,3.20000000,570.60,2017,"Transit",
"K2-133 d","K2-133",70.1493775,25.0098135,11.02454000000,0.0748700000,2.00300000,4.67000000,734.00,2017,"Transit",
"HAT-P-25 b","HAT-P-25",48.4354731,25.1973548,3.65281514000,0.0466000000,12.72221500,180.84527000,1182.00,2012,"Transit",0.023000
"HD 89744 b","HD 89744",155.5433193,41.2289354,256.78000000000,0.9170000000,12.60000000,2653.88050000,462.62,1999,"Radial Velocity",0.677000
"HD 65216 c","HD 65216",118.4209646,-63.6466892,5370.00000000000,5.7500000000,13.40000000,645.19490000,105.87,2013,"Radial Velocity",0.170000
"K2-133 e","K2-133",70.1493775,25.0098135,26.58410000000,0.1346000000,1.73000000,3.64000000,296.00,2019,"Transit",
"EPIC 201497682 b","EPIC 201497682",168.9366786,0.4880606,2.13174000000,,0.69200000,0.26000000,,2019,"Transit",
"OGLE-2015-BLG-1670L b","OGLE-2015-BLG-1670L",268.1587917,-28.5519167,,2.6200000000,4.42000000,17.90000000,,2019,"Microlensing",
"K2-290 c","K2-290",234.8578846,-20.1988975,48.36685000000,0.3050000000,11.27625400,246.00042000,676.00,2019,"Transit",0.000000
"HAT-P-34 b","HAT-P-34",303.1954355,18.1047776,5.45265400000,0.0677400000,13.41717300,1058.37390000,1520.00,2011,"Transit",0.432000
"EPIC 201754305 d","K2-16",175.0972238,4.5574311,2.71578000000,,1.03000000,1.08000000,,2019,"Transit",
"EPIC 201833600 c","K2-50",169.4836540,5.9882890,3.96151000000,,1.00000000,0.97200000,,2019,"Transit",
"HAT-P-36 b","HAT-P-36",188.2662048,44.9153672,1.32734683000,0.0241000000,14.31389300,587.41340600,1780.97,2011,"Transit",0.063000
"K2-52 b","K2-52",246.6114157,-24.9699462,3.53505500000,0.0540000000,18.00000000,,2004.00,2016,"Transit",
"K2-53 b","K2-53",244.1419684,-20.4005984,12.20772000000,0.0980000000,2.60000000,7.27000000,665.00,2016,"Transit",
"K2-293 b","K2-293",351.6064952,-6.0279068,13.12250000000,,2.45000000,6.57000000,750.00,2019,"Transit",
"TOI-172 b","TOI-172",316.6318791,-26.6928654,9.47725000000,0.0914000000,10.81668500,1722.63860000,1198.00,2019,"Transit",0.380600
"EPIC 206024342 b","EPIC 206024342",331.2771441,-14.1218019,4.50756000000,,1.70000000,3.53000000,,2019,"Transit",
"EPIC 206032309 b","EPIC 206032309",341.2404563,-13.9011223,2.87814000000,,1.01000000,1.01000000,,2019,"Transit",
"HAT-P-9 b","HAT-P-9",110.1685157,37.1405946,3.92281072000,0.0528700000,15.61413700,238.05467000,1540.00,2008,"Transit",0.084000
"HATS-24 b","HATS-24",268.8907069,-61.7474000,1.34849780000,0.0238000000,15.63655500,718.29580000,2166.00,2017,"Transit",0.000000
"K2-90 b","K2-90",59.1527391,22.4724517,13.73331400000,0.0960000000,2.60000000,7.27000000,502.00,2016,"Transit",0.070000
"K2-294 b","K2-294",352.0516724,-7.6037856,2.50387000000,,1.66000000,3.39000000,1425.00,2019,"Transit",
"GJ 685 b","GJ 685",263.8960378,61.6793482,24.16000000000,0.1344000000,2.95000000,9.00000000,368.84,2019,"Radial Velocity",0.000000
"EPIC 206317286 b","EPIC 206317286",337.6178427,-7.9724560,1.58252000000,,0.96000000,0.84000000,,2019,"Transit",
"K2-308 b","K2-308",78.3391194,16.4141986,3.38628000000,,9.91600000,70.60000000,1213.76,2019,"Transit",
"Kepler-9 c","Kepler-9",285.5739904,38.4008192,38.98530000000,0.2270000000,8.08000000,29.90000000,523.00,2010,"Transit",0.066910
"K2-124 b","K2-124",133.6410515,23.1329509,6.41365100000,0.0490000000,2.90000000,8.75000000,442.00,2017,"Transit",0.080000
"HD 92788 b","HD 92788",160.7021351,-2.1847173,325.80300000000,0.9700000000,13.00000000,1195.04080000,300.27,2000,"Radial Velocity",0.350000
"Kepler-25 c","Kepler-25",286.6383905,39.4879038,12.72070000000,0.1117000000,5.21700000,15.20000000,934.00,2011,"Transit",0.006100
"WASP-33 b","WASP-33",36.7127375,37.5504441,1.21987000000,0.0239000000,17.85593700,665.21819000,2781.70,2010,"Transit",0.000000
"HD 134060 c","HD 134060",227.6847587,-61.4223747,1291.56460000000,2.3928000000,5.91000000,29.29000000,200.67,2019,"Radial Velocity",0.110000
"WASP-177 b","WASP-177",334.7969885,-1.8344301,3.07172200000,0.0395700000,17.71022000,161.45764000,1142.00,2019,"Transit",
"WASP-181 b","WASP-181",26.7932253,3.1329325,4.51950640000,0.0542700000,13.27145600,95.03117000,1186.00,2019,"Transit",
"Kepler-25 b","Kepler-25",286.6383905,39.4879038,6.23829700000,0.0695000000,2.74800000,8.70000000,1185.00,2011,"Transit",0.002900
"WASP-161 b","WASP-161",126.3378248,-11.5009889,5.40604250000,0.0673000000,12.81188700,791.39670000,1557.00,2018,"Transit",
"WASP-163 b","WASP-163",256.5375549,-10.4130071,1.60968840000,0.0266000000,13.47321800,594.34210000,1638.00,2018,"Transit",
"HD 20781 b","HD 20781",50.0139757,-28.7841175,5.31350000000,0.0529000000,1.21000000,1.93000000,1006.10,2019,"Radial Velocity",0.100000
"HD 20003 b","HD 20003",46.9090081,-72.3219221,11.84820000000,0.0974000000,3.43000000,11.66000000,814.93,2019,"Radial Velocity",0.360000
"Kepler-47 c","Kepler-47",295.2978883,46.9204303,303.22700000000,0.9638000000,4.65000000,3.17000000,267.82,2012,"Transit",0.044000
"Gl 49 b","Gl 49",15.6687321,62.3454386,13.85080000000,0.0905000000,2.24000000,5.63000000,435.99,2019,"Radial Velocity",0.363000
"HD 21693 b","HD 21693",51.8040469,-58.3232726,22.67860000000,0.1455000000,2.80000000,8.23000000,656.39,2019,"Radial Velocity",0.120000
"HD 20781 c","HD 20781",50.0139757,-28.7841175,13.89050000000,0.1004000000,2.17000000,5.33000000,730.30,2019,"Radial Velocity",0.090000
"Kepler-47 d","Kepler-47",295.2978883,46.9204303,187.36600000000,0.6992000000,7.04000000,19.02000000,314.44,2019,"Transit",0.024000
"LSPM J2116+0234 b","LSPM J2116+0234",319.1147513,2.5807711,14.43990000000,0.0876000000,3.71000000,13.30000000,371.68,2019,"Radial Velocity",0.183000
"K2-285 e","K2-285",349.3843458,1.3001522,14.76289000000,0.1804100000,1.95000000,10.70000000,500.90,2018,"Transit",0.000000
"K2-285 d","K2-285",349.3843458,1.3001522,10.45582000000,0.1178000000,2.48000000,6.50000000,619.90,2018,"Transit",0.000000
"HD 31527 b","HD 31527",73.9096193,-23.2413163,16.55350000000,0.1254000000,3.22000000,10.47000000,832.20,2019,"Radial Velocity",0.100000
"HD 31527 d","HD 31527",73.9096193,-23.2413163,271.67370000000,0.8098000000,3.46000000,11.82000000,327.48,2019,"Radial Velocity",0.240000
"HD 21749 c","GJ 143",51.7501882,-63.5001660,7.78993000000,0.0695000000,0.89200000,3.70000000,701.00,2019,"Transit",
"HD 114729 b","HD 114729",198.1833997,-31.8746756,1121.79000000000,2.0670000000,13.90000000,262.20975000,237.89,2002,"Radial Velocity",0.079000
"K2-286 b","K2-286",233.3698192,-16.7737113,27.35900000000,0.1768000000,2.10000000,5.06000000,347.00,2018,"Transit",
"Qatar-9 b","Qatar-9",160.7480950,60.9641194,1.54073100000,0.0234000000,11.30988100,378.21770000,1134.00,2019,"Transit",0.000000
"HD 126525 b","HD 126525",216.8852514,-51.9329118,960.41000000000,1.8370000000,10.30000000,75.32571000,198.47,2018,"Radial Velocity",0.035000
"HD 117207 b","HD 117207",202.3368806,-35.5713041,2621.75000000000,3.7870000000,13.40000000,669.34662514,147.20,2004,"Radial Velocity",0.157000
"HD 143361 b","HD 143361",240.4588405,-44.4350575,1039.15000000000,1.9880000000,12.90000000,1382.55357045,180.26,2008,"Radial Velocity",0.197000
"K2-288 B b","K2-288 B",55.4442857,18.2684913,31.39346300000,0.1640000000,1.90000000,4.27000000,226.36,2018,"Transit",
"HATS-60 b","HATS-60",341.3640336,-14.9917747,3.56082900000,0.0470800000,12.92397700,210.40346000,1528.00,2018,"Transit",0.191000
"HD 20781 e","HD 20781",50.0139757,-28.7841175,85.50730000000,0.3374000000,3.83000000,14.03000000,398.38,2019,"Radial Velocity",0.060000
"HD 45184 c","HD 45184",96.1820205,-28.7806402,13.13540000000,0.1100000000,2.91000000,8.81000000,884.78,2019,"Radial Velocity",0.070000
"HD 152079 b","HD 152079",253.3732313,-46.3333582,2918.92000000000,4.1870000000,13.20000000,845.74563000,147.84,2009,"Radial Velocity",0.532000
"HATS-62 b","HATS-62",312.4493079,-24.3035060,3.27688370000,0.0416300000,11.82549500,56.89157000,1237.00,2018,"Transit",0.298000
"HATS-63 b","HATS-63",67.4185820,-28.1972149,3.05665270000,0.0402600000,13.52926300,305.11680000,1398.30,2018,"Transit",0.136000
"HATS-70 b","HATS-70",109.1045212,-31.2443947,1.88823780000,0.0363200000,15.51325600,4100.00700000,2730.00,2019,"Transit",0.180000
"K2-264 b","K2-264",131.3583524,19.6984010,5.84000200000,0.0502300000,2.23100000,5.61000000,496.00,2018,"Transit",0.500000
"KMT-2016-BLG-1107L b","KMT-2016-BLG-1107L",266.4177500,-26.0318000,,0.3420000000,13.10000000,1043.00000000,,2019,"Microlensing",
"HD 103949 b","HD 103949",179.5479558,-23.9241221,120.87800000000,0.4390000000,3.35000000,11.20000000,302.65,2019,"Radial Velocity",0.190000
"HIP 35173 b","HIP 35173",109.0449329,-3.6661273,41.51600000000,0.2170000000,3.61000000,12.70000000,444.34,2019,"Radial Velocity",0.160000
"HD 23127 b","HD 23127",54.8491271,-60.0772290,1211.17000000000,2.3700000000,13.50000000,485.32641000,223.40,2006,"Radial Velocity",0.406000
"HD 25171 b","HD 25171",58.9574779,-65.1863239,1802.29000000000,2.9710000000,13.90000000,290.81445000,190.04,2010,"Radial Velocity",0.042000
"HATS-65 b","HATS-65",292.9397825,-26.7402021,3.10516100000,0.0449700000,16.82470900,260.93843000,1634.00,2018,"Transit",0.062000
"HATS-66 b","HATS-66",101.3948048,-33.8816918,3.14143910000,0.0471400000,15.81589900,1694.03390000,1998.00,2018,"Transit",0.064000
"HD 1397 b","HD 1397",4.4471631,-66.3589285,11.53533000000,0.1097000000,11.50043400,131.89945000,1228.30,2018,"Transit",0.251000
"HD 64114 b","HD 64114",117.9825560,-11.0337221,45.79100000000,0.2460000000,4.41000000,17.80000000,518.51,2019,"Radial Velocity",0.120000
"HD 206255 b","HD 206255",325.5917768,-50.0935884,96.04500000000,0.4610000000,6.47000000,34.20000000,596.48,2019,"Radial Velocity",0.230000
"HD 38801 b","HD 38801",86.9963141,-8.3280256,685.25000000000,1.6230000000,12.50000000,3082.31534000,287.80,2009,"Radial Velocity",0.017000
"HATS-67 b","HATS-67",180.2087883,-46.1364201,1.60917880000,0.0303200000,18.88716500,460.85350000,2193.00,2018,"Transit",0.057000
"HATS-68 b","HATS-68",15.0060770,-58.9047242,3.58622020000,0.0507100000,13.80948800,410.00070000,1741.00,2018,"Transit",0.036000
"Gl 378 b","Gl 378",150.5865513,48.0824515,3.82200000000,0.0394350000,3.66000000,13.02000000,830.00,2019,"Radial Velocity",0.109000
"WASP-190 b","WASP-190",7.7095292,-40.5734613,5.36775300000,0.0663000000,12.89035000,317.83000000,1500.00,2019,"Transit",0.000000
"Kepler-1610 c","Kepler-1610",295.9049795,45.4054296,44.98518850000,0.2323000000,2.09000000,5.02000000,433.00,2023,"Transit",0.000000
"XO-7 b","XO-7",277.4780753,85.2333208,2.86414240000,0.0442100000,15.38995700,225.34147000,1743.00,2019,"Transit",0.038000
"HATS-55 b","HATS-55",114.2833819,-32.7554188,4.20420010000,0.0541200000,14.02245900,292.72143000,1367.00,2019,"Transit",0.092000
"Kepler-1996 c","Kepler-1996",285.2537555,46.5822183,92.72972480000,0.3608000000,2.81000000,8.30000000,276.00,2023,"Transit",0.000000
"Kepler-1988 b","Kepler-1988",298.6738034,43.7955099,11.49500229000,0.1038000000,1.53000000,2.96000000,1105.00,2023,"Transit",0.000000
"TOI-813 b","TOI-813",72.6940102,-60.9054608,83.89110000000,0.4230000000,6.71000000,36.40000000,610.00,2020,"Transit",0.000000
"GJ 433 b","GJ 433",173.8619194,-32.5436302,7.37050000000,0.0620000000,2.33000000,6.04300000,473.94,2013,"Radial Velocity",0.040000
"HATS-58 A b","HATS-58 A",186.7873036,-48.9784105,4.21808960000,0.0579800000,12.27385500,327.36490000,1721.00,2019,"Transit",0.168000
"HR 5183 b","HR 5183",206.7357992,6.3498994,27000.00000000000,18.0000000000,13.10000000,1052.01202717,171.00,2019,"Radial Velocity",0.840000
"Kepler-1991 b","Kepler-1991",285.0360506,45.0709909,13.26079792000,0.1065000000,1.47000000,2.76000000,760.00,2023,"Transit",0.000000
"Kepler-1471 c","Kepler-1471",289.6649171,50.0200612,11.60448810000,0.0981000000,1.88000000,4.19000000,841.00,2023,"Transit",0.000000
"GJ 180 b","GJ 180",73.4600970,-17.7761940,17.13300000000,0.0920000000,2.43000000,6.49000000,344.43,2014,"Radial Velocity",0.070000
"WASP-169 b","WASP-169",127.3872297,-12.9447683,5.61141180000,0.0681000000,14.61653600,178.30263000,1604.00,2019,"Transit",0.000000
"Kepler-1998 b","Kepler-1998",283.4291536,47.5923973,3.03267135000,0.0405000000,0.60000000,0.15600000,1187.00,2023,"Transit",0.000000
"Kepler-164 e","Kepler-164",287.7808115,47.6298453,94.88690200000,0.4025000000,4.24000000,16.70000000,429.00,2023,"Transit",0.000000
"Kepler-1994 b","Kepler-1994",297.1487941,46.2969247,4.61225043000,0.0530000000,0.51000000,0.08700000,1032.00,2023,"Transit",0.000000
"Kepler-1984 b","Kepler-1984",291.2850446,40.7300225,1.99281233900,0.0238000000,6.81000000,37.30000000,675.00,2023,"Transit",0.000000
"GJ 433 d","GJ 433",173.8619194,-32.5436302,36.05900000000,0.1780000000,2.14000000,5.22300000,279.71,2020,"Radial Velocity",0.070000
"GJ 3082 b","GJ 3082",18.6432425,-53.9407751,11.94900000000,0.0790000000,2.79000000,8.20000000,457.53,2020,"Radial Velocity",0.220000
"WASP-175 b","WASP-175",166.3187996,-34.1227453,3.06529070000,0.0440300000,13.54047200,314.65170000,1571.00,2019,"Transit",0.000000
"Kepler-619 d","Kepler-619",290.8490899,48.4159782,11.67894236000,0.1021000000,4.17000000,16.20000000,830.00,2023,"Transit",0.000000
"Kepler-1126 c","Kepler-1126",285.6919550,45.6893993,199.66876000000,0.6193000000,1.45000000,2.70000000,305.00,2023,"Transit",0.000000
"EPIC 249893012 b","EPIC 249893012",228.2482353,-16.7246474,3.59510000000,0.0470000000,1.95000000,8.75000000,1616.00,2020,"Transit",0.060000
"Kepler-1661 b","Kepler-1661",285.1670927,41.9669383,175.06000000000,0.6330000000,3.87000000,17.00000000,243.00,2020,"Transit",0.057000
"OGLE-2016-BLG-1067L b","OGLE-2016-BLG-1067L",273.2045000,-27.0126389,,1.7000000000,14.30000000,140.00000000,,2019,"Microlensing",
"Kepler-1987 c","Kepler-1987",295.8254663,42.9433716,3.64830183000,0.0427000000,1.33000000,2.33000000,860.00,2023,"Transit",0.000000
"Kepler-1985 b","Kepler-1985",293.5663715,42.1325825,3.42064689000,0.0426000000,2.27000000,5.77000000,1129.00,2023,"Transit",0.000000
"Kepler-1987 b","Kepler-1987",295.8254663,42.9433716,2.34586300200,0.0318000000,1.23000000,2.04000000,997.00,2023,"Transit",0.000000
"Kepler-1801 c","Kepler-1801",295.1640095,39.2014024,116.58318300000,0.4572000000,2.91000000,8.80000000,371.00,2023,"Transit",0.000000
"EPIC 249893012 c","EPIC 249893012",228.2482353,-16.7246474,15.62400000000,0.1300000000,3.67000000,14.67000000,990.00,2020,"Transit",0.070000
"EPIC 249893012 d","EPIC 249893012",228.2482353,-16.7246474,35.74700000000,0.2200000000,3.94000000,10.18000000,752.00,2020,"Transit",0.150000
"WASP-180 A b","WASP-180 A",123.3922465,-1.9827874,3.40926400000,0.0480000000,13.89916000,286.04700000,1540.00,2019,"Transit",0.000000
"WASP-2 b","WASP-2",307.7255587,6.4293305,2.15217500000,0.0314400000,12.11692900,295.89973000,1311.00,2007,"Transit",0.005400
"Kepler-949 c","Kepler-949",298.6079128,46.4536600,20.99757968000,0.1394000000,2.97000000,9.11000000,582.00,2023,"Transit",0.000000
"Kepler-311 d","Kepler-311",282.0612731,47.0854984,232.04032600000,0.7326000000,2.05000000,4.86000000,327.00,2023,"Transit",0.000000
"WASP-44 b","WASP-44",3.9032733,-11.9382645,2.42380400000,0.0345300000,12.32990000,276.51210000,1337.00,2011,"Transit",0.000000
"WASP-45 b","WASP-45",5.2377567,-35.9984650,3.12608900000,0.0396300000,10.60371400,306.38812000,1153.00,2011,"Transit",0.000000
"Kepler-1834 c","Kepler-1834",294.6646789,39.7838461,0.76669151700,0.0150000000,1.22000000,1.98000000,1541.00,2023,"Transit",0.000000
"HATS-47 b","HATS-47",287.4844021,-49.6649424,3.92280380000,0.0426900000,12.52045300,117.27927000,852.90,2020,"Transit",0.088000
"GJ 15 A c","GJ 15 A",4.6126677,44.0247296,7600.00000000000,5.4000000000,6.67000000,36.00000000,46.14,2018,"Radial Velocity",0.270000
"Kepler-763 c","Kepler-763",292.1445534,47.1573604,4.09667624000,0.0466000000,1.42000000,2.60000000,938.00,2023,"Transit",0.000000
"Kepler-347 d","Kepler-347",289.1995995,49.3056404,85.51734400000,0.3802000000,3.04000000,9.48000000,482.00,2023,"Transit",0.000000
"EPIC 248847494 b","EPIC 248847494",159.3890808,11.8427484,3650.00000000000,4.5000000000,12.44199000,4131.79000000,183.00,2018,"Transit",0.000000
"WASP-184 b","WASP-184",209.5170100,-30.3481530,5.18170000000,0.0627000000,14.90797000,181.16310000,1480.00,2019,"Transit",0.000000
"WASP-185 b","WASP-185",214.0595791,-19.5423062,9.38755000000,0.0904000000,14.01125000,311.47340000,1160.00,2019,"Transit",0.240000
"Kepler-290 d","Kepler-290",286.4100307,42.6815137,0.76401755300,0.0154000000,0.86000000,0.56600000,1589.00,2023,"Transit",0.000000
"Kepler-549 d","Kepler-549",283.0228527,47.2611431,24.61480613000,0.1575000000,4.20000000,16.40000000,586.00,2023,"Transit",0.000000
"KMT-2017-BLG-0165L b","KMT-2017-BLG-0165L",269.6496667,-28.1336694,,3.4500000000,6.45000000,34.00000000,,2018,"Microlensing",
"Kepler-865 c","Kepler-865",297.7242257,43.5272796,6.20920207000,0.0610000000,0.89000000,0.64000000,914.00,2023,"Transit",0.000000
"TOI-150.01","TOI-150",112.9654210,-73.6060358,5.85748700000,0.0703700000,14.06729500,797.75330000,1404.50,2019,"Transit",0.262000
"GJ 682 c","GJ 682",264.2610245,-44.3232519,57.32000000000,0.1760000000,2.89000000,8.70000000,190.08,2014,"Radial Velocity",0.100000
"OGLE-2015-BLG-1649L b","OGLE-2015-BLG-1649L",271.2050417,-32.6330278,,2.0700000000,13.20000000,807.00000000,,2019,"Microlensing",
"Kepler-2000 c","Kepler-2000",285.5743032,49.9621218,20.61803480000,0.1228000000,1.57000000,3.09000000,359.00,2023,"Transit",0.000000
"Kepler-448 c","KOI-12",297.4537402,41.0110188,2500.00000000000,4.2000000000,12.00000000,6992.26000000,184.72,2017,"Transit Timing Variations",0.650000
"MOA-bin-29 b","MOA-bin-29",269.3759583,-29.7365639,,0.4800000000,14.10000000,190.00000000,,2019,"Microlensing",
"TOI-4562 c","TOI-4562",112.0100593,-63.5177788,3990.00000000000,5.2190000000,12.80000000,1833.86990839,138.11,2024,"Transit Timing Variations",0.122000
"HD 50554 d","HD 50554",103.6782730,24.2451409,28.06940000000,0.1831000000,1.41000000,10.40000000,651.11,2026,"Transit",0.000000
"HD 97048 b","HD 97048",167.0133422,-77.6548530,,130.0000000000,13.30000000,794.57500000,63.44,2019,"Disk Kinematics",
"7 CMa b","7 CMa",99.1712760,-19.2561808,735.10000000000,1.7580000000,13.40000000,587.98550000,387.33,2011,"Radial Velocity",0.060000
"Kepler-1983 b","Kepler-1983",297.0420150,39.9121864,7.32851947000,0.0689000000,2.33000000,6.04000000,807.00,2023,"Transit",0.000000
"NGTS-8 b","NGTS-8",328.9759206,-14.0684399,2.49970000000,0.0350000000,12.21781000,295.58190000,1345.00,2019,"Transit",0.010000
"EPIC 205950854 c","K2-168",333.1100738,-16.3418863,8.05072200000,,1.31000000,2.27000000,960.60,2019,"Transit",
"7 CMa c","7 CMa",99.1712760,-19.2561808,996.00000000000,2.1530000000,13.90000000,276.51210000,350.00,2019,"Radial Velocity",0.080000
"Kepler-1990 c","Kepler-1990",299.7047433,44.4357068,4.06844957000,0.0504000000,0.98000000,0.90400000,1170.00,2023,"Transit",0.000000
"HD 220197 b","HD 220197",350.4946927,16.6323305,1728.00000000000,2.7290000000,9.32000000,63.56600000,164.22,2018,"Radial Velocity",0.187000
"K2-43 c","K2-43",169.1170280,-3.9754405,2.19888400000,,2.42000000,6.44000000,1093.70,2019,"Transit",
"Kepler-763 d","Kepler-763",292.1445534,47.1573604,6.50327035000,0.0634000000,1.67000000,3.43000000,804.00,2023,"Transit",0.000000
"Kepler-1162 c","Kepler-1162",283.2920273,45.4339813,59.28406400000,0.2832000000,1.81000000,3.93000000,401.00,2023,"Transit",0.000000
"HD 213885 b","HD 213885",338.9837166,-59.8648290,1.00803500000,0.0201200000,1.74500000,8.83000000,2128.00,2019,"Transit",0.000000
"Kepler-896 c","Kepler-896",282.4391402,43.7344291,29.54225660000,0.1792000000,3.15000000,10.10000000,515.00,2023,"Transit",0.000000
"Kepler-1982 b","Kepler-1982",287.4099905,39.6586267,3.82315697000,0.0511000000,0.77000000,0.38100000,1282.00,2023,"Transit",0.000000
"HD 213885 c","HD 213885",338.9837166,-59.8648290,4.78503000000,0.0567980000,4.71000000,19.95000000,1265.40,2019,"Radial Velocity",0.000000
"HAT-P-69 b","HAT-P-69",130.5056385,3.7105662,4.78694910000,0.0655500000,18.78628400,1137.83140000,1930.00,2019,"Transit",0.000000
"Kepler-2000 b","Kepler-2000",285.5743032,49.9621218,6.38315913500,0.0562000000,2.73000000,7.90000000,530.00,2023,"Transit",0.000000
"TOI-763 c","TOI-763",194.4680980,-39.7580613,12.27370000000,0.1011000000,2.63000000,9.32000000,800.00,2020,"Transit",0.040000
"TOI-905 b","TOI-905",227.6586754,-71.3616316,3.73949400000,0.0466600000,13.12573900,211.99261000,1192.00,2020,"Transit",0.024000
"TOI-564 b","TOI-564",130.2951535,-16.0363275,1.65114400000,0.0273400000,11.43318000,464.98529000,1714.00,2020,"Transit",0.072000
"Kepler-29 b","Kepler-29",298.3483820,47.4913021,10.33974000000,0.0848200000,2.55000000,5.00000000,777.00,2011,"Transit",0.000000
"Kepler-1674 b","Kepler-1674",294.8160447,45.3060844,62.56110000000,0.3017000000,3.20577490,10.40000000,417.00,2020,"Transit",0.000000
"Kepler-1675 b","Kepler-1675",283.8095478,41.0412517,63.03820000000,0.3218500000,3.12483349,9.93000000,465.00,2020,"Transit",0.000000
"HD 108236 b","HD 108236",186.5740627,-51.3630519,3.79596300000,0.0452700000,1.61500000,3.24000000,1099.00,2020,"Transit",0.045000
"HD 164922 c","HD 164922",270.6304652,26.3104077,75.74000000000,0.3410000000,3.66000000,13.00000000,400.50,2016,"Radial Velocity",0.120000
"KMT-2019-BLG-0842L b","KMT-2019-BLG-0842L",268.4584580,-29.8774389,,3.3100000000,3.19000000,10.28000000,,2020,"Microlensing",
"HD 108236 e","HD 108236",186.5740627,-51.3630519,19.59002500000,0.1367000000,3.08300000,9.71000000,636.00,2020,"Transit",0.058000
"WASP-150 b","WASP-150",264.2630197,53.0212751,5.64420700000,0.0694000000,11.99363000,2688.84180000,1460.00,2020,"Transit",0.377500
"NGTS-13 b","NGTS-13",176.2402326,-38.1397158,4.11902700000,0.0549000000,12.80067800,1538.29720000,1605.00,2021,"Transit",0.086000
"MOA-2009-BLG-319L b","MOA-2009-BLG-319L",271.7422080,-26.8196917,,2.0300000000,9.64000000,67.30000000,,2010,"Microlensing",
"Kepler-1685 b","Kepler-1685",296.1882618,43.9368118,20.49050000000,0.1485000000,2.57673985,7.16000000,625.00,2020,"Transit",0.000000
"Kepler-1686 b","Kepler-1686",291.6067189,42.0359783,9.30987000000,0.0882700000,1.42553017,2.62000000,913.00,2020,"Transit",0.000000
"KMT-2016-BLG-2397L b","KMT-2016-BLG-2397L",266.2125420,-23.2013806,,3.6400000000,13.20000000,836.00000000,,2020,"Microlensing",
"OGLE-2017-BLG-0604L b","OGLE-2017-BLG-0604L",267.8916670,-30.9465556,,4.0600000000,14.20000000,160.00000000,,2020,"Microlensing",
"OGLE-2017-BLG-1375L b","OGLE-2017-BLG-1375L",269.1548750,-30.3114167,,3.0400000000,12.40000000,3585.00000000,,2020,"Microlensing",
"NGTS-14 A b","NGTS-14 A",328.5174799,-38.3774193,3.53571730000,0.0403000000,4.97679600,29.24036000,1143.00,2021,"Transit",0.000000
"HD 13808 b","HD 13808",33.1780708,-53.7437591,14.18150000000,0.1051900000,3.35000000,11.20000000,661.56,2021,"Radial Velocity",0.071000
"OGLE-2015-BLG-1771L b","OGLE-2015-BLG-1771L",268.7990000,-28.8627500,,0.8500000000,14.30000000,138.00000000,,2020,"Microlensing",
"OGLE-2018-BLG-1700L b","OGLE-2018-BLG-1700L",269.9560420,-28.5286389,,2.8000000000,12.90000000,1400.00000000,,2020,"Microlensing",
"Kepler-1687 b","Kepler-1687",289.7428363,50.7870626,5.77954000000,0.0532000000,1.65623882,3.38000000,598.00,2020,"Transit",0.000000
"Kepler-1689 b","Kepler-1689",291.5741663,38.6559433,8.48300000000,0.0784000000,0.94678642,0.79900000,879.00,2020,"Transit",0.000000
"Kepler-462 b","Kepler-462",299.8211502,43.8142793,84.68660000000,0.4172000000,3.00000000,53.90000000,611.00,2016,"Transit",0.042000
"HD 4760 b","HD 4760",12.4161652,6.4071412,434.00000000000,1.1400000000,12.30000000,4417.83700000,1198.67,2021,"Radial Velocity",0.230000
"HD 110113 c","HD 110113",190.0365636,-44.3120777,6.74400000000,0.0680000000,2.11384817,10.50000000,990.00,2021,"Radial Velocity",0.045000
"HD 96992 b","HD 96992",167.5966158,43.9189897,514.00000000000,1.2400000000,13.70000000,362.32620000,557.72,2021,"Radial Velocity",0.410000
"KMT-2018-BLG-1292L b","KMT-2018-BLG-1292L",263.4275830,-33.5206694,,6.0300000000,12.90000000,1400.00000000,,2020,"Microlensing",
"OGLE-2012-BLG-0838L b","OGLE-2012-BLG-0838L",273.0030830,-25.7116111,,4.4300000000,8.39000000,53.10000000,,2020,"Microlensing",
"Kepler-1691 b","Kepler-1691",286.2543962,41.0218373,3.84820000000,0.0495000000,1.83470985,4.02000000,1283.00,2020,"Transit",0.000000
"Kepler-1692 b","Kepler-1692",286.9241804,47.0537092,5.95966000000,0.0646000000,1.11177184,1.42000000,897.00,2020,"Transit",0.000000
"EPIC 201170410.02","EPIC 201170410",170.1408561,-4.8070039,6.79870000000,0.0349000000,1.04700000,1.15000000,500.03,2020,"Transit",0.000000
"Kepler-160 d","Kepler-160",287.7735730,42.8692755,30.00000000000,0.1700000000,,100.00000000,676.54,2020,"Transit Timing Variations",
"Kepler-160 c","Kepler-160",287.7735730,42.8692755,13.69942900000,0.1192000000,3.76000000,13.60000000,771.00,2014,"Transit",0.000000
"Kepler-1694 b","Kepler-1694",293.7936339,40.2410230,3.89526000000,0.0449000000,1.17986031,1.76000000,956.00,2020,"Transit",0.000000
"Kepler-716 c","Kepler-716",290.3931809,43.3638577,3.96999000000,0.0454800000,1.39281536,2.52000000,992.00,2020,"Transit",0.000000
"EPIC 201757695.02","EPIC 201757695",173.9385102,4.6164303,2.04780000000,0.0296000000,0.90819000,0.68800000,1025.29,2020,"Transit",0.000000
"HD 110082 b","HD 110082",192.5892855,-88.1211107,10.18271000000,0.1130000000,3.20000000,10.30000000,957.20,2021,"Transit",0.200000
"Kepler-1664 b","Kepler-1664",286.8527157,49.2616668,14.38680000000,0.1137000000,3.03320653,9.45000000,776.00,2020,"Transit",0.000000
"Kepler-1001 c","Kepler-1001",286.2739151,48.6186972,9.18186000000,0.0829600000,1.57799279,3.11000000,804.00,2020,"Transit",0.000000
"TOI-954 b","TOI-954",61.9410587,-25.2088028,3.68497290000,0.0496300000,9.55006800,55.30242000,1526.00,2020,"Transit",0.140000
"K2-329 b","K2-329",351.1353785,-5.1641451,12.45512250000,0.1016000000,8.67576600,82.63580000,650.00,2020,"Transit",0.069700
"HATS-49 b","HATS-49",6.6135927,-56.3442798,4.14804670000,0.0451500000,8.57488500,112.19399000,834.80,2020,"Transit",0.071000
"TYC 8998-760-1 c","TYC 8998-760-1",201.3001096,-64.9391566,,320.0000000000,12.32990000,1906.98000000,1240.00,2020,"Imaging",
"Wendelstein-1 b","Wendelstein-1",299.0506412,17.5699627,2.66341600000,0.0282000000,11.56096260,188.15536000,2198.00,2020,"Transit",0.012000
"MOA-2013-BLG-220L b","MOA-2013-BLG-220L",270.9854170,-29.5447222,,3.0300000000,13.20000000,871.00000000,,2014,"Microlensing",
"KMT-2016-BLG-1836L b","KMT-2016-BLG-1836L",268.2503330,-30.0407500,,3.5000000000,13.30000000,700.00000000,,2019,"Microlensing",
"OGLE-2013-BLG-0911L b","OGLE-2013-BLG-0911L",268.8832500,-29.2538333,,0.3900000000,12.50000000,3020.00000000,,2019,"Microlensing",
"BD-11 4672 c","BD-11 4672",278.3688659,-11.6370481,74.20000000000,0.3000000000,4.04000000,15.37000000,320.21,2020,"Radial Velocity",0.400000
"BD-11 4672 b","BD-11 4672",278.3688659,-11.6370481,1634.00000000000,2.3600000000,14.10000000,206.58950000,114.17,2014,"Radial Velocity",0.050000
"HIP 65 A b","HIP 65 A",0.1856063,-54.8308228,0.98097340000,0.0178200000,22.75427000,1021.18779000,1411.00,2020,"Transit",0.000000
"TOI-481 b","TOI-481",110.5126861,-57.3849980,10.33111000000,0.0970000000,11.09691000,486.27990000,1370.00,2020,"Transit",0.153000
"TIC 237913194 b","TIC 237913194",22.4458116,-60.7399096,15.16886500000,0.1207000000,12.52045300,617.22586000,974.00,2020,"Transit",0.575000
"OGLE-2016-BLG-1227L b","OGLE-2016-BLG-1227L",265.5971250,-33.7597778,,3.4000000000,13.90000000,250.00000000,,2020,"Microlensing",
"TOI-157 b","TOI-157",73.7014398,-76.6806061,2.08454350000,0.0313800000,14.41477400,375.03940000,1588.00,2020,"Transit",0.000000
"TOI-169 b","TOI-169",16.7786879,-75.1989452,2.25544770000,0.0352400000,12.17297400,251.40353000,1715.00,2020,"Transit",0.000000
"Kepler-1700 b","Kepler-1700",286.9497376,45.3537626,234.23900000000,0.7609400000,2.90129941,8.76000000,329.00,2020,"Transit",0.000000
"Kepler-1666 b","Kepler-1666",297.9516071,46.2647024,25.84760000000,0.1761000000,2.88273782,8.66000000,672.00,2020,"Transit",0.000000
"Gl 686 b","Gl 686",264.4764878,18.5959509,15.53000000000,0.0910000000,2.46000000,6.62400000,379.00,2018,"Radial Velocity",0.050000
"HD 180617 b","HD 180617",289.2277322,5.1631615,105.91100000000,0.3430000000,3.53000000,12.21400000,201.80,2018,"Radial Velocity",0.101000
"HD 158259 e","HD 158259",261.3495847,52.7904721,7.95100000000,,2.34000000,6.08000000,,2020,"Radial Velocity",
"HD 158259 c","HD 158259",261.3495847,52.7904721,3.43200000000,,2.23000000,5.60000000,,2020,"Radial Velocity",
"HATS-37 A b","HATS-37 A",199.8018300,-22.9868431,4.33153660000,0.0491300000,6.79265400,31.46517000,1085.00,2020,"Transit",0.000000
"GJ 687 b","GJ 687",264.1041731,68.3336741,38.14200000000,0.1630000000,4.32000000,17.20000000,263.65,2014,"Radial Velocity",0.170000
"GJ 2056 b","GJ 2056",108.0194945,-24.8921008,69.97100000000,0.2830000000,4.17000000,16.20000000,310.74,2020,"Radial Velocity",0.720000
"TOI-237 b","TOI-237",353.2435381,-29.4164870,5.43609800000,0.0341000000,1.44000000,2.67000000,388.00,2020,"Transit",0.000000
"HD 216520 c","HD 216520",341.8768719,83.6975307,154.43000000000,0.5280000000,3.03000000,9.44000000,295.22,2020,"Radial Velocity",0.120000
"CoRoT-30 b","CoRoT-30",277.6011767,6.8359338,9.06005000000,0.0844000000,11.30988100,921.70700000,894.60,2020,"Transit",0.007000
"CoRoT-31 b","CoRoT-31",94.8207350,-4.4222978,4.62941000000,0.0586000000,16.36514000,266.97720000,1664.86,2020,"Transit",0.020000
"HIP 38594 b","HIP 38594",118.5439118,-25.3023073,60.72200000000,0.2560000000,2.77000000,8.10000000,308.29,2020,"Radial Velocity",0.170000
"WASP-186 b","WASP-186",18.9953122,21.6169065,5.02679900000,0.0600000000,12.44199000,1341.24260000,1378.40,2020,"Transit",0.330000
"Kepler-29 c","Kepler-29",298.3483820,47.4913021,13.28613000000,0.1002700000,2.34000000,4.50000000,715.00,2011,"Transit",0.000000
"Kepler-783 c","Kepler-783",291.0628615,47.4847890,7.05395000000,0.0690300000,2.33153725,6.04000000,840.00,2020,"Transit",0.000000
"Kepler-1667 b","Kepler-1667",283.5329505,48.0943604,83.57810000000,0.3590500000,2.98385261,9.19000000,655.00,2020,"Transit",0.000000
"HIP 4845 b","HIP 4845",15.5881733,-10.4246208,34.15000000000,0.1760000000,3.89000000,14.40000000,358.21,2020,"Radial Velocity",0.250000
"HIP 48714 b","HIP 48714",149.0332672,62.7859505,17.81800000000,0.1120000000,5.11000000,22.90000000,446.47,2020,"Radial Velocity",0.500000
"TOI-251 b","TOI-251",353.0620655,-37.2558629,4.93777000000,0.0574100000,2.74000000,317.83000000,1041.19,2021,"Transit",0.000000
"HAT-P-68 b","HAT-P-68",118.4831501,23.9382192,2.29840551000,0.0299600000,12.01604800,230.10892000,1027.80,2020,"Transit",0.041000
"Kepler-177 b","Kepler-177",286.0471442,45.0532038,36.86010000000,0.2110100000,3.50000000,5.84000000,549.00,2013,"Transit",0.000000
"Kepler-36 b","Kepler-36",291.2501859,49.2318073,13.86825000000,0.1141900000,1.49800000,3.83000000,978.00,2012,"Transit",0.000000
"KOI-1783.01","KOI-1783",289.3414629,46.9881550,134.46280000000,0.5266100000,8.86000000,71.00000000,412.00,2020,"Transit",0.000000
"Kepler-1668 b","Kepler-1668",297.3523076,46.0959309,15.43400000000,0.1240000000,4.34764405,17.40000000,721.00,2020,"Transit",0.000000
"Kepler-598 c","Kepler-598",293.1234493,40.9348005,86.49450000000,0.3667200000,3.02420941,9.40000000,367.00,2020,"Transit",0.000000
"KMT-2019-BLG-1953L b","KMT-2019-BLG-1953L",269.1162500,-28.2011111,,,14.10000000,200.00000000,,2020,"Microlensing",
"Kepler-1514 c","Kepler-1514",292.6274943,37.8601653,10.51418100000,0.0997000000,1.17582410,1.74000000,1066.00,2020,"Transit",0.320000
"KOI-1783.02","KOI-1783",289.3414629,46.9881550,284.21500000000,0.8669500000,5.44000000,15.00000000,321.00,2020,"Transit",0.000000
"HD 156668 c","HD 156668",259.4183491,29.2281610,811.30000000000,1.5700000000,6.17000000,31.49679513,166.08,2021,"Radial Velocity",0.089000
"HD 211403 b","HD 211403",333.8158177,58.2755601,223.80000000000,0.7680000000,12.80000000,1760.76937478,380.00,2021,"Radial Velocity",0.084000
"K2-344 b","K2-344",136.3614923,21.6685886,3.35585000000,,1.59000000,3.15000000,722.00,2021,"Transit",
"HD 24040 c","HD 24040",57.5962104,17.4752873,515.40000000000,1.3000000000,9.35000000,63.88350981,287.75,2021,"Radial Velocity",0.110000
"HD 3765 b","HD 3765",10.2072994,40.1842918,1211.00000000000,2.1080000000,8.56000000,54.98431441,152.85,2021,"Radial Velocity",0.298000
"HD 213472 b","HD 213472",337.7069969,40.7222277,17000.00000000000,13.0000000000,13.10000000,1112.39942450,91.76,2021,"Radial Velocity",0.530000
"K2-348 c","K2-348",130.8783479,24.4229559,12.55017100000,,2.67000000,7.61000000,655.00,2021,"Transit",
"CD Cet b","CD Cet",48.3530155,4.7751881,2.29070000000,0.0185000000,1.82000000,3.95000000,464.00,2020,"Radial Velocity",
"G 264-012 b","G 264-012",326.6719598,66.8038480,2.30538000000,0.0227900000,1.39000000,2.50000000,587.00,2021,"Radial Velocity",
"K2-352 d","K2-352",140.4451478,18.4696280,14.87138700000,,2.23000000,5.60000000,727.00,2021,"Transit",
"K2-339 b","K2-339",130.0825420,18.6929046,19.50742800000,,1.92000000,4.35000000,508.00,2021,"Transit",
"K2-282 b","K2-282",13.4321524,7.9952914,4.16978300000,0.0499000000,2.50000000,6.80000000,1057.00,2018,"Transit",
"K2-156 b","K2-156",182.6996730,-6.2943552,0.81314300000,0.0149000000,1.10000000,1.37000000,1347.00,2018,"Transit",
"TOI-257 b","TOI-257",47.5172608,-50.8322632,18.38818000000,0.1528000000,7.16253867,43.86032017,1027.00,2021,"Transit",0.000000
"HAT-P-58 b","HAT-P-58",68.8465093,56.8682691,4.01383790000,0.0499400000,14.93036229,118.23216740,1622.00,2021,"Transit",0.073000
"HAT-P-59 b","HAT-P-59",292.4588212,62.5291892,4.14197710000,0.0506400000,12.58768533,489.45574678,1277.80,2021,"Transit",0.030000
"K2-268 d","K2-268",133.7094899,11.8482712,4.52859800000,,1.49000000,2.83000000,888.00,2021,"Transit",
"TOI-269 b","TOI-269",75.8462827,-54.1777213,3.69771040000,0.0345000000,2.77000000,8.80000000,531.00,2021,"Transit",0.425000
"K2-268 f","K2-268",133.7094899,11.8482712,26.27057000000,,2.23000000,5.60000000,492.00,2021,"Transit",
"K2-187 b","K2-187",132.5235618,23.1924709,0.77401000000,0.0164000000,1.20000000,1.87000000,1815.00,2018,"Transit",
"K2-210 b","K2-210",17.6412694,1.5784137,0.57023000000,,0.86000000,0.56600000,,2018,"Transit",
"K2-32 b","K2-32",252.4260080,-19.5430504,8.99200000000,0.0795000000,5.29900000,15.00000000,837.00,2016,"Transit",0.030000
"K2-32 e","K2-32",252.4260080,-19.5430504,4.34934000000,0.0489900000,1.21200000,2.10000000,1066.00,2019,"Transit",0.043000
"HAT-P-64 b","HAT-P-64",68.9743955,2.4312732,4.00723200000,0.0538700000,19.08889413,184.34047606,1766.00,2021,"Transit",0.101000
"Kepler-129 c","Kepler-129",285.3111845,47.8484775,82.20000000000,0.3900000000,2.52000000,43.00000000,525.00,2014,"Transit",0.200000
"K2-331 b","K2-331",132.7376431,13.1702690,9.39897700000,,1.79000000,3.86000000,909.00,2021,"Transit",
"EPIC 228836835 b","EPIC 228836835",189.5748998,-5.2446247,0.72811300000,,1.10000000,1.37000000,932.00,2021,"Transit",
"HATS-34 b","HATS-34",0.7744866,-62.4693167,2.10616190000,0.0316500000,14.36991326,302.25481506,1431.20,2016,"Transit",0.108000
"K2-32 c","K2-32",252.4260080,-19.5430504,20.66093000000,0.1384300000,3.13400000,8.10000000,634.00,2016,"Transit",0.049000
"K2-32 d","K2-32",252.4260080,-19.5430504,31.71701000000,0.1842200000,3.48400000,6.70000000,550.00,2016,"Transit",0.050000
"KIC 10068024 b","KIC 10068024",288.8470423,47.0228607,2.07354900000,,13.40000000,635.65681400,,2021,"Orbital Brightness Modulation",
"K2-350 b","K2-350",204.0355092,-14.0092516,4.16387300000,,1.54000000,2.99000000,1158.00,2021,"Transit",
"K2-353 b","K2-353",201.6168564,-2.2819018,15.46680500000,,5.55000000,26.30000000,735.00,2021,"Transit",
"K2-137 b","K2-137",186.8704260,-6.1952168,0.17971900000,0.0058000000,0.64000000,158.91500000,1471.00,2017,"Transit",0.000000
"EPIC 206042996 b","EPIC 206042996",337.5136198,-13.6101475,5.29860000000,,1.70000000,3.53000000,,2019,"Transit",
"NGTS-15 b","NGTS-15",73.3553101,-32.8003484,3.27623000000,0.0441000000,12.32987877,238.68913366,1146.00,2021,"Transit",0.000000
"K2-354 b","K2-354",129.1299193,10.1472175,3.79330600000,,1.56000000,3.05000000,543.00,2021,"Transit",
"K2-330 b","K2-330",126.8968265,11.6674131,13.77479800000,,2.77000000,8.10000000,969.00,2021,"Transit",
"TOI-1333 b","TOI-1333",325.0145363,48.4067674,4.72021900000,0.0626000000,15.64776400,753.25710000,1679.00,2021,"Transit",0.073000
"HD 238090 b","HD 238090",183.0886375,54.4861530,13.67100000000,0.0932000000,2.52000000,6.89000000,469.60,2020,"Radial Velocity",0.300000
"NGTS-18 b","NGTS-18",180.5462193,-35.5486091,3.05125000000,0.0448000000,13.56286665,129.99181846,1381.00,2021,"Transit",0.000000
"HD 136352 b","HD 136352",230.4401147,-48.3188174,11.57797000000,0.0964000000,1.66400000,4.72000000,905.00,2019,"Radial Velocity",0.000000
"K2-336 b","K2-336",133.8382032,16.7940663,21.19473300000,,1.22000000,1.98000000,569.00,2021,"Transit",
"GJ 414 A b","GJ 414 A",167.7745044,30.4451688,50.80000000000,0.2324000000,2.63000000,7.60000000,308.60,2021,"Radial Velocity",0.450000
"BD+55 362 b","BD+55 362",23.9636676,56.6982282,265.59000000000,0.7800000000,14.00000000,228.83645304,259.06,2021,"Radial Velocity",0.270000
"HD 136352 d","HD 136352",230.4401147,-48.3188174,107.24500000000,0.4250000000,2.56200000,8.82000000,431.00,2019,"Radial Velocity",0.000000
"K2-337 b","K2-337",127.7611370,16.9004702,16.27356300000,,2.62000000,7.37000000,850.00,2021,"Transit",
"K2-138 c","K2-138",348.9490311,-10.8497391,3.56004000000,0.0446100000,2.29900000,6.31000000,1012.00,2017,"Transit",0.045000
"KOI-1831 d","Kepler-324",286.4714473,49.6490933,34.16900000000,0.1992400000,1.13000000,2.23000000,475.00,2018,"Transit",0.000000
"K2-340 b","K2-340",127.9373409,19.0745863,29.74045100000,,3.36000000,11.20000000,606.00,2021,"Transit",
"K2-138 d","K2-138",348.9490311,-10.8497391,5.40479000000,0.0589300000,2.39000000,7.92000000,888.00,2017,"Transit",0.043000
"K2-138 e","K2-138",348.9490311,-10.8497391,8.26146000000,0.0782000000,3.39000000,12.97000000,757.00,2017,"Transit",0.077000
"EPIC 212297394 c","EPIC 212297394",207.2061241,-17.6098985,5.21396500000,,2.27000000,5.77000000,866.00,2021,"Transit",
"K2-138 f","K2-138",348.9490311,-10.8497391,12.75758000000,0.1044700000,2.90400000,1.63000000,653.00,2017,"Transit",0.062000
"K2-100 b","K2-100",129.6010863,20.1060074,1.67390350000,0.0301000000,3.88000000,21.80000000,1841.00,2016,"Transit",0.000000
"TOI-2202 c","TOI-2202",51.2284214,-73.9575458,24.67440000000,0.1554400000,13.40000000,117.27868218,560.61,2021,"Transit Timing Variations",0.062200
"KMT-2019-BLG-1715L b","KMT-2019-BLG-1715L",270.3717083,-28.7771389,,3.3200000000,13.20000000,813.64072192,,2021,"Microlensing",
"K2-349 b","K2-349",199.0996546,-14.4447454,9.03217800000,,1.38000000,2.48000000,518.00,2021,"Transit",
"K2-350 c","K2-350",204.0355092,-14.0092516,19.99194400000,,2.74000000,7.95000000,687.00,2016,"Transit",
"K2-351 b","K2-351",206.6522408,-11.8049588,7.80616400000,,2.54000000,6.99000000,934.00,2021,"Transit",
"GJ 740 b","GJ 740",284.4997178,5.9028670,2.37756000000,0.0290000000,1.53000000,2.96000000,829.00,2021,"Radial Velocity",0.240000
"HD 60292 b","HD 60292",114.6201698,66.2350517,495.40000000000,1.5000000000,12.70000000,2065.89500000,889.53,2020,"Radial Velocity",0.270000
"KMT-2018-BLG-1025L b","KMT-2018-BLG-1025L",269.8664167,-27.8780611,,1.3050000000,2.34000000,6.05900000,,2021,"Microlensing",
"K2-185 b","K2-185",130.2596625,14.6902225,10.61638400000,,1.15000000,1.60000000,809.00,2018,"Transit",
"EPIC 212587672 c","EPIC 212587672",205.4445125,-10.8625468,23.22855500000,,2.32000000,5.99000000,658.00,2021,"Transit",
"HD 221420 b","HD 221420",353.3319001,-77.3853286,10090.00000000000,10.1500000000,12.00000000,7278.27052030,123.49,2019,"Radial Velocity",0.140000
"K2-185 c","K2-185",130.2596625,14.6902225,52.71349400000,,2.39000000,6.30000000,477.00,2018,"Transit",
"TOI-1201 b","TOI-1201",42.2476999,-14.5372835,2.49198630000,0.0287000000,2.41500000,6.28000000,703.00,2021,"Transit",0.000000
"HD 136925 b","HD 136925",230.7157509,13.3663117,4540.00000000000,5.1300000000,13.90000000,266.97586188,134.25,2021,"Radial Velocity",0.103000
"HD 109286 b","HD 109286",188.3958418,7.2809064,520.10000000000,1.2590000000,13.20000000,950.30693693,259.40,2021,"Radial Velocity",0.338000
"Kepler-1771 b","Kepler-1771",292.0134714,49.0191267,88.64399719000,0.3815000000,4.05537256,15.50000000,391.00,2021,"Transit",0.000000
"Kepler-1786 b","Kepler-1786",292.5877743,38.5219827,78.54609680000,0.3572200000,3.16305828,10.10000000,501.00,2021,"Transit",0.000000
"Kepler-1834 b","Kepler-1834",294.6646789,39.7838461,4.60301017800,0.0491100000,1.45938340,2.73000000,848.00,2021,"Transit",0.000000
"TOI-559 b","TOI-559",46.8186159,-31.1629951,6.98390950000,0.0723000000,12.22899794,1910.14872607,1180.00,2021,"Transit",0.151000
"Kepler-418 c","Kepler-418",294.4335228,38.3554729,12.21829987000,0.1063200000,5.22108654,23.70000000,835.00,2021,"Transit",0.000000
"Kepler-1801 b","Kepler-1801",295.1640095,39.2014024,10.44089985000,0.0915000000,2.70926154,7.80000000,829.00,2021,"Transit",0.000000
"Kepler-1838 b","Kepler-1838",298.9917165,40.1422600,12.14680004000,0.1108200000,1.66049425,3.40000000,1097.00,2021,"Transit",0.000000
"Kepler-1839 b","Kepler-1839",294.2244432,50.0755761,5.05675983400,0.0583000000,1.94937590,4.46000000,1049.00,2021,"Transit",0.000000
"TOI-530 b","TOI-530",103.4128333,12.8815784,6.38759700000,0.0520000000,9.30345398,127.13136280,565.00,2021,"Transit",0.000000
"Kepler-1749 b","Kepler-1749",290.2945805,45.5645196,14.53409958000,0.0956000000,1.61301783,3.23000000,420.00,2021,"Transit",0.000000
"Kepler-1841 b","Kepler-1841",287.7069031,40.6852161,25.88599968000,0.1606000000,1.48912557,2.82000000,542.00,2021,"Transit",0.000000
"Kepler-1842 b","Kepler-1842",286.2516039,42.3784353,14.02639961000,0.1160000000,2.35388681,6.14000000,822.00,2021,"Transit",0.000000
"HAT-P-43 b","HAT-P-43",128.9256885,10.2065866,3.33264140000,0.0444000000,13.63000000,210.39500000,1353.00,2012,"Transit",0.000000
"Kepler-1742 b","Kepler-1742",286.9668086,44.9924315,49.47819901000,0.2587000000,2.17824130,5.38000000,462.00,2021,"Transit",0.000000
"Kepler-1743 b","Kepler-1743",290.5523552,48.1262575,7.64971017800,0.0840000000,1.59887007,3.18000000,1144.00,2021,"Transit",0.000000
"Kepler-1741 b","Kepler-1741",292.5770730,39.1209390,2.75759005500,0.0296000000,1.27300000,2.16000000,615.00,2021,"Transit",0.000000
"Kepler-1810 b","Kepler-1810",291.8129995,38.0880964,101.13300320000,0.4137000000,3.91815325,14.60000000,380.00,2021,"Transit",0.000000
"Kepler-1812 b","Kepler-1812",298.0845087,40.2832525,7.16521978400,0.0765000000,2.32494240,6.01000000,1034.00,2021,"Transit",0.000000
"Kepler-1845 b","Kepler-1845",292.9016226,38.2970320,11.60649967000,0.0885000000,2.43836702,6.52000000,584.00,2021,"Transit",0.000000
"Kepler-1716 b","Kepler-1716",297.2717207,43.3330644,35.58100128000,0.1883600000,2.42476850,6.46000000,408.00,2021,"Transit",0.000000
"K2-95 b","K2-95",129.3625717,18.9766197,10.13464540000,0.0525000000,3.31000000,11.00000000,474.00,2016,"Transit",0.160000
"Kepler-1746 b","Kepler-1746",288.3203979,42.2613874,321.21200560000,0.9408200000,8.93504475,59.10000000,310.00,2021,"Transit",0.000000
"Kepler-1745 b","Kepler-1745",293.4689924,42.8223582,3.01619005200,0.0408000000,1.92872921,4.38000000,1449.00,2021,"Transit",0.000000
"Kepler-1814 b","Kepler-1814",285.2166767,41.2824449,2.93535995500,0.0376500000,2.36961357,6.21000000,1022.00,2021,"Transit",0.000000
"Kepler-1813 b","Kepler-1813",292.2399069,48.5115214,2.81816005700,0.0364000000,1.41300000,2.58000000,1059.00,2021,"Transit",0.000000
"Kepler-1815 b","Kepler-1815",300.1704720,43.9849048,12.19139957000,0.0984000000,2.74892620,7.99000000,763.00,2021,"Transit",0.000000
"Kepler-1856 b","Kepler-1856",295.9091695,51.3478777,1.30200004600,0.0215000000,1.73447868,3.66000000,1344.00,2021,"Transit",0.000000
"K2-101 b","K2-101",130.3439097,18.9338205,14.67624290000,0.1124000000,2.00000000,4.66000000,618.00,2016,"Transit",0.100000
"Kepler-1669 c","Kepler-1669",297.4303826,39.8478795,1.60932004500,0.0228000000,1.90120972,4.27000000,958.00,2021,"Transit",0.000000
"Kepler-1165 c","Kepler-1165",286.9712284,44.7082669,29.96870041000,0.1969000000,3.36093385,11.20000000,644.00,2021,"Transit",0.000000
"Kepler-1816 b","Kepler-1816",296.8509823,50.6987736,91.50099945000,0.3564700000,1.96793970,4.53000000,310.00,2021,"Transit",0.000000
"Kepler-1847 b","Kepler-1847",296.6014013,44.3252289,11.12969971000,0.0989000000,2.74516914,7.97000000,843.00,2021,"Transit",0.000000
"K2-355 b","K2-355",124.6426189,13.5027816,5.73856470000,0.0632000000,2.25000000,5.69000000,1066.00,2021,"Transit",
"K2-356 b","K2-356",128.3219134,13.6613758,21.02673660000,0.1599000000,2.29000000,5.86000000,624.00,2021,"Transit",
"Kepler-1757 b","Kepler-1757",297.7397823,46.9418957,19.65640068000,0.1335000000,2.94660251,8.99000000,549.00,2021,"Transit",0.000000
"Kepler-1758 b","Kepler-1758",297.7968197,39.9213378,9.97721004500,0.0919000000,2.57059831,7.13000000,1028.00,2021,"Transit",0.000000
"Kepler-1819 b","Kepler-1819",296.5600307,46.8574644,16.48690033000,0.1337000000,3.90351256,14.50000000,760.00,2021,"Transit",0.000000
"Kepler-1817 b","Kepler-1817",282.0333419,44.4779955,44.29919815000,0.2348000000,2.27349126,5.79000000,463.00,2021,"Transit",0.000000
"K2-357 b","K2-357",131.9386628,16.3289144,16.34886370000,0.1450000000,3.72000000,13.40000000,735.00,2021,"Transit",
"K2-358 b","K2-358",133.8081054,18.9497263,11.25102850000,0.0863000000,2.68000000,7.65000000,888.00,2021,"Transit",
"Kepler-1731 b","Kepler-1731",291.2544229,36.7434302,21.76129913000,0.1399000000,2.93295657,8.92000000,486.00,2021,"Transit",0.000000
"Kepler-1762 b","Kepler-1762",290.4931471,39.7855117,29.53910065000,0.2040000000,2.76022913,8.05000000,714.00,2021,"Transit",0.000000
"Kepler-1820 b","Kepler-1820",296.7127400,48.2722828,31.03249931000,0.1964000000,3.11883067,9.90000000,561.00,2021,"Transit",0.000000
"Kepler-1821 b","Kepler-1821",294.5254573,49.8724840,16.45809937000,0.1244000000,2.59248115,7.24000000,644.00,2021,"Transit",0.000000
"Kepler-1788 b","Kepler-1788",291.2243829,45.7780993,2.80012011500,0.0343000000,2.37850461,6.25000000,956.00,2021,"Transit",0.000000
"Kepler-1859 b","Kepler-1859",293.9886751,46.7179996,2.72959995300,0.0394000000,1.58313575,3.13000000,1455.00,2021,"Transit",0.000000
"Kepler-1860 b","Kepler-1860",294.3508497,50.0809627,12.73719978000,0.1062500000,1.13863767,1.55000000,697.00,2021,"Transit",0.000000
"K2-184 b","K2-184",129.1405227,14.4618826,16.97801020000,0.1685000000,1.47000000,2.76000000,533.00,2018,"Transit",
"Kepler-1712 b","Kepler-1712",284.9986980,50.1466922,13.81499958000,0.0903000000,2.28372556,5.83000000,391.00,2021,"Transit",0.000000
"Kepler-1763 b","Kepler-1763",294.1130368,40.3628861,1.48028004200,0.0257000000,1.14651332,1.59000000,1822.00,2021,"Transit",0.000000
"Kepler-1764 b","Kepler-1764",293.8799047,41.3938374,70.46829987000,0.3512000000,4.55527871,18.80000000,511.00,2021,"Transit",0.000000
"Kepler-1790 b","Kepler-1790",294.5668577,46.0757312,31.58889961000,0.2098900000,3.14461450,10.00000000,682.00,2021,"Transit",0.000000
"Kepler-1791 b","Kepler-1791",284.4903166,42.6482636,7.72086000400,0.0761000000,3.12103321,9.91000000,1021.00,2021,"Transit",0.000000
"EPIC 220554210 c","K2-282",13.4321524,7.9952914,0.70531000000,,1.60000000,3.19000000,,2019,"Transit",
"K2-273 b","K2-273",129.7768928,19.0100046,11.71956630000,0.0729000000,3.05000000,9.53000000,849.00,2018,"Transit",
"K2-104 b","K2-104",129.6366594,19.7737202,1.97419540000,0.0242000000,1.79000000,3.86000000,798.00,2016,"Transit",0.090000
"Kepler-1792 b","Kepler-1792",294.8400788,39.0859757,4.19577980000,0.0488000000,2.51990972,6.89000000,1047.00,2021,"Transit",0.000000
"Kepler-1090 c","Kepler-1090",295.6629002,44.5258237,42.42720032000,0.2262200000,3.29265785,10.90000000,496.00,2021,"Transit",0.000000
"EPIC 220492298 b","EPIC 220492298",16.7615005,6.5887980,0.76240600000,,0.99000000,0.93700000,,2021,"Transit",
"EPIC 206024342 c","EPIC 206024342",331.2771441,-14.1218019,0.91172400000,,1.40000000,2.54000000,,2021,"Transit",
"Kepler-1760 b","Kepler-1760",284.1326058,48.8251452,38.32609940000,0.2084000000,2.28995546,5.86000000,480.00,2021,"Transit",0.000000
"Kepler-1777 b","Kepler-1777",290.3286455,37.7231188,12.18420029000,0.1030100000,2.13189678,5.19000000,819.00,2021,"Transit",0.000000
"K2-275 c","K2-275",132.1698795,20.4550162,8.43883850000,0.0881000000,2.21000000,5.52000000,653.00,2018,"Transit",
"K2-275 b","K2-275",132.1698795,20.4550162,3.28096260000,0.0277000000,2.34000000,6.08000000,1166.00,2018,"Transit",
"Kepler-1775 b","Kepler-1775",286.4023452,38.7385674,85.65399933000,0.3956500000,3.64762153,12.90000000,522.00,2021,"Transit",0.000000
"Kepler-1797 b","Kepler-1797",292.4642406,45.9682799,23.35939980000,0.1637000000,3.05774442,9.58000000,684.00,2021,"Transit",0.000000
"Kepler-1798 b","Kepler-1798",291.7262251,37.5289680,16.85589981000,0.1082000000,2.30911251,5.94000000,408.00,2021,"Transit",0.000000
"TIC 172900988 b","TIC 172900988 Aa",128.6616644,31.5539793,200.45200000000,0.9028100000,11.25000000,942.00000000,361.24,2021,"Transit",0.027100
"HD 93385 d","HD 93385",161.5627065,-41.4646040,45.85000000000,0.2565000000,2.89000000,8.70000000,619.44,2021,"Radial Velocity",0.090000
"OGLE-2018-BLG-0567L b","OGLE-2018-BLG-0567L",269.0184167,-27.9871111,,2.7200000000,12.30000000,101.70509024,,2021,"Microlensing",
"OGLE-2018-BLG-0962L b","OGLE-2018-BLG-0962L",268.1747917,-32.3092500,,3.5900000000,13.60000000,425.89006538,,2021,"Microlensing",
"Kepler-487 d","Kepler-487",295.2872318,41.2220033,2.41839003600,0.0344500000,2.77513568,8.12000000,1226.00,2021,"Transit",0.000000
"Kepler-1822 b","Kepler-1822",297.2855000,41.3055733,22.13339996000,0.1416000000,2.64755943,7.50000000,507.00,2021,"Transit",0.000000
"Kepler-1823 b","Kepler-1823",283.7547770,45.3351250,21.10339928000,0.1533200000,2.08612680,5.00000000,718.00,2021,"Transit",0.000000
"HD 96700 c","HD 96700",166.9742616,-30.1751383,19.88000000000,0.1410000000,1.69000000,3.50000000,808.42,2021,"Radial Velocity",0.293000
"HD 96700 d","HD 96700",166.9742616,-30.1751383,103.50000000000,0.4240000000,3.61000000,12.70000000,466.19,2021,"Radial Velocity",0.270000
"TOI-2257 b","TOI-2257",194.7396141,77.6617157,35.18934600000,0.1450000000,2.19400000,5.45000000,256.00,2021,"Transit",0.496000
"Kepler-1769 b","Kepler-1769",294.7433755,43.4611633,89.19349670000,0.4059800000,4.46500000,18.20000000,483.00,2021,"Transit",0.000000
"Kepler-1778 b","Kepler-1778",287.3612976,43.7388000,10.08740044000,0.0956000000,3.01665969,9.36000000,942.00,2021,"Transit",0.000000
"Kepler-1824 b","Kepler-1824",296.7071957,41.2036197,95.61100006000,0.4267000000,2.38127597,6.26000000,421.00,2021,"Transit",0.000000
"HD 189567 b","HD 189567",301.3959616,-67.3237992,14.28800000000,0.1110000000,2.85000000,8.50000000,845.16,2021,"Radial Velocity",0.189000
"HD 189567 c","HD 189567",301.3959616,-67.3237992,33.68800000000,0.1970000000,2.54000000,7.00000000,634.41,2021,"Radial Velocity",0.160000
"HD 137496 c","HD 137496",231.7420543,-16.5090014,479.90000000000,1.2163000000,12.60000000,2434.56559762,370.00,2021,"Radial Velocity",0.477000
"Kepler-1782 b","Kepler-1782",280.9261620,44.0878036,5.75622987700,0.0582500000,2.22927435,5.60000000,773.00,2021,"Transit",0.000000
"Kepler-1784 b","Kepler-1784",297.9541684,44.6674491,13.59049988000,0.1072000000,2.79936489,8.24000000,724.00,2021,"Transit",0.000000
"Kepler-1828 b","Kepler-1828",292.4275963,37.3207616,10.27379990000,0.0924000000,2.11598626,5.13000000,799.00,2021,"Transit",0.000000
"Kepler-1829 b","Kepler-1829",288.6644840,51.4983798,5.18671989400,0.0559000000,2.47887001,6.71000000,860.00,2021,"Transit",0.000000
"Kepler-1776 b","Kepler-1776",291.5344017,47.0424958,35.01190186000,0.2093000000,2.61157023,7.33000000,603.00,2021,"Transit",0.000000
"Kepler-1709 b","Kepler-1709",283.3748873,43.7883708,65.70459747000,0.3270400000,3.12424875,9.93000000,472.00,2021,"Transit",0.000000
"Kepler-1833 b","Kepler-1833",290.8714239,45.4102813,6.89212989800,0.0754500000,1.30027362,2.24000000,1177.00,2021,"Transit",0.000000
"TOI-3362 b","TOI-3362",155.9841428,-56.8431169,18.09547000000,0.1530000000,12.80065596,1598.35905880,688.00,2021,"Transit",0.815000
"Kepler-1738 b","Kepler-1738",296.1313474,47.4388098,7.67463016500,0.0781000000,2.82472883,8.37000000,957.00,2021,"Transit",0.000000
"Kepler-1739 b","Kepler-1739",296.2320536,47.6788626,7.34370994600,0.0697000000,2.43056832,6.48000000,839.00,2021,"Transit",0.000000
"Kepler-1924 b","Kepler-1924",293.7673860,42.8291562,15.33170033000,0.1216000000,2.65446572,7.53000000,821.00,2021,"Transit",0.000000
"Kepler-1925 b","Kepler-1925",289.8287452,45.1026883,46.71640015000,0.2588000000,3.00177922,9.28000000,531.00,2021,"Transit",0.000000
"HATS-76 b","HATS-76",70.3397665,-32.3204175,1.94164230000,0.0265800000,12.09449018,835.57088200,939.80,2021,"Transit",0.062000
"Kepler-1130 d","Kepler-1130",285.2074210,45.3843330,4.27225017500,0.0506800000,0.64472273,0.20200000,981.00,2021,"Transit",0.000000
"Kepler-1802 c","Kepler-1802",300.2420869,44.1412854,33.13610077000,0.1748000000,2.32200000,6.00000000,357.00,2021,"Transit",0.000000
"Kepler-1942 b","Kepler-1942",294.9805416,44.4252384,4.62604999500,0.0516000000,2.11702870,5.13000000,1012.00,2021,"Transit",0.000000
"Kepler-1943 b","Kepler-1943",293.3182976,41.1166697,4.85018014900,0.0597500000,1.54869189,3.02000000,1098.00,2021,"Transit",0.000000
"Kepler-1927 b","Kepler-1927",296.3546093,41.3355698,73.75039673000,0.3873300000,3.40627075,11.50000000,677.00,2021,"Transit",0.000000
"Kepler-1722 b","Kepler-1722",296.6627402,41.2611985,9.17856979400,0.0819000000,2.86719266,8.58000000,753.00,2021,"Transit",0.000000
"HD 69123 b","HD 69123",123.5549900,-35.4899246,1193.30000000000,2.4820000000,13.10000000,982.08977763,411.78,2022,"Radial Velocity",0.190000
"Kepler-1266 c","Kepler-1266",285.8693277,42.7279996,4.86631012000,0.0506000000,1.68023962,3.46000000,881.00,2021,"Transit",0.000000
"Kepler-394 d","Kepler-394",296.3019792,50.6723115,5.61358022700,0.0590400000,1.50066814,2.86000000,1165.00,2021,"Transit",0.000000
"Kepler-1944 b","Kepler-1944",296.5105045,39.1732645,9.84257984200,0.0918000000,2.75971163,8.05000000,801.00,2021,"Transit",0.000000
"Kepler-1945 b","Kepler-1945",281.8980828,42.2858185,6.08003997800,0.0597000000,1.28900000,2.21000000,808.00,2021,"Transit",0.000000
"Kepler-1946 b","Kepler-1946",282.3355387,42.8453417,3.03519010500,0.0394000000,2.48812698,6.75000000,1143.00,2021,"Transit",0.000000
"Kepler-1929 b","Kepler-1929",299.5833362,47.4481244,59.36249924000,0.3088300000,3.07250761,9.65000000,566.00,2021,"Transit",0.000000
"Kepler-913 c","Kepler-913",297.5830564,41.9523531,5.93911981600,0.0699000000,3.85807090,14.20000000,1357.00,2021,"Transit",0.000000
"Kepler-324 e","Kepler-324",286.4714473,49.6490933,13.97939968000,0.1097200000,2.03862444,235.01400000,635.00,2021,"Transit",0.000000
"Kepler-1727 b","Kepler-1727",290.3336142,38.7282722,9.02929973600,0.0796000000,3.17321625,10.20000000,757.00,2021,"Transit",0.000000
"Kepler-1931 b","Kepler-1931",290.8723061,43.3330104,38.57609940000,0.2332900000,2.65323514,7.53000000,619.00,2021,"Transit",0.000000
"Kepler-1530 d","Kepler-1530",288.1624396,48.1651530,9.20761013000,0.0827600000,3.27870115,10.80000000,972.00,2021,"Transit",0.000000
"Kepler-1932 b","Kepler-1932",285.3314903,41.0638435,0.52417701500,0.0123000000,1.51482218,2.91000000,1891.00,2021,"Transit",0.000000
"YZ Cet b","YZ Cet",18.1330792,-16.9962434,2.02087000000,0.0163400000,0.91300000,0.70000000,471.20,2017,"Radial Velocity",0.060000
"YZ Cet c","YZ Cet",18.1330792,-16.9962434,3.05989000000,0.0215600000,1.05000000,1.14000000,410.30,2017,"Radial Velocity",0.000000
"Kepler-281 d","Kepler-281",294.1081465,44.7706524,148.27200320000,0.5456000000,5.93747806,654.00000000,321.00,2021,"Transit",0.000000
"Kepler-495 c","Kepler-495",285.9307362,39.0981201,5.89660978300,0.0614000000,1.21936414,1.98000000,1000.00,2021,"Transit",0.000000
"Kepler-501 c","Kepler-501",297.2014919,41.7301534,3.62276005700,0.0467000000,1.68119739,3.47000000,1304.00,2021,"Transit",0.000000
"Kepler-196 d","Kepler-196",284.9685077,42.0791214,122.08000180000,0.4545000000,2.66065673,7.56000000,297.00,2021,"Transit",0.000000
"Kepler-1950 b","Kepler-1950",287.0874563,42.6686537,10.77690029000,0.0871000000,1.52696349,2.95000000,752.00,2021,"Transit",0.000000
"Kepler-1899 b","Kepler-1899",292.0333777,37.9744551,4.09577989600,0.0457000000,1.55098292,3.02000000,851.00,2021,"Transit",0.000000
"Kepler-1869 b","Kepler-1869",292.6149958,42.7643438,8.16736030600,0.0797600000,1.11955354,1.46000000,865.00,2021,"Transit",0.000000
"Kepler-1312 c","Kepler-1312",292.9712801,41.0357494,1.11611998100,0.0210300000,1.02732734,1.07000000,1659.00,2021,"Transit",0.000000
"Kepler-1952 b","Kepler-1952",288.0764082,43.9584839,27.21080017000,0.1724000000,1.23923346,2.07000000,725.00,2021,"Transit",0.000000
"Kepler-1728 b","Kepler-1728",287.0940046,39.0607801,4.78299999200,0.0535000000,2.95501875,9.04000000,886.00,2021,"Transit",0.000000
"Kepler-1926 b","Kepler-1926",291.1987905,44.1662033,42.87770081000,0.2197000000,2.31495961,5.97000000,451.00,2021,"Transit",0.000000
"Kepler-1729 b","Kepler-1729",296.6939428,42.6261145,4.22097015400,0.0418000000,3.89404186,14.40000000,595.00,2021,"Transit",0.000000
"Kepler-1972 b","Kepler-1972",288.3953074,39.8725067,7.54425000000,0.0800600000,0.80200000,2.02000000,1084.00,2022,"Transit",0.067000
"Kepler-1321 d","Kepler-1321",294.5285970,46.6408737,5.72092008600,0.0501000000,2.62843782,7.41000000,509.00,2021,"Transit",0.000000
"Kepler-1600 c","Kepler-1600",291.3993802,38.7877563,7.29804992700,0.0696100000,1.94206512,4.43000000,786.00,2021,"Transit",0.000000
"Kepler-1954 b","Kepler-1954",298.0029203,43.3545882,5.88343000400,0.0625000000,1.80235934,3.90000000,949.00,2021,"Transit",0.000000
"Kepler-1730 b","Kepler-1730",281.9605834,43.7030386,13.81019974000,0.1131000000,4.48524519,18.40000000,833.00,2021,"Transit",0.000000
"Kepler-1721 b","Kepler-1721",283.5441984,45.2256548,4.59238004700,0.0519000000,3.11856756,9.90000000,924.00,2021,"Transit",0.000000
"Kepler-1887 b","Kepler-1887",288.9555263,44.7057070,19.94750023000,0.1421000000,2.92454357,8.88000000,625.00,2021,"Transit",0.000000
"Kepler-1958 b","Kepler-1958",289.1041643,41.6901138,9.32861995700,0.0856000000,2.05124311,4.86000000,806.00,2021,"Transit",0.000000
"Kepler-1726 b","Kepler-1726",284.3861498,45.7197342,18.39629936000,0.1279400000,2.50861954,6.84000000,582.00,2021,"Transit",0.000000
"Kepler-1723 b","Kepler-1723",294.4627362,46.8214022,39.75289917000,0.2249000000,2.88046569,8.65000000,568.00,2021,"Transit",0.000000
"Kepler-1705 b","Kepler-1705",301.5785316,44.3121639,9.03502000000,0.0800000000,2.03000000,4.47000000,789.00,2021,"Transit",0.033000
"OGLE-2019-BLG-0960L b","OGLE-2019-BLG-0960L",274.0142917,-25.7746667,,1.9000000000,1.39000000,2.50000000,,2021,"Microlensing",
"Kepler-1890 b","Kepler-1890",292.5778203,40.6679032,4.82059001900,0.0571200000,0.86867375,0.58700000,1328.00,2021,"Transit",0.000000
"Kepler-1892 b","Kepler-1892",299.0810070,42.0180957,6.33123016400,0.0633000000,1.83707938,4.03000000,822.00,2021,"Transit",0.000000
"Kepler-1959 b","Kepler-1959",296.0223010,44.7326691,6.38669014000,0.0617000000,1.14315727,1.57000000,811.00,2021,"Transit",0.000000
"Kepler-1960 b","Kepler-1960",294.6969361,46.7202043,2.29794001600,0.0354000000,1.30749704,2.26000000,1547.00,2021,"Transit",0.000000
"Kepler-457 d","KOI-7892",282.3775397,44.6945690,10.69060040000,0.0996000000,2.98467257,9.19000000,1008.00,2021,"Transit",0.000000
"Kepler-633 c","Kepler-633",295.2173259,40.5921599,23.78319931000,0.1624600000,2.29600000,5.89000000,725.00,2021,"Transit",0.000000
"Kepler-1861 b","Kepler-1861",295.8465148,49.9361586,40.03060150000,0.2408200000,2.20677414,5.50000000,617.00,2021,"Transit",0.000000
"Kepler-1863 b","Kepler-1863",282.2397185,43.2440854,44.99760056000,0.2367800000,2.26309256,5.74000000,508.00,2021,"Transit",0.000000
"Kepler-1895 b","Kepler-1895",291.6756005,48.7625419,6.07029008900,0.0615000000,2.11934728,5.14000000,789.00,2021,"Transit",0.000000
"Kepler-1911 b","Kepler-1911",299.3035590,41.4410233,5.99079990400,0.0636000000,1.01100000,1.01000000,987.00,2021,"Transit",0.000000
"Kepler-1865 b","Kepler-1865",293.9412380,41.5904136,2.52400994300,0.0344000000,1.57686072,3.11000000,1203.00,2021,"Transit",0.000000
"Kepler-1866 b","Kepler-1866",286.2246453,44.6544869,11.66009998000,0.1016000000,2.08215108,4.99000000,834.00,2021,"Transit",0.000000
"Kepler-1897 b","Kepler-1897",294.2901043,39.1268710,24.22030067000,0.1546000000,2.81407954,8.32000000,505.00,2021,"Transit",0.000000
"Kepler-1896 b","Kepler-1896",289.6785786,40.2496475,44.87020111000,0.2529000000,3.09935997,9.80000000,536.00,2021,"Transit",0.000000
"Kepler-1967 b","Kepler-1967",299.1376276,43.4984724,7.28169012100,0.0668600000,0.73022577,0.31500000,1086.00,2021,"Transit",0.000000
"b Cen AB b","b Cen A",220.4897992,-37.7936323,1790000.00000000000,556.0000000000,12.40000000,3464.32963630,,2021,"Imaging",0.400000
"OGLE-2018-BLG-0532L b","OGLE-2018-BLG-0532L",269.9834167,-28.9977500,,1.0640000000,2.37000000,6.22800000,,2020,"Microlensing",
"Kepler-1867 b","Kepler-1867",294.9971007,43.4358698,9.88735961900,0.0872000000,1.15985997,1.65000000,768.00,2021,"Transit",0.000000
"Kepler-1868 b","Kepler-1868",293.2983733,43.5558025,211.03399660000,0.6234800000,3.14950109,10.10000000,215.00,2021,"Transit",0.000000
"Kepler-1903 b","Kepler-1903",290.8882981,51.2481617,17.06789970000,0.1321000000,2.28642395,5.85000000,769.00,2021,"Transit",0.000000
"Kepler-1969 b","Kepler-1969",294.7842662,49.4920557,6.64752006500,0.0717000000,1.68161001,3.47000000,999.00,2021,"Transit",0.000000
"Kepler-1968 b","Kepler-1968",291.5080318,45.3700933,7.28109979600,0.0696000000,1.50004034,2.86000000,744.00,2021,"Transit",0.000000
"Kepler-1871 b","Kepler-1871",292.4275044,38.4728824,1.95270001900,0.0308000000,2.42172881,6.44000000,1403.00,2021,"Transit",0.000000
"Kepler-1872 b","Kepler-1872",281.0491988,43.3225996,3.82591009100,0.0465000000,2.38421141,6.28000000,1005.00,2021,"Transit",0.000000
"Kepler-1906 b","Kepler-1906",293.8266166,38.8565906,7.36268997200,0.0738000000,2.77615754,8.13000000,901.00,2021,"Transit",0.000000
"Kepler-1907 b","Kepler-1907",280.7085829,47.3279236,5.65245008500,0.0544400000,0.86973029,0.58900000,856.00,2021,"Transit",0.000000
"Kepler-1913 b","Kepler-1913",290.2166890,44.7795863,14.19600010000,0.1209000000,1.51852059,2.92000000,818.00,2021,"Transit",0.000000
"HD 79181 b","HD 79181",137.9944736,-19.7474341,273.10000000000,0.9000000000,14.10000000,203.41018048,821.87,2021,"Radial Velocity",0.259000
"HD 10975 b","HD 10975",27.1628025,37.9527542,283.80000000000,0.9500000000,14.30000000,143.02278315,799.92,2021,"Radial Velocity",0.442000
"HD 99283 b","HD 99283",171.4874082,55.8506653,310.40000000000,1.0800000000,13.80000000,308.29355479,759.06,2021,"Radial Velocity",0.200000
"Kepler-1873 b","Kepler-1873",294.5965570,46.0483705,0.55884200300,0.0128000000,1.62573811,3.28000000,1787.00,2021,"Transit",0.000000
"Kepler-1874 b","Kepler-1874",286.3718158,43.6920810,56.57320023000,0.2633000000,2.21110724,5.52000000,356.00,2021,"Transit",0.000000
"Kepler-1909 b","Kepler-1909",290.8894090,42.4596251,2.39160990700,0.0306000000,1.09217411,1.33000000,1031.00,2021,"Transit",0.000000
"Kepler-1717 b","Kepler-1717",295.2126472,49.5621600,30.65279961000,0.2014000000,2.98929758,9.21000000,780.00,2021,"Transit",0.000000
"Kepler-1917 b","Kepler-1917",294.1038932,45.0013533,12.90240002000,0.1030000000,1.88971288,4.23000000,675.00,2021,"Transit",0.000000
"Kepler-1918 b","Kepler-1918",292.5305460,42.2145765,47.05640030000,0.2524000000,2.29763023,5.89000000,497.00,2021,"Transit",0.000000
"ups Leo b","ups Leo",174.2372188,-0.8235643,385.20000000000,1.1800000000,14.20000000,162.09248757,719.08,2021,"Radial Velocity",0.320000
"HD 219139 b","HD 219139",348.3604055,11.0649832,275.50000000000,0.9400000000,14.00000000,247.90615746,804.83,2021,"Radial Velocity",0.110000
"Kepler-616 d","Kepler-616",294.9891370,46.8383058,51.06740189000,0.2749000000,2.65300000,7.52000000,499.00,2021,"Transit",0.000000
"Kepler-534 c","Kepler-534",296.4185696,49.5401480,7.37868976600,0.0761000000,1.22700000,2.02000000,933.00,2021,"Transit",0.000000
"Kepler-1919 b","Kepler-1919",283.1319153,43.9560050,37.88660049000,0.2107000000,2.62390658,7.38000000,479.00,2021,"Transit",0.000000
"Kepler-1488 c","Kepler-1488",286.6464265,49.9377735,6.15826988200,0.0695900000,1.65156749,3.37000000,1212.00,2021,"Transit",0.000000
"gam Psc b","gam Psc",349.2946794,3.2823664,555.10000000000,1.3200000000,13.60000000,425.89006538,666.07,2021,"Radial Velocity",0.204000
"HIP 34222 b","HIP 34222",106.4257786,27.4704132,159.98600000000,0.4920000000,13.90000000,263.79757781,218.98,2021,"Radial Velocity",0.305000
"Kepler-1881 b","Kepler-1881",293.6393065,44.9825447,159.39399720000,0.5332500000,2.98104391,9.17000000,289.00,2021,"Transit",0.000000
"Kepler-1879 b","Kepler-1879",289.3644209,41.5332589,10.61340046000,0.0957000000,2.06512018,4.92000000,987.00,2021,"Transit",0.000000
"Kepler-1934 b","Kepler-1934",290.9193265,37.2871677,1.41975998900,0.0246600000,0.91307734,0.70200000,1700.00,2021,"Transit",0.000000
"Kepler-1935 b","Kepler-1935",296.4037783,39.7227036,3.95140004200,0.0463000000,2.50271696,6.82000000,1083.00,2021,"Transit",0.000000
"Kepler-1921 b","Kepler-1921",300.3161723,45.4953271,20.03479958000,0.1586500000,2.89459458,8.72000000,967.00,2021,"Transit",0.000000
"HIP 86221 b","HIP 86221",264.2948750,27.8963910,2.22400000000,0.0310000000,14.00000000,225.65816897,,2021,"Radial Velocity",0.086000
"Kepler-1883 b","Kepler-1883",291.9225570,42.0025220,103.42700200000,0.4438000000,3.25107395,10.60000000,416.00,2021,"Transit",0.000000
"Kepler-1938 b","Kepler-1938",299.3518920,41.1957285,13.06260014000,0.0938000000,1.82828927,4.00000000,527.00,2021,"Transit",0.000000
"TOI-1268 b","TOI-1268",198.3885831,62.3053799,8.15770940000,0.0711000000,9.10000000,96.40000000,918.90,2022,"Transit",0.105000
"K2-25 b","K2-25",63.2739346,15.2477027,3.48456408000,0.0287000000,3.44000000,24.50000000,494.00,2015,"Transit",0.428000
"TOI-2136 b","TOI-2136",281.1763433,36.5631318,7.85192800000,0.0570000000,2.19000000,6.37000000,395.00,2022,"Transit",0.000000
"K2-382 b","K2-382",287.4125267,-19.6269336,21.70015600000,,2.07200000,4.95000000,,2022,"Transit",
"K2-376 b","K2-376",132.7193327,25.0380824,5.77647500000,,1.73600000,3.66000000,,2022,"Transit",
"iot Dra b","iot Dra",231.2323227,58.9661403,510.85440000000,1.4530000000,12.40000000,3756.73177074,618.67,2002,"Radial Velocity",0.701000
"CoRoT-35 b","CoRoT-35",289.3143526,-2.7747085,3.22748000000,0.0429000000,18.83108758,349.61124770,1747.00,2022,"Transit",0.000000
"CoRoT-36 b","CoRoT-36",277.7510149,7.1833465,5.61653100000,0.0660000000,15.80466279,216.12331676,1567.00,2022,"Transit",0.000000
"K2-383 b","K2-383",282.0087650,-18.3795798,1.86596200000,,1.56400000,3.07000000,,2022,"Transit",
"K2-366 b","K2-366",243.6800912,-19.3468837,15.93703900000,,2.35900000,6.16000000,,2022,"Transit",
"iot Dra c","iot Dra",231.2323227,58.9661403,25000.00000000000,19.4000000000,12.20000000,4958.12314920,169.31,2021,"Radial Velocity",0.455000
"K2-373 b","K2-373",123.1361518,13.6884986,11.02066000000,,2.06100000,4.90000000,,2022,"Transit",
"K2-367 b","K2-367",337.8588454,-13.2644554,20.64509900000,,2.41300000,6.41000000,,2022,"Transit",
"HD 160691 c","HD 160691",266.0361585,-51.8348751,3947.00000000000,4.1700000000,,1398.44499080,157.21,2004,"Radial Velocity",0.039000
"HD 160691 d","HD 160691",266.0361585,-51.8348751,9.63920000000,0.0952000000,3.23000000,10.49000000,900.00,2004,"Radial Velocity",0.000000
"K2-384 f","K2-384",20.4998403,0.7509701,13.62749000000,,2.22200000,5.57000000,,2022,"Transit",
"K2-369 b","K2-369",329.7262534,-10.8750666,5.76161200000,,1.31300000,2.28000000,,2022,"Transit",
"TOI-620 b","TOI-620",142.1734459,-12.1671652,5.09881790000,0.0482500000,3.76000000,13.60000000,603.60,2022,"Transit",0.220000
"AB Aur b","AB Aur",73.9410446,30.5510888,,93.9000000000,12.50000000,2860.45566300,83.63,2022,"Imaging",0.400000
"HD 33142 b","HD 33142",76.8980559,-13.9863374,330.00000000000,1.0740000000,13.70000000,400.46379282,477.50,2011,"Radial Velocity",0.049000
"K2-384 e","K2-384",20.4998403,0.7509701,9.71504300000,,1.34500000,2.37000000,,2022,"Transit",
"K2-371 b","K2-371",128.0670932,11.6307099,3.11490500000,,13.02400000,,956.83,2022,"Transit",
"K2-372 b","K2-372",130.7988719,13.0094226,9.84407700000,,2.94500000,8.98000000,,2022,"Transit",
"TYC 2187-512-1 b","TYC 2187-512-1",320.5266829,22.9319351,691.90000000000,1.2200000000,12.50000000,104.88337431,114.69,2022,"Radial Velocity",0.050000
"HD 160691 e","HD 160691",266.0361585,-51.8348751,307.90000000000,0.9600000000,,2224.79884900,327.66,2006,"Radial Velocity",0.066600
"K2-393 b","K2-393",348.5159113,-0.0821031,10.41318100000,,2.35200000,6.13000000,,2022,"Transit",
"K2-375 b","K2-375",130.5013137,20.3593003,14.45389500000,,2.24300000,5.66000000,,2022,"Transit",
"HIP 94235 b","HIP 94235",287.7411441,-60.2726358,7.71305700000,0.0787000000,3.00000000,379.00000000,1060.00,2022,"Transit",0.320000
"KOI-984 c","KOI-984",291.0489438,36.8400772,21.51200000000,0.1467000000,14.10000000,209.80000000,597.00,2022,"Transit Timing Variations",0.380000
"K2-389 c","K2-389",355.6304152,-9.7135814,20.85133700000,,2.04000000,4.82000000,,2022,"Transit",
"K2-390 b","K2-390",355.7023860,-9.5887124,3.31279200000,,4.66200000,19.60000000,1119.00,2022,"Transit",
"HD 73583 b","HD 73583",129.6883026,-13.2565267,6.39804200000,0.0604000000,2.79000000,10.20000000,714.00,2022,"Transit",0.090000
"HD 103891 b","HD 103891",179.4382907,-8.5486195,1919.00000000000,3.2700000000,13.20000000,918.52409623,241.25,2022,"Radial Velocity",0.310000
"HD 105779 b","HD 105779",182.6612053,-16.9564908,2412.00000000000,3.3800000000,14.10000000,203.41018048,147.29,2022,"Radial Velocity",0.000000
"HD 33142 d","HD 33142",76.8980559,-13.9863374,89.90000000000,0.4520000000,9.32000000,63.56568140,736.04,2022,"Radial Velocity",0.191000
"HD 19615 b","HD 19615",48.7813299,73.8680150,402.00000000000,1.1000000000,12.60000000,2701.54145950,1113.92,2022,"Radial Velocity",0.200000
"K2-391 b","K2-391",356.2260152,-7.7015151,4.62265400000,,1.37100000,2.45000000,,2022,"Transit",
"HD 73583 c","HD 73583",129.6883026,-13.2565267,18.87974000000,0.1242000000,2.39000000,9.70000000,498.00,2022,"Transit",0.080000
"GJ 411 b","GJ 411",165.8344710,35.9723170,12.93940000000,0.0787900000,1.45000000,2.69000000,349.83,2019,"Radial Velocity",0.063000
"TOI-1064 c","TOI-1064",296.0039349,-47.5620305,12.22657400000,0.0942900000,2.65100000,2.50000000,634.00,2022,"Transit",0.088000
"K2-316 b","K2-316",233.6247336,-23.2594663,1.13300000000,0.0147000000,1.33000000,2.33000000,841.00,2020,"Transit",
"HD 95735 c","GJ 411",165.8344710,35.9723170,2946.00000000000,2.9400000000,3.76000000,13.60000000,63.49,2021,"Radial Velocity",0.132000
"TOI-2669 b","TOI-2669",134.7226445,-13.3125792,6.20340000000,,19.72780603,193.87532827,1226.00,2022,"Transit",0.090000
"TOI-4329 b","TOI-4329",329.5639152,71.1316048,2.92230000000,,16.81347105,143.02278315,2027.12,2022,"Transit",0.068000
"K2-397 b","K2-397",79.9516586,21.2591617,3.57232600000,,2.41700000,6.42000000,,2022,"Transit",
"K2-316 c","K2-316",233.6247336,-23.2594663,5.26000000000,0.0582000000,1.83000000,4.01000000,423.00,2020,"Transit",
"TOI-2046 b","TOI-2046",16.1849423,74.3313055,1.49718420000,,16.14093221,731.00533610,1828.82,2022,"Transit",
"Kepler-1656 c","Kepler-1656",284.4722473,39.9118890,1919.00000000000,3.0530000000,14.00000000,126.40000000,161.19,2022,"Radial Velocity",0.527000
"TOI-206 b","TOI-206",73.7382202,-62.5218740,0.73631040000,0.0112000000,1.30000000,2.24000000,910.00,2022,"Transit",
"K2-398 c","K2-398",161.7349738,1.9367044,18.78783900000,,5.09800000,22.80000000,,2022,"Transit",
"K2-319 b","K2-319",166.8010058,3.0399357,26.68000000000,0.1516000000,2.79000000,8.20000000,641.00,2020,"Transit",
"mu2 Sco b","mu2 Sco",253.0838724,-38.0176339,,242.4000000000,12.30000000,4576.72906080,159.05,2022,"Imaging",0.560000
"TOI-1693 b","TOI-1693",90.3083455,34.7730904,1.76669570000,0.0226000000,1.41000000,2.57000000,764.00,2022,"Transit",
"K2-402 b","K2-402",161.4519130,6.4193180,17.27474000000,,2.67800000,7.65000000,,2022,"Transit",
"K2-323 b","K2-323",159.4209874,6.2858689,24.93000000000,0.1275000000,2.10000000,5.06000000,318.00,2020,"Transit",
"HD 81040 b","HD 81040",140.9455027,20.3646078,1002.70000000000,1.9460000000,12.60000000,2301.07766668,189.77,2005,"Radial Velocity",0.525000
"HD 171238 b","HD 171238",278.6818389,-28.0727849,1515.00000000000,2.5180000000,12.50000000,2796.88998160,166.96,2009,"Radial Velocity",0.358000
"HD 87883 b","HD 87883",152.1794175,34.2419984,3006.00000000000,3.7700000000,12.70000000,2005.49724817,110.52,2009,"Radial Velocity",0.720000
"TOI-2411 b","TOI-2411",20.9224567,-8.7017944,0.78269420000,0.0144000000,1.68000000,3.46000000,1355.00,2022,"Transit",
"K2-404 b","K2-404",160.3249517,12.1911149,13.11536500000,,2.53000000,6.94000000,,2022,"Transit",
"K2-325 b","K2-325",353.9169507,-7.6867213,6.93000000000,0.0419000000,2.20000000,5.48000000,423.00,2020,"Transit",
"HD 106515 A b","HD 106515 A",183.7762699,-7.2575413,3626.00000000000,4.4800000000,12.10000000,6006.95689230,116.53,2012,"Radial Velocity",0.571000
"KMT-2017-BLG-2509L b","KMT-2017-BLG-2509L",265.5898750,-26.3171500,,2.1400000000,13.40000000,664.26137063,,2021,"Microlensing",
"K2-406 b","K2-406",230.8872242,-25.3706149,22.54940600000,,4.60200000,19.20000000,,2022,"Transit",
"K2-326 b","K2-326",351.6122620,1.3375909,1.25600000000,0.0198000000,2.28000000,5.82000000,1114.00,2020,"Transit",
"TOI-5153 b","TOI-5153",91.5403204,-19.9534443,20.33003000000,0.1580000000,11.88151954,1036.12060682,906.00,2022,"Transit",0.091000
"NGTS-20 b","NGTS-20",46.2926368,-21.9336472,54.18915000000,0.3130000000,11.99360935,947.12865286,688.00,2022,"Transit",0.432000
"HD 29021 b","HD 29021",69.4681379,60.6762985,1365.00000000000,2.2940000000,12.90000000,1420.69297929,163.20,2017,"Radial Velocity",0.453000
"KMT-2021-BLG-0912L b","KMT-2021-BLG-0912L",269.8211667,-31.9976389,,3.1400000000,1.49000000,2.81000000,,2022,"Microlensing",
"K2-407 c","K2-407",232.5552584,-23.0067371,9.22453000000,,1.36000000,2.42000000,,2022,"Transit",
"K2-199 b","K2-199",208.9014508,-6.1360833,3.22539930000,0.0382000000,1.73000000,6.90000000,913.00,2018,"Transit",0.020000
"Ross 508 b","Ross 508",230.9613022,17.4605347,10.77000000000,0.0536600000,1.83000000,4.00000000,293.86,2022,"Radial Velocity",0.330000
"K2-387 b","K2-387",19.4418282,11.3684915,28.73532700000,,7.32200000,42.20000000,,2022,"Transit",
"K2-374 b","K2-374",137.3794986,16.3558324,4.52195300000,,1.59300000,3.16000000,,2022,"Transit",
"HD 136118 b","HD 136118",229.7306046,-1.5922913,1187.59765000000,2.3270000000,12.30000000,4164.18778851,249.62,2022,"Radial Velocity",0.344000
"HD 140901 b","HD 140901",236.8689866,-37.9172333,9.02378000000,0.0850000000,4.07000000,15.57359194,904.37,2022,"Radial Velocity",0.472000
"HD 93351 c","HD 93351",161.6779279,-1.6885763,14010.29410000000,11.1540000000,12.30000000,4154.01727949,74.54,2022,"Radial Velocity",0.109000
"GJ 2030 b","GJ 2030",50.8237604,-7.7950429,2.38129000000,0.0340000000,2.03000000,4.76742611,2147.31,2022,"Radial Velocity",0.239000
"TOI-2570 b","TOI-2570",87.1880397,32.0840435,2.98876150000,0.0414500000,13.64132951,260.61929374,1431.00,2022,"Transit",0.000000
"HD 113337 b","HD 113337",195.4438496,63.6103280,317.58639000000,1.0220000000,13.10000000,1035.80277841,395.73,2013,"Radial Velocity",0.280000
"HIP 97233 b","HIP 97233",296.4221207,-0.6968794,1062.26506000000,2.4910000000,12.10000000,6098.17364511,354.42,2014,"Radial Velocity",0.630000
"HD 144899 b","HD 144899",242.5721002,-47.9146826,40.43914000000,0.2420000000,4.77000000,20.34101805,770.87,2022,"Radial Velocity",0.821000
"HD 142 A d","HD 142",1.5836771,-49.0753625,108.45299000000,0.4740000000,10.90000000,82.63538582,530.32,2022,"Radial Velocity",0.130000
"GJ 2030 c","GJ 2030",50.8237604,-7.7950429,25533.11353000000,16.7610000000,12.30000000,4069.15709482,96.71,2022,"Radial Velocity",0.041000
"GJ 3222 b","GJ 3222",50.8972464,-40.0762325,10.66669000000,0.0910000000,3.40000000,11.44182265,811.06,2022,"Radial Velocity",0.929000
"GJ 680 b","GJ 680",263.8072214,-48.6788427,17281.66514000000,10.1380000000,12.00000000,7977.49301570,36.57,2022,"Radial Velocity",0.381000
"TOI-3540 A b","TOI-3540 A",328.9113712,28.1794996,3.11999900000,0.0428900000,23.53885947,375.03752026,1498.00,2022,"Transit",0.000000
"TOI-3331 A b","TOI-3331 A",271.3241672,-34.1071710,2.01802310000,0.0314400000,12.97999965,721.47048389,1488.00,2022,"Transit",0.000000
"TOI-3693 b","TOI-3693",15.6543938,51.3038918,9.08851600000,0.0813000000,12.59889431,324.18497514,801.00,2022,"Transit",0.000000
"HD 145934 b","HD 145934",243.2912249,13.2394527,2751.53433000000,4.8900000000,13.40000000,658.54045930,276.92,2015,"Radial Velocity",0.078000
"HD 151450 b","HD 151450",252.0080127,-15.9643450,21.89288000000,0.1600000000,6.94000000,38.45723725,795.00,2022,"Radial Velocity",0.496000
"HD 149806 b","HD 149806",249.2855187,0.2546794,16521.52778000000,12.4040000000,12.30000000,4003.68444298,69.13,2022,"Radial Velocity",0.357000
"HD 151450 c","HD 151450",252.0080127,-15.9643450,18144.76236000000,14.1310000000,12.80000000,1636.18063924,84.59,2022,"Radial Velocity",0.138000
"HD 115404 A b","HD 115404 A",199.2155793,17.0160384,10.49488000000,0.0880000000,6.09000000,30.82935548,695.65,2022,"Radial Velocity",0.232000
"TOI-2196 b","TOI-2196",312.3400744,-70.4850723,1.19472680000,0.0223400000,3.51000000,26.00000000,1860.00,2022,"Transit",0.000000
"HD 191806 b","HD 191806",302.3687580,52.2767265,1603.38923000000,2.7490000000,12.50000000,2966.61035094,206.98,2016,"Radial Velocity",0.213000
"HD 153557 c","HD 153557",254.4706516,47.3678558,15.27018000000,0.1110000000,4.36000000,17.48056238,604.33,2022,"Radial Velocity",0.511000
"HD 153557 d","HD 153557",254.4706516,47.3678558,40654.64809000000,21.4490000000,11.90000000,8725.66108578,43.47,2022,"Radial Velocity",0.152000
"HD 12235 c","HD 12235",30.0391601,3.0959098,36336.70679000000,22.2100000000,12.50000000,3135.69506346,82.22,2022,"Radial Velocity",0.174000
"HD 56414 b","HD 56414",107.8436846,-68.8333403,29.04992000000,0.2290000000,3.71000000,13.30000000,1133.00,2022,"Transit",0.680000
"GJ 896 A b","GJ 896 A",352.9700384,19.9370011,284.39000000000,0.6396500000,13.30000000,718.29219982,126.70,2022,"Astrometry",0.350000
"GJ 676 A c","GJ 676 A",262.5448903,-51.6377777,13921.42302000000,9.7260000000,12.30000000,4288.14086724,47.96,2016,"Radial Velocity",0.295000
"HD 219828 c","HD 219828",349.6947029,18.6457524,4789.87297000000,5.6570000000,12.20000000,5102.41724598,149.17,2016,"Radial Velocity",0.811000
"HD 72892 b","HD 72892",128.7195554,-14.4574311,39.44603000000,0.2280000000,12.80000000,1737.88572948,634.46,2016,"Radial Velocity",0.419000
"HD 155918 b","HD 155918",260.5364025,-75.3492390,1.87567000000,0.0300000000,2.67000000,7.62788177,1622.13,2022,"Radial Velocity",0.194000
"TOI-2048 b","TOI-2048",237.9241066,52.3063083,13.79019000000,,2.61000000,7.32000000,646.00,2022,"Transit",0.130000
"HD 111232 b","HD 111232",192.2159553,-68.4246679,1169.13202000000,2.1480000000,12.60000000,2531.50326176,172.05,2003,"Radial Velocity",0.214000
"HD 10697 b","HD 10697",26.2324076,20.0826974,1075.37990000000,2.0510000000,12.80000000,1825.28854140,259.25,1999,"Radial Velocity",0.104000
"HD 125612 b","HD 125612",215.2227183,-17.4818147,557.69994000000,1.3490000000,13.20000000,945.22168242,253.38,2007,"Radial Velocity",0.446000
"HIP 67537 b","HIP 67537",207.5808445,-39.9008996,2523.64713000000,4.8070000000,12.30000000,4309.11754211,323.20,2017,"Radial Velocity",0.586000
"HD 156098 c","HD 156098",259.2646870,-32.6630768,7841.58390000000,8.4150000000,12.80000000,1661.60691180,177.18,2022,"Radial Velocity",0.391000
"HD 156098 b","HD 156098",259.2646870,-32.6630768,21.85849000000,0.1670000000,4.12000000,15.89142035,1257.73,2022,"Radial Velocity",0.109000
"HD 168863 b","HD 168863",275.6642157,-18.0219726,14773.93272000000,10.9610000000,12.70000000,2154.87659946,63.01,2022,"Radial Velocity",0.187000
"HIP 19976 b","HIP 19976",64.2597881,-40.7985198,50.65905000000,0.2340000000,4.94000000,21.61233168,378.10,2022,"Radial Velocity",0.304000
"HD 203387 c","HD 203387",320.5617820,-16.8345229,2481.07227000000,5.0670000000,12.60000000,2378.94562640,360.63,2022,"Radial Velocity",0.202000
"HIP 35965 b","HIP 35965",111.2025182,-51.3257507,26125.56497000000,15.8980000000,12.60000000,2589.98368864,48.85,2022,"Radial Velocity",0.138000
"HD 125612 c","HD 125612",215.2227183,-17.4818147,4.15466000000,0.0510000000,4.07000000,15.57359194,1303.14,2009,"Radial Velocity",0.149000
"HD 125612 d","HD 125612",215.2227183,-17.4818147,2822.72698000000,3.9820000000,12.70000000,2281.37230545,147.48,2009,"Radial Velocity",0.115000
"HD 156279 c","HD 156279",258.0966686,63.3527828,4818.25358000000,5.4860000000,12.50000000,3098.82696825,109.42,2016,"Radial Velocity",0.261000
"HD 27894 d","HD 27894",65.1975693,-59.4096776,5019.54244000000,5.3620000000,12.70000000,2063.65984665,95.87,2017,"Radial Velocity",0.343000
"HD 181234 b","HD 181234",289.9998695,-9.3249700,7593.40512000000,7.4270000000,12.50000000,2980.91262925,98.09,2019,"Radial Velocity",0.726000
"HD 18143 b","HD 18143",43.9140248,26.8723829,10.28510000000,0.0880000000,3.28000000,10.80616584,769.92,2022,"Radial Velocity",0.224000
"HIP 948 b","HIP 948",2.9276336,-39.2304879,24955.45756000000,15.0370000000,12.10000000,6547.26518420,46.40,2022,"Radial Velocity",0.230000
"HD 139357 b","HD 139357",233.8173564,53.9221505,1124.79139000000,2.9490000000,12.10000000,6315.56827550,446.97,2008,"Radial Velocity",0.099000
"HD 25015 b","HD 25015",59.4335463,-20.2673347,6134.42700000000,6.2480000000,12.50000000,2884.92845034,90.69,2019,"Radial Velocity",0.341000
"HD 188641 b","HD 188641",299.4048303,-37.7448845,14583.81038000000,12.0270000000,11.90000000,9333.03117155,114.36,2022,"Radial Velocity",0.034000
"HD 168443 b","HD 168443",275.0159879,-9.5966905,58.11187000000,0.2920000000,12.60000000,2424.39508860,641.03,1998,"Radial Velocity",0.530000
"HD 156279 b","HD 156279",258.0966686,63.3527828,133.40355000000,0.5020000000,12.50000000,2997.75753482,361.73,2011,"Radial Velocity",0.647000
"HD 168443 c","HD 168443",275.0159879,-9.5966905,1753.10960000000,2.8420000000,12.20000000,5500.33841154,205.47,2000,"Radial Velocity",0.210000
"GJ 229 A c","GJ 229",92.6435993,-21.8677233,121.93268000000,0.3840000000,2.87000000,8.58136699,188.10,2020,"Radial Velocity",0.366000
"HD 81817 b","HD 81817",144.2715659,81.3263096,1021.20159000000,3.2330000000,12.00000000,7668.56380410,1016.37,2020,"Radial Velocity",0.097000
"HD 204313 e","HD 204313",322.0510568,-21.7274194,7325.64666000000,7.4570000000,12.20000000,4868.17771002,106.81,2022,"Radial Velocity",0.253000
"HD 169830 c","HD 169830",276.9561859,-29.8167919,1818.82339000000,3.0750000000,12.60000000,2437.42605328,241.03,2003,"Radial Velocity",0.246000
"HIP 56640 b","HIP 56640",174.2008941,-37.0391349,2675.57603000000,4.5500000000,12.70000000,2151.69831539,239.37,2021,"Radial Velocity",0.118000
"HD 213519 b","HD 213519",337.7727845,45.1452472,11.12214000000,0.0990000000,2.99000000,9.21702380,931.36,2022,"Radial Velocity",0.413000
"HD 217786 c","HD 217786",345.7838088,-0.4303594,2.52221000000,0.0380000000,2.61000000,7.31005336,1663.13,2022,"Radial Velocity",0.399000
"TOI-3629 b","TOI-3629",359.7933851,39.3142556,3.93655100000,0.0430000000,8.29464572,82.63538582,690.00,2022,"Transit",0.050000
"HD 183263 c","HD 183263",292.1022982,8.3579183,4667.97841000000,5.5850000000,12.50000000,2958.98246917,134.60,2008,"Radial Velocity",0.051000
"HD 66428 c","HD 66428",120.8691654,-1.1636019,10478.84437000000,9.4080000000,13.50000000,560.64930995,95.52,2021,"Radial Velocity",0.207000
"HD 80869 b","HD 80869",140.7912931,33.9048294,1752.92067000000,2.9050000000,12.80000000,1609.80088146,203.20,2021,"Radial Velocity",0.924000
"HD 25912 b","HD 25912",60.9074988,-51.9315058,41.83156000000,0.2420000000,6.90000000,38.13940884,579.16,2022,"Radial Velocity",0.050000
"HD 217958 b","HD 217958",346.1365770,-25.6917758,2560.19774000000,3.7580000000,14.20000000,166.54208527,169.89,2022,"Radial Velocity",0.156000
"HD 25912 c","HD 25912",60.9074988,-51.9315058,26308.65619000000,17.8480000000,12.20000000,5252.75008249,67.44,2022,"Radial Velocity",0.051000
"HD 109988 b","HD 109988",189.8154662,-32.7263607,17132.15854000000,12.5180000000,12.10000000,6935.33366915,65.91,2022,"Radial Velocity",0.056000
"HD 28192 b","HD 28192",66.7032517,-1.7244842,14.23283000000,0.1180000000,12.20000000,99.79811980,859.98,2022,"Radial Velocity",0.104000
"HD 43197 c","HD 43197",93.3993231,-29.8971929,9295.97350000000,8.5400000000,12.60000000,2500.67390628,90.89,2022,"Radial Velocity",0.149000
"HD 38529 b","HD 38529",86.6451363,1.1675866,14.30990000000,0.1150000000,14.10000000,206.58846455,1369.46,2000,"Radial Velocity",0.256000
"HD 38529 c","HD 38529",86.6451363,1.1675866,2127.60566000000,3.2260000000,12.50000000,3299.05886466,258.56,2000,"Radial Velocity",0.357000
"HD 110537 b","HD 110537",190.7462412,-4.0501059,24469.67342000000,16.7140000000,11.90000000,8612.83200129,72.83,2022,"Radial Velocity",0.401000
"HD 56957 b","HD 56957",109.3253986,-40.6560651,5859.08992000000,6.4260000000,12.80000000,1880.90851263,145.67,2022,"Radial Velocity",0.273000
"HD 62364 c","HD 62364",113.9052658,-75.5442707,74839.94555000000,36.9840000000,12.00000000,7923.46218651,58.70,2022,"Radial Velocity",0.773000
"TOI-712 c","TOI-712",92.9361063,-65.8258386,51.69906000000,0.2447000000,2.70100000,7.76000000,369.90,2022,"Transit",0.089000
"TOI-712 d","TOI-712",92.9361063,-65.8258386,84.83960000000,0.3405000000,2.47400000,6.68000000,313.60,2022,"Transit",0.073000
"HD 43197 b","HD 43197",93.3993231,-29.8971929,308.92072000000,0.8820000000,14.20000000,175.75910907,282.81,2010,"Radial Velocity",0.742000
"HD 4113 b","HD 4113",10.8027515,-37.9831248,526.52390000000,1.2800000000,13.50000000,541.26177712,251.65,2007,"Radial Velocity",0.899000
"HD 111232 c","HD 111232",192.2159553,-68.4246679,26472.44623000000,17.2500000000,12.20000000,5740.93451564,60.71,2022,"Radial Velocity",0.558000
"HD 62549 b","HD 62549",116.0821439,-5.0541223,14306.88519000000,11.8420000000,12.60000000,2707.58019923,92.25,2022,"Radial Velocity",0.150000
"KMT-2021-BLG-0171L b","KMT-2021-BLG-0171L",269.2416667,-30.0930556,,3.5000000000,3.35000000,11.20000000,,2022,"Microlensing",
"HD 73267 b","HD 73267",129.0735123,-34.4594469,1257.99159000000,2.2290000000,13.00000000,1321.53051631,165.89,2008,"Radial Velocity",0.261000
"HD 11505 b","HD 11505",28.2750265,-1.3284416,32669.22247000000,20.2470000000,12.60000000,2510.52658689,67.46,2022,"Radial Velocity",0.144000
"HD 80913 b","HD 80913",138.1021548,-81.7684510,10839.83341000000,9.9500000000,12.00000000,7505.20000290,118.23,2022,"Radial Velocity",0.313000
"HD 81817 c","HD 81817",144.2715659,81.3263096,622.97802000000,2.3250000000,12.00000000,7185.78245386,1198.52,2022,"Radial Velocity",0.095000
"TOI-2207 b","TOI-2207",307.5966925,-44.8876181,8.00196800000,0.0854000000,11.15293580,203.41018048,1259.00,2022,"Transit",0.174000
"HD 86264 b","HD 86264",149.2409308,-15.8953993,1488.79123000000,2.7630000000,12.50000000,3117.26101586,247.01,2009,"Radial Velocity",0.821000
"HD 8673 b","HD 8673",21.5378455,34.5793389,1644.69097000000,2.9700000000,12.30000000,4210.59073594,219.11,2009,"Radial Velocity",0.730000
"HD 127506 b","HD 127506",217.6848544,35.4546059,65.78395000000,0.2870000000,5.67000000,27.33324300,354.80,2022,"Radial Velocity",0.240000
"HD 135872 b","HD 135872",229.4213643,-5.2024735,2422.32597000000,4.1720000000,12.80000000,1744.56012602,233.64,2022,"Radial Velocity",0.164000
"HD 86065 b","HD 86065",148.9256674,-18.1069385,25775.78859000000,15.9470000000,12.50000000,2877.30056857,52.56,2022,"Radial Velocity",0.219000
"HD 88072 b","HD 88072",152.3467466,2.3710540,18538.79293000000,13.8950000000,12.60000000,2511.79790052,76.03,2022,"Radial Velocity",0.156000
"HD 93351 b","HD 93351",161.6779279,-1.6885763,2.45946000000,0.0350000000,1.69000000,3.49611248,1330.76,2022,"Radial Velocity",0.549000
"TOI-2421 b","TOI-2421",33.1540208,-35.3909182,4.34740320000,0.0543000000,10.36830715,105.83685953,1534.00,2022,"Transit",0.000000
"HD 142 c","HD 142",1.5836771,-49.0753625,10159.64279000000,9.8110000000,12.40000000,3464.64746471,116.56,2012,"Radial Velocity",0.277000
"TOI-2583 A b","TOI-2583 A",272.2670293,45.3368996,4.52072650000,0.0571000000,14.45958510,79.45710175,1456.00,2023,"Transit",0.000000
"OGLE-2018-BLG-1119L b","OGLE-2018-BLG-1119L",270.0292500,-32.3752778,,4.0600000000,13.90000000,289.22385037,,2022,"Microlensing",
"KMT-2021-BLG-1554L b","KMT-2021-BLG-1554L",267.8034167,-31.8643611,,0.7200000000,6.90000000,38.13940884,,2022,"Microlensing",
"TOI-2796 b","TOI-2796",84.1527191,0.8962788,4.80849830000,0.0569000000,17.26183028,139.84449908,1205.00,2023,"Transit",0.000000
"TOI-2096 b","TOI-2096",151.6186989,74.8272107,3.11906330000,0.0250000000,1.24300000,2.08000000,445.00,2023,"Transit",0.150000
"KMT-2021-BLG-1898L b","KMT-2021-BLG-1898L",265.6918750,-27.3758389,,1.9000000000,14.00000000,232.01473711,,2022,"Microlensing",
"GJ 338 B b","GJ 338 B",138.5916722,52.6835211,24.42200000000,0.1420000000,3.25000000,10.60000000,391.00,2020,"Radial Velocity",0.109000
"TOI-2842 b","TOI-2842",108.0442066,-10.6393400,3.55140580000,0.0475000000,12.84549188,117.59651059,1471.00,2023,"Transit",0.000000
"TOI-4603 b","TOI-4603",83.8659288,21.2942417,7.24599000000,0.0888000000,11.67975789,4096.80816623,1677.00,2023,"Transit",0.325000
"KMT-2021-BLG-0712L b","KMT-2021-BLG-0712L",269.2856667,-31.1844694,,2.2200000000,6.91000000,38.19000000,,2023,"Microlensing",
"KMT-2021-BLG-0909L b","KMT-2021-BLG-0909L",265.6202083,-27.6391389,,1.7500000000,13.70000000,400.46379282,,2023,"Microlensing",
"MASCARA-1 b","MASCARA-1",317.5515264,10.7388967,2.14877381000,0.0403520000,17.90074218,1175.97100000,2594.30,2017,"Transit",0.000340
"K2-38 b","K2-38",240.0333095,-23.1894196,4.01593000000,0.0499400000,1.54000000,7.30000000,1266.00,2016,"Transit",0.197000
"TOI-3364 b","TOI-3364",144.5377709,-49.3352226,5.87689180000,0.0675000000,12.22899794,530.77343969,1264.00,2023,"Transit",0.000000
"KMT-2021-BLG-2478L b","KMT-2021-BLG-2478L",269.3092083,-29.1019694,,1.8500000000,13.90000000,286.04556630,,2023,"Microlensing",
"KMT-2021-BLG-1105L b","KMT-2021-BLG-1105L",265.7322500,-25.5089111,,3.5400000000,13.60000000,413.17692910,,2023,"Microlensing",
"K2-414 b","K2-414",351.6361913,-4.6066569,4.36960000000,0.0487000000,1.21900000,1.98000000,811.92,2022,"Transit",
"TOI-4582 b","TOI-4582",256.8601374,68.8656263,31.03400000000,,10.53644186,168.44905571,614.66,2023,"Transit",0.510000
"TOI-942 c","TOI-942",76.6496172,-20.2456126,10.15627200000,0.0859800000,4.67000000,37.00000000,772.63,2020,"Transit",0.320000
"TOI-733 b","TOI-733",159.4093183,-40.8882590,4.88476500000,0.0618000000,1.99200000,5.72000000,1055.80,2023,"Transit",0.046000
"Kepler-20 c","Kepler-20",287.6979913,42.3385782,10.85407740000,0.0936000000,2.89400000,11.10000000,828.00,2011,"Transit",0.076000
"HIP 21152 b","HIP 21152",68.0205209,5.4100745,22000.00000000000,17.0000000000,12.00000000,7627.88176800,1300.00,2022,"Imaging",0.360000
"OGLE-2019-BLG-0468L c","OGLE-2019-BLG-0468L",266.4060000,-24.4472778,,2.7700000000,12.50000000,3248.20631954,,2022,"Microlensing",
"OGLE-2019-BLG-0468L b","OGLE-2019-BLG-0468L",266.4060000,-24.4472778,,3.2900000000,13.10000000,1090.15143601,,2022,"Microlensing",
"TOI-3976 A b","TOI-3976 A",224.3560083,44.2743223,6.60766200000,0.0743000000,12.27383387,55.61997123,1295.00,2023,"Transit",0.000000
"KMT-2017-BLG-1003L b","KMT-2017-BLG-1003L",265.4115000,-24.3739389,,1.3800000000,2.13000000,5.19000000,,2023,"Microlensing",
"TOI-4087 b","TOI-4087",217.9257785,83.3727061,3.17748350000,0.0446900000,13.04725353,232.01473711,1458.00,2023,"Transit",0.000000
"TOI-942 b","TOI-942",76.6496172,-20.2456126,4.32421000000,0.0486600000,3.89000000,826.35800000,1120.00,2020,"Transit",0.340000
"KMT-2021-BLG-0240L b","KMT-2021-BLG-0240L",267.5772917,-30.0049694,,2.8000000000,9.60000000,66.74396547,,2022,"Microlensing",
"KMT-2017-BLG-0673L b","KMT-2017-BLG-0673L",264.7570417,-33.8080278,,2.3400000000,13.00000000,1166.43025369,,2022,"Microlensing",
"KMT-2019-BLG-1367L b","KMT-2019-BLG-1367L",272.4713333,-29.7622111,,1.7000000000,1.85000000,4.08000000,,2023,"Microlensing",
"OGLE-2017-BLG-1806L b","OGLE-2017-BLG-1806L",266.6232500,-24.2722694,,1.7500000000,2.15000000,5.27000000,,2023,"Microlensing",
"TOI-4791 b","TOI-4791",109.3883818,-19.8289392,4.28088000000,0.0555000000,12.44196858,734.18362017,1472.00,2023,"Transit",0.000000
"EPIC 229004835 b","EPIC 229004835",186.4860415,-1.4047214,16.14113200000,0.1237000000,2.33200000,10.40000000,804.00,2023,"Transit",0.230000
"OGLE-2019-BLG-1053L b","OGLE-2019-BLG-1053L",270.1663750,-27.3415833,,3.4000000000,1.38000000,2.48000000,,2021,"Microlensing",
"KMT-2019-BLG-2974L b","KMT-2019-BLG-2974L",267.8520833,-29.4231611,,2.0000000000,11.40000000,88.99195396,,2022,"Microlensing",
"OGLE-2019-BLG-1470L AB c","OGLE-2019-BLG-1470L A",271.9492083,-27.0335556,,3.2000000000,13.30000000,699.22249540,,2022,"Microlensing",
"HD 23472 b","HD 23472",55.4590314,-62.7672667,17.66708700000,0.1162000000,2.00000000,8.32000000,543.00,2019,"Transit",0.072000
"HD 191939 c","HD 191939",302.0256247,66.8503014,28.57974300000,0.1752000000,3.19500000,8.00000000,600.00,2020,"Transit",0.034000
"OGLE-2018-BLG-0506L b","OGLE-2018-BLG-0506L",267.6298333,-31.9240556,,3.0000000000,4.18000000,16.30000000,,2022,"Microlensing",
"TIC 279401253 b","TIC 279401253",57.6572277,-15.0262251,76.80000000000,0.3690000000,11.20898070,1951.46641898,486.37,2023,"Transit",0.448000
"HD 23472 c","HD 23472",55.4590314,-62.7672667,29.79749000000,0.1646000000,1.87000000,3.41000000,467.00,2019,"Transit",0.063000
"HD 23472 f","HD 23472",55.4590314,-62.7672667,12.16218390000,0.0906000000,1.13700000,0.77000000,630.00,2022,"Transit",0.070000
"OGLE-2019-BLG-1492L b","OGLE-2019-BLG-1492L",270.0964583,-28.6311389,,2.7000000000,6.79000000,37.10000000,,2022,"Microlensing",
"TIC 279401253 c","TIC 279401253",57.6572277,-15.0262251,155.30000000000,0.5910000000,12.60000000,2548.98382414,384.31,2023,"Transit",0.254000
"TOI-1811 b","TOI-1811",188.9223576,27.2143766,3.71307650000,0.0438900000,11.14172682,308.92921160,962.20,2023,"Transit",0.052000
"HD 23472 d","HD 23472",55.4590314,-62.7672667,3.97664000000,0.0429800000,0.75000000,0.55000000,909.00,2022,"Transit",0.070000
"HD 23472 e","HD 23472",55.4590314,-62.7672667,7.90754000000,0.0680000000,0.81800000,0.72000000,723.00,2022,"Transit",0.070000
"HATS-54 b","HATS-54",200.6348641,-44.6888393,2.54417650000,0.0370000000,11.37711541,239.32479047,1429.00,2019,"Transit",0.000000
"HD 45364 c","HD 45364",96.4105736,-31.4810037,345.43000000000,0.9020000000,14.20000000,174.48779544,261.82,2008,"Radial Velocity",0.019000
"KMT-2021-BLG-1253L b","KMT-2021-BLG-1253L",267.6172083,-29.2792806,,1.5200000000,4.59000000,19.05000000,,2022,"Microlensing",
"TOI-1839 b","TOI-1839",196.8331106,5.8520458,1.42378280000,0.0235500000,2.27000000,7.10000000,1585.00,2026,"Transit",
"NGTS-23 b","NGTS-23",70.4322947,-40.0445299,4.07643260000,0.0504000000,14.20177855,194.82881349,1327.00,2022,"Transit",0.000000
"NGTS-24 b","NGTS-24",168.5638892,-37.9101328,3.46787960000,0.0479000000,13.60770257,165.27077164,1499.00,2022,"Transit",0.000000
"NGTS-25 b","NGTS-25",307.4182976,-39.0323568,2.82309300000,0.0388000000,11.46678726,203.09235207,1101.00,2022,"Transit",0.000000
"KMT-2021-BLG-1372L b","KMT-2021-BLG-1372L",264.4885417,-28.1483889,,2.3700000000,9.12000000,61.27000000,,2022,"Microlensing",
"TOI-2497 b","TOI-2497",90.0625878,11.8840577,10.65566900000,0.1166000000,11.14172682,1531.93292174,1595.00,2023,"Transit",0.195000
"TOI-5542 b","TOI-5542",302.7984228,-61.1354659,75.12375000000,0.3320000000,11.30986153,419.53349724,441.00,2022,"Transit",0.018000
"TOI-2338 b","TOI-2338",81.3445824,-34.6682491,22.65398000000,0.1580000000,11.20898070,1900.61387386,799.00,2023,"Transit",0.676000
"KMT-2021-BLG-1077L b","KMT-2021-BLG-1077L",266.4891250,-33.8428111,,1.2600000000,9.86000000,69.92224954,,2022,"Microlensing",
"PZ Tel b","PZ Tel",283.2745823,-50.1808952,44000.00000000000,27.0000000000,11.90000000,8581.36698900,53.77,2023,"Imaging",0.520000
"KMT-2018-BLG-0030L b","KMT-2018-BLG-0030L",264.5166667,-28.0416250,,4.3900000000,13.60000000,460.85119015,,2022,"Microlensing",
"MOA-2020-BLG-135L b","MOA-2020-BLG-135L",268.4235000,-29.8075667,,1.1100000000,3.37000000,11.30000000,,2022,"Microlensing",
"TOI-2364 b","TOI-2364",89.1300265,-5.0120298,4.01975170000,0.0487100000,8.60849718,71.51139158,1091.00,2023,"Transit",0.000000
"OGLE-2018-BLG-0298L b","OGLE-2018-BLG-0298L",264.2845000,-29.7091111,,2.8600000000,7.56000000,44.49597698,,2022,"Microlensing",
"TOI-969 c","TOI-969",115.1366858,2.0985879,1700.00000000000,2.5200000000,12.40000000,3591.46099910,96.40,2022,"Radial Velocity",0.628000
"OGLE-2006-BLG-284L A b","OGLE-2006-BLG-284L A",269.6592500,-29.1366667,,2.1700000000,14.30000000,144.00000000,,2020,"Microlensing",
"K2-3 d","K2-3",172.3353708,-1.4551364,44.55603000000,0.2014000000,1.45800000,2.20000000,305.20,2015,"Transit",0.091000
"K2-3 c","K2-3",172.3353708,-1.4551364,24.64672900000,0.1357000000,1.58200000,2.68000000,371.80,2015,"Transit",0.048000
"HD 111998 b","HD 111998",193.2953521,-3.5531133,810.00000000000,1.9100000000,12.90000000,1525.57635360,275.49,2016,"Radial Velocity",0.130000
"HIP 70849 b","HIP 70849",217.3270762,-46.4646840,3649.00000000000,3.9900000000,12.90000000,1430.22783150,78.85,2011,"Radial Velocity",0.650000
"HD 114783 c","HD 114783",198.1818436,-2.2649921,4352.00000000000,5.0000000000,13.40000000,603.87397330,101.53,2016,"Radial Velocity",0.050000
"Kepler-409 b","Kepler-409",293.6792058,46.8527337,68.95832160000,0.3192000000,1.19900000,6.00000000,438.00,2014,"Transit",0.690000
"Kepler-20 f","Kepler-20",287.6979913,42.3385782,19.57832800000,0.1387000000,0.95200000,1.40000000,681.00,2011,"Transit",0.094000
"KMT-2022-BLG-0440L b","KMT-2022-BLG-0440L",269.5835833,-32.2953056,,1.9000000000,4.05000000,15.40000000,,2023,"Microlensing",
"TOI-411 c","HD 22946",54.8195380,-42.7630276,9.57308300000,0.1017000000,2.32800000,9.72000000,931.00,2022,"Transit",0.160000
"HD 140901 c","HD 140901",236.8689866,-37.9172333,14386.00000000000,11.8000000000,13.40000000,572.09113260,76.76,2022,"Radial Velocity",0.770000
"Kepler-102 c","Kepler-102",281.4824731,47.2078263,7.07139200000,0.0670200000,0.56700000,1.70000000,777.00,2014,"Transit",0.094000
"K2-416 b","K2-416",349.2211822,-5.2015032,13.10200000000,0.0880000000,2.66000000,1652.70771640,447.00,2023,"Transit",
"TOI-411 b","HD 22946",54.8195380,-42.7630276,4.04029500000,0.0572700000,1.36200000,13.71000000,1241.00,2022,"Transit",0.126000
"HIP 54597 b","HIP 54597",167.6082179,-29.4143018,3274.00000000000,4.0000000000,13.30000000,762.78817680,94.00,2023,"Radial Velocity",0.030000
"HD 75302 b","HD 75302",132.3015641,3.4850141,4356.00000000000,5.3000000000,12.80000000,1716.27339780,115.76,2023,"Radial Velocity",0.390000
"Kepler-68 c","Kepler-68",291.0323102,49.0402129,9.60502700000,0.0900800000,0.97900000,1.30000000,1052.00,2013,"Transit",0.099000
"MOA-2020-BLG-208L b","MOA-2020-BLG-208L",268.4325000,-32.5893111,,2.7400000000,7.71000000,46.00000000,,2023,"Microlensing",
"HD 15906 b","HD 15906",38.2712534,-10.3521780,10.92470900000,0.0900000000,2.24000000,5.65000000,668.00,2023,"Transit",0.110000
"HIP 81208 C b","HIP 81208 C",248.8075000,-35.7247583,104100.00000000000,23.0400000000,12.30000000,4703.86042360,2050.00,2023,"Imaging",
"HD 108202 b","HD 108202",186.4613189,-1.1109233,2990.00000000000,3.7000000000,13.10000000,953.48522100,93.04,2023,"Radial Velocity",0.520000
"Kepler-323 b","Kepler-323",291.3822988,38.1274595,1.67832800000,0.0277800000,1.38100000,3.90000000,1838.00,2014,"Transit",0.095000
"HD 15906 c","HD 15906",38.2712534,-10.3521780,21.58329800000,0.1410000000,2.93000000,8.91000000,532.00,2023,"Transit",0.040000
"TOI-622 b","TOI-622",125.3050544,-46.4842959,6.40251300000,0.0708000000,9.23620010,96.30200732,1388.00,2023,"Transit",0.420000
"TOI-4201 b","TOI-4201",90.4747237,-13.4613710,3.58191940000,0.0400000000,13.67495645,788.21444936,725.00,2023,"Transit",0.041000
"HD 99492 b","HD 99492",171.6896870,3.0071331,17.05030000000,0.1200000000,5.44000000,25.50000000,622.27,2004,"Radial Velocity",0.034000
"Kepler-454 b","Kepler-454",287.4786474,38.2290751,10.57375340000,0.0952800000,2.37000000,5.40000000,916.00,2015,"Transit",0.320000
"Kepler-109 b","Kepler-109",290.3926795,40.2849074,6.48163070000,0.0701000000,2.49000000,4.90000000,1276.00,2014,"Transit",0.110000
"GJ 1252 b","GJ 1252",306.9286462,-56.4622865,0.51823310000,0.0091500000,1.19300000,1.32000000,1090.00,2020,"Transit",0.000000
"HAT-P-2 c","HAT-P-2",245.1514324,41.0479601,8500.00000000000,,12.40000000,3400.76395490,,2023,"Radial Velocity",0.370000
"TOI-858 B b","TOI-858 B",60.1998256,-54.5929177,3.27971780000,0.0443500000,14.06727078,349.61124770,1529.00,2023,"Transit",0.150000
"K2-36 b","K2-36",169.4490102,3.8665038,1.42261400000,0.0228800000,1.43000000,4.30000000,1328.00,2016,"Transit",0.093000
"K2-36 c","K2-36",169.4490102,3.8665038,5.34088800000,0.0552800000,3.20000000,7.90000000,854.00,2016,"Transit",0.089000
"Kepler-538 b","Kepler-538",297.4865503,49.6233975,81.73778000000,0.3554000000,2.21500000,12.90000000,417.00,2016,"Transit",0.210000
"TOI-1235 b","TOI-1235",152.2182549,69.2766204,3.44471400000,0.0384500000,1.69000000,6.69000000,775.00,2020,"Transit",0.049000
"TOI-1052 b","TOI-1052",337.5102738,-75.6465606,9.13970300000,0.0910300000,2.87000000,16.90000000,1135.00,2023,"Transit",0.180000
"K2-110 b","K2-110",207.3497402,-12.2849182,13.86375000000,0.1020700000,2.59200000,15.90000000,638.00,2017,"Transit",0.130000
"TOI-1634 c","TOI-1634",56.3906096,37.1122803,103.00000000000,,,,,2022,"Radial Velocity",0.000000
"TOI-2018 b","TOI-2018",229.8374423,29.2078771,7.43558300000,,2.26800000,9.20000000,576.34,2023,"Transit",0.000000
"TOI-1052 c","TOI-1052",337.5102738,-75.6465606,35.80600000000,0.2263000000,6.48000000,34.30000000,719.00,2023,"Radial Velocity",0.237000
"TOI-519 b","TOI-519",124.6067582,-19.6627918,1.26523280000,0.0159000000,11.54525012,147.15455244,687.00,2021,"Transit",0.330000
"TOI-244 b","TOI-244",10.5697537,-36.7179743,7.39722500000,0.0559000000,1.52000000,2.68000000,458.00,2023,"Transit",
"TOI-4184 b","TOI-4184",43.8284749,-79.4147039,4.90198040000,0.0336000000,2.43000000,6.48000000,412.00,2023,"Transit",
"TOI-470 b","TOI-470",94.0099043,-25.0314111,12.19148000000,0.1190000000,4.34000000,17.40000000,660.00,2023,"Transit",
"TOI-1470 b","TOI-1470",10.0891431,61.2133868,2.52709300000,0.0285000000,2.18000000,7.32000000,734.00,2023,"Transit",0.300000
"Kepler-21 b","Kepler-21",287.3619673,38.7141384,2.78582120000,0.0434000000,1.63900000,7.50000000,2015.00,2012,"Transit",0.000000
"Kepler-78 b","Kepler-78",293.7419543,44.4482521,0.35500745000,0.0090100000,1.20100000,1.68000000,2223.00,2013,"Transit",0.000000
"WISE J033605.05-014350.4 b","WISE J033605.05-014350.4",54.0210417,-1.7306944,2560.00000000000,0.9700000000,12.60000000,2622.08435775,325.00,2023,"Imaging",
"OGLE-2018-BLG-1126L b","OGLE-2018-BLG-1126L",268.3558750,-31.7247194,,3.2300000000,4.41000000,17.79839079,,2022,"Microlensing",
"HD 6860 b","HD 6860",17.4329790,35.6204990,663.87000000000,2.0300000000,11.90000000,8981.83078182,1196.06,2023,"Radial Velocity",0.280000
"TOI-1470 c","TOI-1470",10.0891431,61.2133868,18.08816000000,0.1060000000,2.47000000,7.24000000,373.00,2023,"Transit",0.500000
"K2-12 b","K2-12",173.1919022,2.2446794,8.28246000000,0.0792000000,2.44000000,5.20000000,1026.00,2015,"Transit",0.500000
"OGLE-2018-BLG-1212L b","OGLE-2018-BLG-1212L",271.0776250,-28.1940833,,1.6800000000,9.32000000,63.56568140,,2022,"Microlensing",
"GJ 649 b","GJ 649",254.5363221,25.7419719,600.10000000000,1.1120000000,10.80000000,81.99972901,120.74,2009,"Radial Velocity",0.083000
"HD 36384 b","HD 36384",84.9319998,75.0439884,490.00000000000,1.3000000000,12.70000000,2097.66748620,1032.58,2023,"Radial Velocity",0.200000
"MWC 758 c","MWC 758",82.6147199,25.3324076,,100.0000000000,,,500.00,2023,"Imaging",
"K2-2016-BLG-0005L b","K2-2016-BLG-0005L",269.8798333,-27.6074722,4700.00000000000,4.1600000000,13.70000000,349.61124770,,2023,"Microlensing",
"GJ 849 b","GJ 849",332.4229938,-4.6408317,1925.31000000000,2.3200000000,13.90000000,283.82076745,73.63,2006,"Radial Velocity",0.029000
"GJ 849 c","GJ 849",332.4229938,-4.6408317,5990.00000000000,4.9500000000,13.80000000,314.65012293,50.41,2014,"Radial Velocity",0.092000
"Kepler-68 b","Kepler-68",291.0323102,49.0402129,5.39875259000,0.0613500000,2.35700000,8.03000000,1275.00,2013,"Transit",0.090000
"Kepler-107 d","Kepler-107",297.0281620,48.2086019,7.95839000000,0.0837700000,0.86000000,7.70000000,1173.00,2014,"Transit",0.110000
"TOI-139 b","TOI-139",336.4024144,-34.9097131,11.07085000000,,2.45660000,6.60000000,561.17,2023,"Transit",
"HD 62364 b","HD 62364",113.9052658,-75.5442707,5138.00000000000,6.1500000000,12.10000000,5965.63919939,143.96,2022,"Radial Velocity",0.607000
"BD-210397 b","BD-210397",33.3024198,-21.1962147,1891.00000000000,2.6300000000,14.00000000,214.00000000,104.11,2023,"Radial Velocity",0.100000
"KMT-2022-BLG-0371L b","KMT-2022-BLG-0371L",265.3619167,-34.6986694,,3.0200000000,10.90000000,82.63538582,,2023,"Microlensing",
"WASP-79 b","WASP-79",66.3709016,-30.6004362,3.66239200000,0.0519000000,17.14974047,270.15414595,1716.20,2012,"Transit",0.000000
"Kepler-454 d","Kepler-454",287.4786474,38.2290751,4073.00000000000,5.1000000000,13.30000000,734.18362017,125.37,2023,"Radial Velocity",0.089000
"HD 74698 b","HD 74698",130.0744755,-71.8768726,15.01700000000,0.1210000000,5.12000000,23.00000000,925.57,2023,"Radial Velocity",0.100000
"HD 74698 c","HD 74698",130.0744755,-71.8768726,3449.00000000000,4.5000000000,14.00000000,126.00000000,151.77,2023,"Radial Velocity",0.200000
"GJ 9404 b","GJ 9404",184.8472095,28.3827126,13.45860000000,0.0943000000,3.48000000,11.90000000,473.50,2023,"Radial Velocity",0.490000
"GJ 832 b","GJ 832",323.3912616,-49.0125169,3853.00000000000,3.7000000000,13.80000000,314.65012293,57.84,2008,"Radial Velocity",0.050000
"Kepler-323 c","Kepler-323",291.3822988,38.1274595,3.55382290000,0.0458000000,1.57000000,6.80000000,1431.00,2014,"Transit",0.095000
"TOI-5803 b","TOI-5803",327.2487497,6.2781777,5.38305000000,,3.27320000,10.70000000,678.87,2023,"Transit",
"KMT-2019-BLG-1216L b","KMT-2019-BLG-1216L",268.4806250,-35.1366389,,2.4400000000,5.98000000,29.87587026,,2023,"Microlensing",
"TOI-1680 b","TOI-1680",292.3139790,65.9738018,4.80263450000,0.0314400000,1.46600000,2.75000000,404.00,2023,"Transit",
"HD 100777 b","HD 100777",173.9646303,-4.7555425,383.00000000000,1.0600000000,13.70000000,390.92894061,264.28,2007,"Radial Velocity",0.380000
"HD 215497 c","HD 215497",341.6527140,-56.5997984,566.00000000000,1.3100000000,13.00000000,111.23994245,198.60,2009,"Radial Velocity",0.470000
"Kepler-107 c","Kepler-107",297.0281620,48.2086019,4.90145200000,0.0606400000,1.59700000,10.00000000,1378.00,2014,"Transit",0.080000
"K2-3 b","K2-3",172.3353708,-1.4551364,10.05465350000,0.0747000000,2.07800000,5.11000000,501.30,2015,"Transit",0.107000
"Kepler-107 b","Kepler-107",297.0281620,48.2086019,3.18002180000,0.0454400000,1.53600000,3.80000000,1592.00,2014,"Transit",0.100000
"Kepler-122 d","Kepler-122",291.1118647,39.9490248,21.58747500000,0.1550000000,2.20000000,5.48000000,747.00,2014,"Transit",0.000000
"HD 167677 b","HD 167677",274.2067844,-11.4067857,1820.00000000000,2.8770000000,13.20000000,905.81095995,151.90,2023,"Radial Velocity",0.182000
"HD 165131 b","HD 165131",271.3444007,-21.6737039,2342.60000000000,3.5400000000,12.10000000,5943.39121090,155.20,2023,"Radial Velocity",0.670800
"HIP 39017 b","HIP 39017",119.7665756,-4.3326006,31000.00000000000,22.1000000000,12.00000000,7500.75040520,91.06,2024,"Imaging",0.550000
"Kepler-415 c","Kepler-415",293.8045041,38.6390517,8.70800000000,0.0695000000,2.01000000,4.70000000,543.00,2014,"Transit",0.000000
"omi UMa b","omi UMa",127.5649503,60.7177048,1569.81000000000,3.6910000000,13.00000000,1160.39151396,473.88,2012,"Radial Velocity",0.149000
"omi CrB b","omi CrB",230.0350768,29.6160222,187.01000000000,0.6990000000,13.70000000,355.96781584,947.65,2012,"Radial Velocity",0.105000
"TOI-544 b","TOI-544",82.2900716,-0.3428983,1.54835200000,0.0225000000,2.01800000,2.89000000,999.00,2022,"Transit",0.000000
"Teegarden's Star d","Teegarden's Star",43.2691449,16.8649024,26.13000000000,0.0791000000,0.95400000,0.82000000,159.00,2024,"Radial Velocity",0.070000
"TOI-782 b","TOI-782",183.9203614,-18.9103377,8.02400150000,0.0578000000,2.73400000,19.10000000,435.00,2024,"Transit",0.190000
"HD 4732 c","HD 4732",12.3085089,-24.1369079,3184.20000000000,4.7250000000,13.10000000,1069.49258955,243.69,2012,"Radial Velocity",0.187000
"HD 4732 b","HD 4732",12.3085089,-24.1369079,371.74000000000,1.1290000000,13.40000000,631.20721630,498.53,2012,"Radial Velocity",0.266000
"ome Ser b","ome Ser",237.5732422,2.1963040,278.59000000000,0.8380000000,14.00000000,233.92170755,824.94,2013,"Radial Velocity",0.180000
"TOI-2010 b","TOI-2010",292.1669417,53.4873694,141.83402500000,0.5516000000,11.81426566,408.72733140,400.20,2023,"Transit",0.212000
"TOI-1273 b","TOI-1273",214.1208564,58.3902534,4.63129600000,0.0549000000,11.09689089,70.55790635,1211.00,2024,"Transit",0.055000
"TOI-904 b","TOI-904",89.3712733,-83.1297264,10.87720000000,0.0560000000,2.42600000,6.46000000,429.43,2023,"Transit",
"KMT-2023-BLG-0469L b","KMT-2023-BLG-0469L",269.4067917,-28.7150611,,2.3100000000,7.04000000,39.41072247,,2024,"Microlensing",
"HD 2952 b","HD 2952",8.2938367,54.8948177,312.08000000000,1.1170000000,13.90000000,284.77425267,731.02,2013,"Radial Velocity",0.269000
"TOI-2416 b","TOI-2416",57.3389409,-60.7871861,8.27547900000,0.0831000000,9.86390302,953.48522100,1080.00,2023,"Transit",0.320000
"TOI-2373 b","TOI-2373",61.6862197,-16.7557546,13.33668000000,0.1120000000,10.42435205,2955.80418510,860.00,2023,"Transit",0.112000
"TOI-904 c","TOI-904",89.3712733,-83.1297264,83.99970000000,0.3120000000,2.16700000,5.34000000,217.26,2023,"Transit",
"TOI-4860 b","TOI-4860",183.5639610,-13.1748411,1.52275910000,0.0180800000,8.70000000,86.70000000,694.00,2023,"Transit",0.008000
"TOI-4633 c","TOI-4633",256.8431021,62.4755480,271.94450000000,0.8470000000,3.20000000,123.00000000,268.57,2024,"Transit",0.117000
"gam Lib b","gam Lib",233.8818636,-14.7895020,414.88000000000,1.3190000000,13.70000000,357.87478628,720.78,2018,"Radial Velocity",0.160000
"KMT-2021-BLG-1770L b","KMT-2021-BLG-1770L",270.4399583,-27.4186694,,0.9000000000,12.10000000,6674.39654700,,2023,"Microlensing",
"OGLE-2019-BLG-1180L b","OGLE-2019-BLG-1180L",269.2465417,-27.9754444,,5.1900000000,13.50000000,555.24622703,,2023,"Microlensing",
"HD 47366 b","HD 47366",99.4200181,-12.9856593,360.08000000000,1.2070000000,13.40000000,661.71874337,577.05,2016,"Radial Velocity",0.071000
"HD 47366 c","HD 47366",99.4200181,-12.9856593,677.53000000000,1.8400000000,13.50000000,483.73483545,467.37,2016,"Radial Velocity",0.161000
"Kepler-100 e","Kepler-100",291.3861294,41.9901394,60.88858800000,0.3123915860,5.27000000,24.14271827,621.73,2023,"Radial Velocity",0.026437
"NGTS-27 b","NGTS-27",206.0265266,-32.5229747,3.37041810000,0.0446000000,15.64773706,188.47224535,1783.00,2024,"Transit",0.000000
"HD 134606 d","HD 134606",228.8103897,-70.5203328,966.50000000000,1.9410000000,7.59000000,44.80000000,207.68,2024,"Radial Velocity",0.092000
"HATS-2 b","HATS-2",176.7388264,-22.5630097,1.35413379000,0.0231700000,12.57647635,435.42491759,1550.00,2013,"Transit",0.000000
"TOI-5398 c","TOI-5398",161.8795569,36.3294345,4.77271000000,0.0570000000,3.52000000,11.80000000,1242.00,2023,"Transit",0.140000
"HD 134606 f","HD 134606",228.8103897,-70.5203328,26.91500000000,0.1784000000,2.24000000,5.63000000,685.04,2024,"Radial Velocity",0.081000
"HD 134606 e","HD 134606",228.8103897,-70.5203328,4.32030000000,0.0527000000,1.33000000,2.34000000,1260.39,2024,"Radial Velocity",0.200000
"TOI-238 c","TOI-238",349.2310814,-18.6066463,8.46565100000,0.0749000000,2.18000000,6.70000000,696.00,2024,"Radial Velocity",0.360000
"2MASS J11550485-7919108 b","2MASS J11550485-7919108",178.7691634,-79.3197558,,587.0000000000,12.10000000,6356.56814000,2506.00,2024,"Imaging",
"2MASS J21252752-8138278 b","2MASS J21252752-8138278",321.3662989,-81.6414894,,7493.0000000000,12.40000000,3813.94088400,1616.00,2024,"Imaging",
"Kepler-1513 c","Kepler-1513",289.7917561,39.2852655,841.40000000000,,11.00000000,84.54235626,,2023,"Transit Timing Variations",0.125000
"HIP 66074 b","HIP 66074",203.1635632,75.0071038,310.90000000000,0.7990000000,12.90000000,1589.14203500,192.69,2023,"Astrometry",0.948000
"HAT-P-19 b","HAT-P-19",9.5165832,34.7114025,4.00878322000,0.0459900000,11.29865255,88.03846874,981.20,2010,"Transit",0.070000
"Kepler-849 b","Kepler-849",290.8517961,48.5213243,394.62508000000,1.1370000000,8.08167508,298.75870258,362.70,2016,"Transit",0.078000
"TOI-1853 b","TOI-1853",211.4593468,16.9923703,1.24362580000,0.0213000000,3.46000000,73.20000000,1479.00,2023,"Transit",0.030000
"TOI-5126 b","TOI-5126",151.6597827,18.6340631,5.45883850000,0.0651900000,4.74000000,20.20000000,1442.00,2023,"Transit",0.000000
"Kepler-1513 b","Kepler-1513",289.7917561,39.2852655,160.88420000000,0.5697100000,8.59400000,48.30991786,346.00,2016,"Transit",0.306000
"HAT-P-51 b","HAT-P-51",21.0651251,32.8107000,4.21802091000,0.0504200000,13.50682174,97.57332095,1168.20,2015,"Transit",0.070000
"Kepler-553 c","Kepler-553",298.5508922,48.3325405,328.24017000000,0.8980000000,11.57887706,2129.45032690,251.00,2016,"Transit",0.346000
"Kepler-111 c","Kepler-111",291.6531630,44.6882613,224.77833000000,0.7510000000,7.08407580,222.47988490,352.20,2014,"Transit",0.176000
"14 And b","14 And",352.8241500,39.2358367,186.76000000000,0.7750000000,13.10000000,1131.15130051,909.92,2008,"Radial Velocity",0.000000
"18 Del b","18 Del",314.6078375,10.8391378,982.85000000000,2.4760000000,12.50000000,2926.24614325,452.72,2008,"Radial Velocity",0.024000
"GJ 724 b","GJ 724",280.2383650,-13.3824997,5.10128400000,0.0468500000,3.27000000,10.75000000,611.00,2023,"Radial Velocity",0.577000
"KMT-2019-BLG-0335L b","KMT-2019-BLG-0335L",262.8401250,-29.5906889,,1.6400000000,12.10000000,6674.39654700,,2023,"Microlensing",
"Kepler-553 b","Kepler-553",298.5508922,48.3325405,4.03046700000,0.0476600000,4.74139884,116.00736855,1089.00,2016,"Transit",0.000000
"6 Lyn b","6 Lyn",97.6960311,58.1611753,919.86000000000,2.0280000000,13.40000000,597.83523357,371.86,2008,"Radial Velocity",0.042000
"4 UMa b","4 UMa",130.0528099,64.3280504,270.27000000000,0.8770000000,12.60000000,2511.48007211,967.44,2006,"Radial Velocity",0.453000
"TOI-4641 b","TOI-4641",42.5582023,25.3335334,22.09341000000,0.1730000000,8.18255591,1229.99593509,950.11,2023,"Transit",0.074000
"CI Tau c","CI Tau",68.4667685,22.8416192,25.20000000000,0.1700000000,13.00000000,1144.18226520,610.62,2024,"Radial Velocity",0.580000
"TOI-1994 b","TOI-1994",147.1745753,-51.7565640,4.03371420000,0.0613000000,13.67495645,7024.00779470,2290.00,2024,"Transit",0.341000
"TOI-4515 b","TOI-4515",21.1861778,21.5130638,15.26644600000,0.1180000000,12.17000000,637.00000000,705.00,2024,"Transit",0.461000
"M62H b","M62H",255.3074504,-30.1069833,0.13293502800,,,785.03616529,,2024,"Pulsar Timing",
"HD 145457 b","HD 145457",242.5162215,26.7429068,176.13000000000,0.7620000000,13.20000000,888.01256916,826.81,2010,"Radial Velocity",0.111000
"HD 167042 b","HD 167042",272.6326268,54.2876184,417.67000000000,1.2200000000,13.60000000,444.00628458,462.08,2007,"Radial Velocity",0.010000
"LHS 1678 c","LHS 1678",68.1789866,-39.7908744,3.69428400000,0.0327000000,0.94100000,1.40000000,510.90,2021,"Transit",0.039000
"HD 173416 b","HD 173416",280.9005676,36.5568570,322.03000000000,1.1580000000,13.40000000,585.12209729,771.03,2008,"Radial Velocity",0.208000
"HD 32518 b","HD 32518",77.4037569,69.6391355,157.35000000000,0.5940000000,13.20000000,905.49313154,916.07,2009,"Radial Velocity",0.028000
"HS Psc b","HS Psc",24.3473790,26.9528036,3.98600000000,0.0435000000,13.60000000,464.02947422,783.44,2024,"Radial Velocity",0.270000
"HD 81688 b","HD 81688",142.1665753,45.6009241,183.93000000000,0.6480000000,13.50000000,525.68818518,958.66,2007,"Radial Velocity",0.040000
"kap CrB b","kap CrB",237.8080012,35.6558818,1253.68000000000,2.5000000000,13.30000000,689.69110000,319.32,2007,"Radial Velocity",0.040000
"KMT-2021-BLG-1547L b","KMT-2021-BLG-1547L",272.3995833,-29.0839389,,4.5000000000,13.60000000,467.20775829,,2023,"Microlensing",
"TOI-4559 b","TOI-4559",211.0135378,-30.0141252,3.96599100000,0.0359000000,1.41500000,2.59000000,554.16,2024,"Transit",
"11 Com b","11 Com",185.1787793,17.7932516,323.21000000000,1.1780000000,12.20000000,4914.89848585,803.26,2007,"Radial Velocity",0.238000
"nu Oph b","nu Oph",269.7566013,-9.7741342,529.93000000000,1.7650000000,12.00000000,7057.73298000,620.57,2012,"Radial Velocity",0.126000
"TOI-4377 b","TOI-4377",164.9324709,-82.2213501,4.37808100000,0.0579000000,15.10970598,304.16178550,1162.08,2023,"Transit",0.045000
"KMT-2023-BLG-0416L b","KMT-2023-BLG-0416L",266.3240417,-25.0794889,,2.9600000000,3.67000000,13.03096469,,2024,"Microlensing",
"HD 76920 b","HD 76920",133.8203530,-67.2653621,415.89100000000,1.0910000000,13.10000000,994.80291391,621.44,2017,"Radial Velocity",0.878200
"75 Cet b","75 Cet",38.0391598,-1.0350269,696.62000000000,1.9120000000,13.30000000,787.89662095,540.31,2012,"Radial Velocity",0.093000
"LHS 3154 b","LHS 3154",241.6367309,40.9068221,3.71778000000,0.0226200000,3.69000000,13.15000000,343.83,2023,"Radial Velocity",0.076000
"TOI-1269 b","TOI-1269",249.6966397,64.5591810,4.25299130000,0.0496000000,2.40144286,6.40000000,1004.90,2024,"Transit",0.000000
"Kepler-23 d","Kepler-23",294.2189131,49.4792536,15.27000000000,0.1201200000,2.20600000,4.44000000,896.00,2014,"Transit",0.010000
"TOI-3919 b","TOI-3919",208.9447534,40.3918061,7.43323400000,0.0795000000,12.31866979,1233.17421916,1198.00,2024,"Transit",0.259000
"TOI-1288 b","TOI-1288",313.1670294,65.6087833,2.69982790000,0.0374000000,4.96846551,44.10000000,1203.44,2022,"Transit",0.000000
"GJ 238 b","GJ 238",98.4548810,-58.5250316,1.74469990000,0.0212300000,0.56600000,0.12600000,758.00,2024,"Transit",
"Kepler-49 c","Kepler-49",292.2945208,40.5918123,10.91000000000,0.0782100000,2.44400000,8.38000000,443.00,2012,"Transit",0.008000
"TOI-2084 b","TOI-2084",259.2545389,72.7470231,6.07842470000,0.0500600000,2.47000000,6.66000000,527.00,2023,"Transit",
"TOI-5232 b","TOI-5232",294.3374248,35.2764934,4.09666920000,0.0559300000,12.77823800,743.71847238,1772.00,2024,"Transit",0.035000
"TOI-1410.01","TOI-1410",334.8828486,42.5603141,1.21687000000,0.0207000000,3.10083009,12.50000000,1236.70,2024,"Transit",0.000000
"TOI-1386 b","TOI-1386",334.5041029,54.3190454,25.84010000000,0.1730000000,6.21638650,45.80000000,615.03,2024,"Transit",0.000000
"TOI-6029 b","TOI-6029",8.3862555,61.8607659,5.79870000000,,14.39233122,519.64944544,1484.00,2024,"Transit",0.091000
"OGLE-2017-BLG-0448L b","OGLE-2017-BLG-0448L",268.6686250,-31.0319167,,5.7500000000,4.08000000,15.60000000,,2024,"Microlensing",
"Kepler-128 c","Kepler-128",282.4922622,43.9802442,22.80000000000,0.1651700000,1.52100000,3.38000000,843.00,2013,"Transit",0.037000
"TOI-1451 b","TOI-1451",186.5242821,61.2589289,16.53794400000,0.1270000000,2.61143902,15.20000000,723.33,2024,"Transit",0.000000
"TIC 4672985 b","TIC 4672985",38.4706782,-10.6573827,69.04800000000,0.3300000000,11.50041420,4049.13390518,517.20,2024,"Transit",0.018000
"TOI-5218 b","TOI-5218",292.6634642,71.7629612,4.29145200000,0.0469000000,9.86000000,657.00000000,783.00,2024,"Transit",0.000000
"Kepler-305 d","Kepler-305",299.2242557,40.3431670,16.74000000000,0.1209100000,2.76000000,6.20000000,576.00,2014,"Transit",0.000000
"TOI-1601 b","TOI-1601",38.3615690,41.0134321,5.33175000000,0.0690000000,14.19902343,387.00000000,1493.97,2021,"Transit",0.000000
"TOI-1444 b","TOI-1444",305.4749252,70.9437054,0.47027430000,0.0116000000,1.41792246,3.58000000,2130.02,2021,"Transit",0.000000
"TOI-1736 b","TOI-1736",43.4344615,69.1013450,7.07307600000,0.0730000000,3.18175535,12.30000000,1099.79,2023,"Transit",0.000000
"TOI-5634 A b","TOI-5634 A",175.6436366,20.9652921,2.20353730000,0.0272000000,10.42000000,588.00000000,837.00,2024,"Transit",0.000000
"TOI-1683.01","TOI-1683",65.9796504,27.8223701,3.05753560000,0.0365075930,2.63820000,7.45000000,929.25,2024,"Transit",
"TOI-1298 b","TOI-1298",241.3229012,70.1900397,4.53714300000,0.0570000000,9.65807033,99.00000000,1278.00,2021,"Transit",0.000000
"TOI-1751 b","TOI-1751",243.4888534,63.5335297,37.46852000000,0.2150000000,2.95078450,19.50000000,651.64,2024,"Transit",0.327000
"K2-419 A b","K2-419 A",135.0194934,13.2737056,20.35847252000,0.1208000000,10.55000000,196.00000000,377.00,2024,"Transit",0.042000
"TOI-2095 b","TOI-2095",285.6365235,75.4185135,17.66484000000,0.1010000000,1.25000000,4.10000000,347.00,2023,"Transit",0.000000
"HIP 97166 b","HIP 97166",296.2446203,74.0628577,10.28891400000,0.0910000000,2.48013380,19.10000000,701.66,2021,"Transit",0.290000
"TOI-1776 b","TOI-1776",164.7772913,40.9837182,2.79986800000,0.0378000000,1.21612741,1.40000000,1269.21,2024,"Transit",0.000000
"Kepler-963 c","Kepler-963",296.7529742,45.0411049,0.91978300000,,0.60000000,0.15600000,,2024,"Transit",
"OGLE-2023-BLG-0836L b","OGLE-2023-BLG-0836L",267.1868750,-23.7415194,,3.7000000000,12.90000000,1385.73185452,,2024,"Microlensing",
"BD-14 3065 b","BD-14 3065 A",153.6696689,-15.6428372,4.28897310000,0.0656000000,21.59000000,3932.00000000,2001.00,2024,"Transit",0.066000
"HIP 97166 c","HIP 97166",296.2446203,74.0628577,16.43200000000,0.1240000000,2.75000000,8.00000000,642.00,2021,"Radial Velocity",0.000000
"TOI-1794 b","TOI-1794",203.3974857,49.0608433,8.76552800000,0.0820000000,3.29701268,8.70000000,992.91,2024,"Transit",0.000000
"2MASS J03590986+2009361 b","2MASS J03590986+2009361",59.7911026,20.1599759,,572.0000000000,12.20000000,5720.91132600,2369.00,2024,"Imaging",
"TOI-663 c","TOI-663",160.0658525,-8.5110827,4.69555070000,0.0437000000,2.26000000,3.65000000,553.00,2024,"Transit",
"TOI-1842 b","TOI-1842",201.9626552,9.0306437,9.57391810000,0.1000000000,12.34850230,89.40000000,1199.55,2021,"Transit",0.276000
"TOI-1824 b","TOI-1824",197.7312286,61.7448492,22.80853300000,0.1510000000,2.74382690,16.00000000,528.67,2024,"Transit",0.000000
"HIP 77900 b","HIP 77900",238.6253901,-27.3387434,,3319.0000000000,12.10000000,6674.39654700,2507.00,2024,"Imaging",
"2MASS J11011926-7732383 b","2MASS J11011926-7732383",165.3295388,-77.5440912,,266.0000000000,11.90000000,8899.19539600,2677.00,2024,"Imaging",
"SPECULOOS-3 b","SPECULOOS-3",312.3632611,33.6123832,0.71912603000,0.0073300000,0.97700000,0.89400000,553.00,2024,"Transit",
"KMT-2023-BLG-1431L b","KMT-2023-BLG-1431L",271.1835417,-29.7439194,,3.2000000000,3.76000000,13.60000000,,2024,"Microlensing",
"TOI-3071 b","TOI-3071",173.2790517,-56.5033871,1.26693800000,0.0249000000,7.16000000,68.20000000,2155.00,2024,"Transit",0.090000
"TOI-2019 b","TOI-2019",234.4317651,48.9552060,15.34440000000,0.1280000000,5.33275337,34.40000000,917.46,2024,"Transit",0.000000
"TIC 139270665 c","TIC 139270665",124.0338967,33.2914532,1010.00000000000,2.0000000000,12.90000000,1554.18091023,200.00,2024,"Radial Velocity",0.566000
"HD 48948 b","HD 48948",102.4898110,60.3373133,7.34013000000,0.0652000000,2.06000000,4.88000000,957.00,2024,"Radial Velocity",0.055000
"HD 93963 A c","HD 93963 A",162.7766969,25.6410650,3.64513890000,0.0472600000,3.11976057,18.40000000,1212.45,2022,"Transit",0.000000
"HD 93963 A b","HD 93963 A",162.7766969,25.6410650,1.03761090000,0.0206100000,1.46954368,2.80000000,1842.23,2022,"Transit",0.000000
"TOI-815 c","TOI-815",155.8719377,-43.8349248,34.97614500000,0.1930000000,2.62000000,23.50000000,469.00,2024,"Transit",0.220000
"HD 48948 c","HD 48948",102.4898110,60.3373133,38.06000000000,0.1951000000,2.60000000,7.27000000,553.00,2024,"Radial Velocity",0.550000
"HD 48948 d","HD 48948",102.4898110,60.3373133,151.92000000000,0.4894000000,3.24000000,10.59000000,349.00,2024,"Radial Velocity",0.055000
"HIP 8152 c","HIP 8152",26.2092533,-18.4013844,19.60562000000,0.1390000000,2.52442508,10.70000000,650.68,2023,"Transit",0.200000
"HIP 8152 b","HIP 8152",26.2092533,-18.4013844,10.75101400000,0.0930000000,2.53625843,8.90000000,794.96,2023,"Transit",0.000000
"TOI-1669 b","TOI-1669",45.9564744,83.5874273,500.00000000000,1.2700000000,14.10000000,191.00000000,241.72,2023,"Radial Velocity",0.000000
"OGLE-2014-BLG-0221L b","OGLE-2014-BLG-0221L",270.3037500,-27.4267639,,3.7600000000,12.90000000,1382.55357045,,2024,"Microlensing",
"TOI-329 b","TOI-329",351.3210955,-15.6346313,5.70439000000,0.0638000000,4.94057819,40.40000000,1213.02,2024,"Transit",0.390000
"TOI-480 b","TOI-480",88.3784618,-16.2653974,6.86619600000,0.0770000000,2.85372018,20.80000000,1198.94,2024,"Transit",0.000000
"TOI-1410 c","TOI-1410",334.8828486,42.5603141,47.56000000000,0.2390000000,5.63000000,27.00000000,397.45,2024,"Radial Velocity",0.000000
"TOI-757 b","TOI-757",187.9948428,-35.5544523,17.46819000000,0.1220000000,2.50000000,10.50000000,641.00,2024,"Transit",0.390000
"GJ 900 b","GJ 900 A",353.7526177,1.6055211,,12000.0000000000,12.40000000,3496.11247700,1.48,2024,"Imaging",
"TOI-1450 A c","TOI-1450 A",286.8540627,59.0866254,5.06880000000,,1.13000000,1.52700000,533.00,2024,"Transit",
"TOI-1855 b","TOI-1855",205.3539534,17.6868719,1.36414864000,0.0239800000,18.49481816,360.09958513,1701.00,2024,"Transit",0.033000
"TOI-3261 b","TOI-3261",47.7285242,-73.5319720,0.88313310000,0.0171400000,3.82000000,30.30000000,1722.00,2024,"Transit",0.000000
"TOI-669 b","TOI-669",158.9007013,-5.1813735,3.94515200000,0.0480000000,2.58606487,10.00000000,1124.85,2023,"Transit",0.000000
"HD 25463 b","HD 25463",60.7483361,9.2077676,7.04914230000,0.0760000000,2.54535814,8.70000000,1198.46,2023,"Transit",0.000000
"HD 73344 b","HD 73344",129.6894456,23.6852651,15.61100000000,0.1310000000,2.88400000,10.48000000,911.00,2024,"Transit",0.030000
"TOI-2368 b","TOI-2368",134.9576234,-48.4884929,5.17500730000,0.0564900000,10.83908434,206.58846455,1000.00,2024,"Transit",0.061000
"TOI-2107 b","TOI-2107",286.7965405,-58.6968348,2.45454670000,0.0351500000,13.57407563,263.79757781,1397.00,2024,"Transit",0.033000
"TOI-1248 b","TOI-1248",259.0235918,63.1056072,4.36015610000,0.0510000000,6.80848590,27.40000000,952.09,2024,"Transit",0.000000
"TOI-837 b","TOI-837",157.0372806,-64.5052107,8.32491130000,0.0888000000,9.16894621,120.45696625,995.30,2020,"Transit",0.000000
"SWEEPS-11 b","SWEEPS-11",269.7583333,-29.1981944,1.79600000000,0.0300000000,12.66600000,3082.82000000,,2006,"Transit",
"Kepler-24 c","Kepler-24",290.4132621,38.3437283,12.33000000000,0.1061200000,2.51400000,9.99000000,915.00,2011,"Transit",0.014000
"Kepler-57 b","Kepler-57",293.6413146,44.6570692,5.72000000000,0.0598800000,3.13500000,25.06000000,850.00,2012,"Transit",0.016200
"TOI-3321 b","TOI-3321",265.7603351,-65.0082516,3.65251450000,0.0470000000,15.55806521,176.07693748,1616.00,2024,"Transit",0.054000
"TOI-1744.01","TOI-1744",294.2910707,60.8813020,22.34170292700,0.1640860000,2.68000000,7.65000000,598.00,2024,"Transit",
"K2-360 c","EPIC 201595106",183.7203635,1.9681688,9.79692000000,0.0883000000,4.02000000,15.23000000,912.00,2024,"Radial Velocity",0.110000
"WASP-132 b","WASP-132",217.6091998,-46.1595160,7.13351640000,0.0674000000,10.09929161,136.03055820,682.00,2016,"Transit",0.016300
"TOI-469.01","TOI-469",93.0578446,-14.6493167,13.63082050000,0.1110000000,3.41000000,9.10000000,716.00,2021,"Transit",0.000000
"K2-260 b","K2-260",76.8673317,16.8676948,2.62669762000,0.0439200000,18.41635529,546.66486004,2090.00,2018,"Transit",0.053000
"K2-237 b","K2-237",253.7688479,-28.7105836,2.18053332000,0.0355200000,16.06246934,434.15360396,1759.00,2018,"Transit",0.030000
"TOI-1772.01","TOI-1772",156.8377040,34.3909497,8.05424687400,0.0783750000,2.90500000,8.78000000,877.67,2024,"Transit",
"WASP-132 c","WASP-132",217.6091998,-46.1595160,1.01153624000,0.0183300000,1.84100000,6.26000000,1329.00,2022,"Transit",0.000000
"BD-17 63 b","BD-17 63",7.1413494,-16.2273254,655.57000000000,1.3400000000,12.80000000,1639.99458012,168.92,2008,"Radial Velocity",0.543900
"K2-261 b","K2-261",163.0323119,0.4931670,11.63346810000,0.1086000000,9.26982704,68.96876432,1036.00,2018,"Transit",0.274000
"K2-321 b","K2-321",156.4054989,2.5138829,2.29797490000,0.0283900000,2.05124347,4.86000000,830.00,2020,"Transit",0.440000
"TOI-1777.01","TOI-1777",151.8070320,46.1148814,14.65011197400,0.1194660000,2.24600000,5.67000000,580.00,2024,"Transit",
"HD 20794 d","HD 20794",49.9997666,-43.0666533,89.68000000000,0.3625000000,2.04000000,4.80000000,388.00,2011,"Radial Velocity",0.077000
"HD 175167 b","HD 175167",285.0033888,-69.9450664,1175.00000000000,2.4000000000,12.30000000,4703.86042360,232.03,2009,"Radial Velocity",0.510000
"Kepler-289 d","Kepler-289",297.4653351,42.8828517,66.02820000000,0.3300000000,3.03000000,5.33000000,502.81,2014,"Transit",
"Kepler-289 c","Kepler-289",297.4653351,42.8828517,125.87230000000,0.5015500000,11.23000000,157.18000000,394.00,2014,"Transit",0.000000
"K2-167 b","K2-167",336.5761233,-18.0116650,9.97854100000,0.0932000000,2.36509493,6.50000000,1220.00,2018,"Transit",0.480000
"K2-265 b","K2-265",342.0316493,-14.4947789,2.36902000000,0.0335900000,1.70824866,7.34183620,1366.00,2018,"Transit",0.160000
"Kepler-289 b","Kepler-289",297.4653351,42.8828517,34.53830000000,0.2118300000,2.49000000,3.70000000,607.00,2014,"Transit",0.000000
"KELT-24 b","KELT-24",161.9090273,71.6557270,5.55149296000,0.0665000000,12.71098411,1458.83238813,1391.00,2019,"Transit",0.031900
"TOI-3568 b","TOI-3568",322.6023682,34.7395805,4.41796500000,0.0485000000,5.30000000,26.40000000,899.00,2024,"Transit",0.035000
"K2-57 b","K2-57",342.6918241,-14.0700007,9.00730000000,0.0752000000,2.30905002,5.94000000,635.80,2016,"Transit",0.250000
"K2-54 b","K2-54",338.0541631,-17.5440636,9.78330000000,0.0761000000,2.61169250,7.33000000,560.00,2016,"Transit",0.240000
"TOI-4638.01","TOI-4638",12.8206627,12.7879858,10.28391878700,0.0930130000,2.93300000,8.92000000,779.83,2024,"Transit",
"TOI-5076 b","TOI-5076",50.5104166,17.2392094,23.44316200000,0.1481000000,3.48935569,16.14568308,550.00,2024,"Transit",0.000000
"K2-77 b","K2-77",55.2285210,12.5724480,8.20008440000,0.0753000000,2.49960270,603.87700000,806.00,2016,"Transit",0.290000
"K2-180 b","K2-180",126.4643579,10.2465770,8.86566300000,0.0756000000,2.46597575,11.41003981,797.50,2018,"Transit",0.075000
"TOI-2458 c","TOI-2458",79.6215290,1.2534390,16.55300000000,0.1290000000,3.18000000,10.22000000,922.76,2024,"Radial Velocity",0.290000
"K2-97 b","K2-97",127.7628370,10.8475571,8.40711500000,0.0854000000,13.45077684,174.48779544,1566.00,2016,"Transit",0.207000
"K2-182 b","K2-182",130.1800460,10.9829509,4.73696960000,0.0517400000,2.71257333,20.97667486,965.80,2018,"Transit",0.071000
"Kepler-105 b","Kepler-105",287.8872376,46.2761224,5.41220340000,0.0601600000,2.53000000,10.80000000,1418.00,2013,"Transit",0.020000
"TOI-2537 b","TOI-2537",54.3882661,10.0577464,94.10220000000,0.3715000000,11.25381662,415.40172795,338.00,2024,"Transit",0.364000
"K2-98 b","K2-98",126.4882114,11.5110933,10.13673490000,0.0986000000,5.06645928,34.00763955,1185.00,2016,"Transit",0.119000
"K2-114 b","K2-114",127.8829120,11.9222550,11.39093100000,0.0944000000,10.59248676,638.83509807,701.40,2017,"Transit",0.079000
"TOI-4994 b","TOI-4994",283.1325335,-78.4344302,21.49198400000,0.1515000000,8.54124329,88.99195396,717.60,2024,"Transit",0.319000
"Kepler-105 c","Kepler-105",287.8872376,46.2761224,7.12592000000,0.0722900000,1.44000000,5.60000000,997.00,2014,"Transit",0.020000
"TOI-2295 c","TOI-2295",281.5761962,50.4924657,966.50000000000,2.0180000000,12.80000000,1783.01736327,234.90,2024,"Radial Velocity",0.194000
"TOI-5110 b","TOI-5110",94.4042694,31.6103309,30.15857700000,0.2157000000,11.98240037,921.70238030,976.00,2024,"Transit",0.745000
"TOI-2537 c","TOI-2537",54.3882661,10.0577464,1920.00000000000,2.7800000000,12.70000000,2297.89938261,123.10,2024,"Radial Velocity",0.287000
"MOA-2008-BLG-310L b","MOA-2008-BLG-310L",268.5605420,-34.7780528,,1.1000000000,5.18000000,23.40000000,,2009,"Microlensing",
"K2-115 b","K2-115",126.5535002,12.2818510,20.27299140000,0.1415000000,11.80305668,321.00669107,696.00,2017,"Transit",0.063000
"K2-277 b","K2-277",202.0161895,-15.9379749,6.32676800000,0.0664000000,2.18575124,7.40000000,1049.00,2018,"Transit",0.520000
"TOI-406 c","TOI-406",49.2626428,-42.2441492,3.30744100000,0.0322000000,1.32000000,2.08000000,584.00,2024,"Transit",0.032000
"TOI-5005 b","TOI-5005",238.1081940,-48.1451000,6.30850440000,0.0661400000,6.25000000,32.70000000,1040.00,2024,"Transit",
"HD 86728 b","HD 86728",150.2500540,31.9218216,31.15150000000,0.1916000000,3.03000000,9.43000000,687.36,2025,"Radial Velocity",0.067000
"KMT-2021-BLG-2609L b","KMT-2021-BLG-2609L",263.5188750,-27.5969389,,2.3000000000,3.17000000,10.17050902,,2024,"Microlensing",
"TOI-5688 A b","TOI-5688 A",266.9231001,47.7050486,2.94815527000,0.0337900000,10.30000000,124.00000000,742.00,2024,"Transit",0.128000
"HD 222237 b","HD 222237",354.9078642,-72.7253271,14892.00000000000,10.8000000000,12.80000000,1649.52943233,58.74,2024,"Radial Velocity",0.560000
"HD 21520 b","HD 21520",51.6403449,-43.6136649,25.12920000000,0.1726000000,2.69700000,17.70000000,637.00,2024,"Transit",0.000000
"TOI-2768 b","TOI-2768",99.3641336,-15.4812031,1.50801000000,0.0270000000,2.63000000,7.41000000,855.00,2024,"Transit",
"TOI-1174 b","TOI-1174",209.2171751,68.6182106,8.95348768300,0.0799400000,2.56200000,32.00000000,713.83,2024,"Transit",0.000000
"TOI-2981 b","TOI-2981",163.4873940,-25.5245988,3.60150100000,0.0480000000,13.40000000,638.00000000,1358.00,2024,"Transit",0.035000
"TOI-1180 b","TOI-1180",214.5557741,82.1937642,9.68676037800,0.0807990000,3.07200000,10.00000000,638.18,2024,"Transit",0.000000
"OGLE-2016-BLG-1800L b","OGLE-2016-BLG-1800L",269.9032083,-30.8653611,,1.8800000000,13.20000000,823.17557413,,2024,"Microlensing",
"TOI-5713 b","TOI-5713",208.4587323,52.6027628,10.44198900000,0.0600800000,1.77000000,3.78000000,347.20,2024,"Transit",0.240000
"TOI-6002 b","TOI-6002",299.6142524,32.2871702,10.90482100000,0.0572200000,1.65000000,3.36000000,321.40,2024,"Transit",0.150000
"HD 135694 b","HD 135694",227.8678636,71.8412965,15.92347556800,0.1246950000,2.85700000,6.10000000,750.83,2023,"Transit",0.000000
"TOI-1295 b","TOI-1295",256.6722026,67.8715032,3.19688380000,0.0470000000,15.69257298,451.31633794,2360.00,2024,"Transit",0.024000
"TOI-6130 b","TOI-6130",339.2050832,16.8271941,2.39267900000,0.0360000000,14.34749530,333.71982735,1750.00,2024,"Transit",0.036000
"TOI-1437 b","TOI-1437",256.1387513,56.8425490,18.84094200000,0.1400000000,2.24000000,9.60000000,794.23,2024,"Transit",0.170000
"HD 183579 b","HD 183579",293.2866147,-54.5327284,17.47129100000,0.1322000000,3.49000000,20.40000000,752.00,2021,"Transit",0.061000
"KMT-2023-BLG-1866L b","KMT-2023-BLG-1866L",273.4822500,-28.4473889,,2.6300000000,1.43000000,2.63000000,,2024,"Microlensing",
"K2-203 b","K2-203",12.7736909,-1.1958844,9.69520000000,0.0824000000,1.26549392,2.14000000,738.40,2018,"Transit",0.230000
"TOI-6651 b","TOI-6651",15.7885904,35.3890405,5.05697300000,0.0633000000,5.09000000,61.00000000,1493.00,2024,"Transit",0.091000
"TOI-1630.01","TOI-1630",352.0166759,75.5526069,12.05573473300,0.1011510000,2.41700000,6.42000000,584.00,2024,"Transit",
"TOI-1467 b","TOI-1467",19.1146441,49.2331382,5.97114713000,0.0507480000,1.92000000,9.00000000,506.07,2024,"Transit",0.000000
"TOI-1659.01","TOI-1659",277.9251938,82.3059487,5.87755632800,0.0657570000,2.25500000,5.71000000,1031.14,2024,"Transit",
"HD 101581 c","HIP 56998",175.2563039,-44.4041485,6.20401000000,0.0573000000,0.99000000,0.93700000,747.00,2025,"Transit",
"K2-208 b","K2-208",20.7789809,0.8890076,4.19097000000,0.0487800000,1.67462172,3.45000000,1122.00,2018,"Transit",0.370000
"TOI-1716.01","TOI-1716",105.0833291,56.8241941,8.08237655400,0.0804960000,3.14300000,10.00000000,959.00,2024,"Transit",
"TOI-6038 A b","TOI-6038 A",51.6572691,40.8172704,5.82673110000,0.0690000000,6.41000000,78.50000000,1439.00,2025,"Transit",
"HIP 116454 b","HIP 116454",353.9543517,0.4447043,9.10041570000,0.0792000000,2.46900000,9.70000000,753.20,2014,"Transit",0.215000
"TOI-2420 b","TOI-2420",14.8268138,-19.7711643,5.84264100000,0.0684000000,15.02003414,294.62693329,1571.60,2024,"Transit",0.055000
"K2-225 b","K2-225",186.5410958,-9.6248232,15.87230000000,0.1409000000,3.60929179,12.70000000,923.00,2018,"Transit",0.230000
"TOI-1739 b","TOI-1739",240.1724810,83.2586589,8.30334140600,0.0738720000,1.94600000,4.45000000,755.55,2024,"Transit",
"HD 73344 d","HD 73344",129.6894456,23.6852651,5823.00000000000,6.7000000000,13.20000000,810.46243785,126.51,2025,"Radial Velocity",0.180000
"TOI-2485 b","TOI-2485",205.2043217,22.9839692,11.23479000000,0.1093000000,12.13932610,766.60211768,1134.00,2024,"Transit",0.034100
"K2-7 b","K2-7",167.0937488,-1.0658550,28.67810000000,0.1867000000,4.03523305,15.30000000,786.00,2015,"Transit",0.240000
"HD 118203 c","HD 118203",203.5099560,53.7281876,5103.00000000000,6.2800000000,12.40000000,3747.19691853,146.00,2024,"Radial Velocity",0.260000
"TOI-4734 b","TOI-4734",90.3581219,12.5478825,6.23563300000,0.0740000000,10.91754720,61.65871096,1468.00,2025,"Transit",0.120000
"TOI-1453 c","TOI-1453",258.2232705,57.1977779,6.58869820000,,2.22400000,2.95000000,819.80,2025,"Transit",0.000000
"TOI-3493 b","TOI-3493",205.7990331,-22.5854441,8.15946670000,,3.22000000,8.97000000,1102.00,2025,"Transit",
"TOI-2969 b","TOI-2969",150.0626247,-47.4452436,1.82371460000,0.0261000000,12.32987877,368.68095212,1186.00,2025,"Transit",0.000000
"TOI-5300 b","TOI-5300",356.4811370,0.4587978,2.26219600000,0.0295000000,9.86390302,190.69704420,1043.00,2025,"Transit",0.000000
"TOI-4794 b","TOI-4794",110.4835517,-12.5654781,3.56581160000,0.0492000000,14.35870428,308.29355479,1673.00,2025,"Transit",0.100000
"TOI-2443 b","TOI-2443",40.1798608,1.1996757,15.66858000000,0.1050000000,2.36300000,4.80000000,519.00,2023,"Transit",0.301000
"OGLE-2016-BLG-0007L b","OGLE-2016-BLG-0007L",268.3560417,-29.6422500,14200.00000000000,10.1000000000,1.09000000,1.32000000,,2025,"Microlensing",
"TOI-5340 b","TOI-5340",59.3094816,22.3783373,4.93943920000,0.0628000000,15.07607904,270.15414595,1566.00,2025,"Transit",0.130000
"AT2021ueyL b","AT2021ueyL",324.5450417,26.4665694,4168.69000000000,4.0100000000,13.60000000,425.89006538,,2025,"Microlensing",
"Kepler-10 c","Kepler-10",285.6792980,50.2414842,45.29430100000,0.2410000000,2.35500000,11.29000000,579.00,2011,"Transit",0.136000
"TOI-2407 b","TOI-2407",49.7465450,-46.4580250,2.70296900000,0.0330000000,4.26000000,16.80000000,705.00,2025,"Transit",0.080000
"TOI-5386 A b","TOI-5386 A",226.1069193,60.5362318,3.62156552000,0.0485600000,14.70618268,155.10026262,1488.00,2025,"Transit",0.072000
"TOI-2015 c","TOI-2015",232.1326528,27.3610730,5.58279600000,0.0412320000,2.93000000,8.91000000,448.00,2025,"Transit Timing Variations",0.000330
"TOI-2015 b","TOI-2015",232.1326528,27.3610730,3.34823700000,0.0293220000,3.30900000,9.20000000,530.90,2023,"Transit",0.078900
"GJ 3998 b","GJ 3998",259.0020507,11.0561751,2.65033000000,0.0300000000,1.39000000,2.50000000,733.50,2016,"Radial Velocity",0.000000
"TOI-1117 b","TOI-1117",273.6020606,-66.4199742,2.22816000000,0.0330000000,2.46000000,8.90000000,1538.00,2025,"Transit",0.000000
"GJ 3998 c","GJ 3998",259.0020507,11.0561751,13.72700000000,0.0900000000,2.50000000,6.82000000,423.49,2016,"Radial Velocity",0.000000
"TOI-640 b","TOI-640",99.7345935,-36.6461300,5.00377700000,0.0660800000,19.27944680,181.16219199,1816.00,2021,"Transit",0.013000
"K2-157 d","K2-157",183.7514959,-5.7820178,66.50000000000,0.3090000000,5.16000000,23.30000000,429.10,2025,"Radial Velocity",0.500000
"TOI-1117 c","TOI-1117",273.6020606,-66.4199742,4.57900000000,0.0534000000,2.91000000,8.78000000,1210.00,2025,"Radial Velocity",0.000000
"TOI-1117 d","TOI-1117",273.6020606,-66.4199742,8.66500000000,0.0817000000,3.27000000,10.71000000,978.00,2025,"Radial Velocity",0.000000
"Proxima Cen d","Proxima Cen",217.3934657,-62.6761821,5.12338000000,0.0288100000,0.69200000,0.26000000,282.00,2025,"Radial Velocity",0.000000
"Proxima Cen b","Proxima Cen",217.3934657,-62.6761821,11.18465000000,0.0484800000,1.02000000,1.05500000,218.00,2016,"Radial Velocity",0.000000
"LP 261-75 b","LP 261-75 A",147.7685281,35.9685562,,450.0000000000,12.10000000,6674.39654700,1500.00,2006,"Imaging",
"TIC 88785435 b","TIC 88785435",224.2838576,-30.8800273,10.50884300000,0.0843200000,5.03000000,22.30000000,635.00,2025,"Transit",0.131000
"TOI-1238 c","TOI-1238",201.3823387,68.8360678,3.29473600000,0.0370000000,2.11000000,8.32000000,695.00,2022,"Transit",0.150000
"TOI-1238 b","TOI-1238",201.3823387,68.8360678,0.76459700000,0.0139000000,1.21000000,3.76000000,1133.00,2022,"Transit",0.250000
"KOI-1843.03","Kepler-974",285.0131082,40.2209547,0.17689130000,0.0050000000,0.61000000,8.00000000,1654.00,2013,"Transit",
"TOI-5143 c","TOI-5143",165.3651202,5.1394812,5.20971180000,0.0560200000,16.25302201,,904.48,2025,"Transit",
"TOI-1803 b","TOI-1803",178.0461054,35.1718001,6.29328700000,0.0600000000,2.99000000,10.32000000,747.00,2025,"Transit",0.000000
"TOI-5882 b","TOI-5882",311.8886385,34.7374918,7.14897200000,0.0804000000,11.46678726,6995.40323807,1515.00,2025,"Transit",0.033900
"TOI-4465 b","TOI-4465",276.1340312,15.8418856,101.94054000000,0.4160000000,14.01122587,1872.00931723,427.00,2025,"Transit",0.240000
"TOI-1478 b","TOI-1478",126.4337428,-13.5595485,10.18021170000,0.0818000000,11.99360935,279.68899816,918.00,2021,"Transit",0.055000
"HIP 67851 b","HIP 67851",208.4653640,-35.3146536,89.23000000000,0.4200000000,13.70000000,365.50266805,840.72,2015,"Radial Velocity",0.130000
"HIP 67851 c","HIP 67851",208.4653640,-35.3146536,3128.41000000000,4.5500000000,12.70000000,2204.77565936,255.43,2015,"Radial Velocity",0.300000
"TOI-2346 b","TOI-2346",88.0929073,-13.3724686,3.33120290000,0.0473000000,16.11851425,394.10722468,1689.00,2025,"Transit",0.086000
"HD 94890 b","HD 94890",164.1797804,-37.1383035,824.61000000000,2.0700000000,13.30000000,676.97450691,533.83,2025,"Radial Velocity",0.220000
"HD 87816 b","HD 87816",151.5296524,-52.1878679,484.17000000000,1.6180000000,12.70000000,2142.16346318,567.39,2025,"Radial Velocity",0.780000
"TOI-2886 b","TOI-2886",110.0076569,-10.5698414,1.60200105000,0.0287100000,18.64053490,444.95976980,1978.00,2025,"Transit",0.110000
"TOI-2876 b","TOI-2876",110.2473528,-21.1146384,6.29964310000,0.0654000000,9.63972340,54.03082919,929.00,2025,"Transit",0.130000
"TOI-2986 b","TOI-2986",163.7715605,-6.4784524,3.27836620000,0.0448900000,9.29224500,96.61983573,1622.00,2025,"Transit",0.140000
"WASP-116 b","WASP-116",35.2157609,-1.8260419,6.61320000000,0.0650000000,13.67495645,203.41018048,1414.00,2025,"Transit",0.000000
"HD 102888 b","HD 102888",177.6545263,-27.2779074,252.06000000000,1.0500000000,12.80000000,1808.44363583,688.63,2025,"Radial Velocity",0.110000
"HD 94890 c","HD 94890",164.1797804,-37.1383035,2492.19000000000,4.3300000000,12.50000000,2831.85110637,369.10,2025,"Radial Velocity",0.050000
"TOI-3135 b","TOI-3135",207.8592276,-69.7725635,3.70655850000,0.0475600000,13.65253849,327.36325921,1292.00,2025,"Transit",0.240000
"Gaia-4 b","Gaia-4",209.5063762,31.6954898,571.30000000000,,12.40000000,3750.37520260,,2025,"Astrometry",0.338000
"WASP-188 b","WASP-188",278.7819771,36.6156327,5.74891600000,0.0720000000,14.81827249,458.62639130,1666.00,2025,"Transit",0.000000
"WASP-154 b","WASP-154",327.7191734,-8.6359458,3.81167800000,0.0440000000,10.76062147,198.96058278,994.00,2025,"Transit",0.000000
"TIC 434398831 b","TIC 434398831",93.9592639,16.0238459,3.68550400000,0.0464100000,3.51000000,12.10000000,1250.00,2025,"Transit",0.040000
"TOI-3464 b","TOI-3464",234.4830357,-44.7899772,3.65155680000,0.0515000000,13.76462830,397.28550875,1693.00,2025,"Transit",0.250000
"HR 858 c","HR 858",42.9849779,-30.8140609,5.97386500000,0.0687000000,1.97900000,3.80000000,1309.00,2019,"Transit",0.000000
"WASP-197 b","WASP-197",160.6307133,28.1986255,5.16722800000,0.0650000000,14.44837612,403.32424848,1665.00,2025,"Transit",0.000000
"WASP-102 b","WASP-102",336.4643016,15.8566392,2.70981300000,0.0410000000,14.90794433,197.68926915,1671.00,2025,"Transit",0.000000
"TOI-3486 b","TOI-3486",249.4432035,-59.3051077,2.21778105000,0.0313800000,10.57006880,99.16246298,1190.00,2025,"Transit",0.078000
"TOI-2328 b","TOI-2328",31.6907424,-81.2473760,17.10197000000,0.1270000000,9.97599282,50.85254512,842.00,2025,"Transit",0.057000
"TOI-3837 b","TOI-3837",152.6662832,24.2731213,11.88865000000,0.0990000000,10.87271128,187.51876013,1178.00,2025,"Transit",0.221000
"Gl 410 b","Gl 410",165.6604212,21.9669164,6.02000000000,0.0531000000,2.83000000,8.40000000,592.44,2025,"Radial Velocity",
"HD 219666 b","HD 219666",349.5592665,-56.9039857,6.03446800000,0.0635600000,4.89800000,17.60000000,1076.00,2018,"Transit",0.050000
"TOI-3682 b","TOI-3682",50.2752271,25.2972658,3.34624060000,0.0480000000,12.80065596,69.28659273,1657.00,2025,"Transit",0.220000
"TOI-6628 b","TOI-6628",225.8370504,-35.2305793,18.18424000000,0.1340000000,10.98480109,235.19302118,833.00,2025,"Transit",0.670000
"Kepler-289 e","Kepler-289",297.4653351,42.8828517,330.07160000000,0.9342000000,2.94000000,17.40000000,286.00,2025,"Transit",0.000000
"KMT-2022-BLG-2076L b","KMT-2022-BLG-2076L",268.0511250,-29.0279306,,5.6700000000,13.90000000,279.68899816,,2025,"Microlensing",
"TOI-4214 b","TOI-4214",110.2495104,-13.9262649,3.49138850000,0.0501800000,10.68215861,165.27077164,1642.00,2025,"Transit",0.170000
"GJ 581 c","GJ 581",229.8564725,-7.7226935,12.92110000000,0.0718000000,2.50000000,6.81000000,346.13,2007,"Radial Velocity",0.032000
"G 192-15 c","G 192-15",90.6220931,49.8619390,1219.00000000000,1.1370000000,3.87000000,14.30000000,55.90,2025,"Radial Velocity",0.676000
"G 268-110 b","G 268-110",16.2236880,-18.1248020,1.43263000000,0.0128300000,1.13000000,1.52000000,534.00,2025,"Radial Velocity",0.000000
"KMT-2024-BLG-2242L b","KMT-2024-BLG-2242L",268.4150000,-29.5603111,,0.8900000000,3.82000000,13.98444991,,2025,"Microlensing",
"GJ 508.2 b","GJ 508.2",200.2443854,34.2776644,5300.00000000000,4.8500000000,,587.98255295,59.30,2025,"Radial Velocity",0.270000
"GJ 3512 c","GJ 3512",130.3316616,59.4918364,2354.00000000000,1.7310000000,14.30000000,143.97626837,42.92,2020,"Radial Velocity",0.089000
"HD 28471 b","HD 28471",66.2875166,-64.0786861,3.16490000000,0.0420000000,1.75000000,3.72000000,1377.00,2025,"Radial Velocity",0.195000
"HD 28471 c","HD 28471",66.2875166,-64.0786861,6.12450000000,0.0650000000,2.26000000,5.72000000,1066.00,2025,"Radial Velocity",0.088000
"NGTS-32 b","NGTS-32",223.8576228,-18.4323191,3.31211000000,0.0440000000,15.91675259,181.16219199,1750.00,2025,"Transit",0.000000
"HD 143811 AB b","HD 143811 A",240.8891972,-30.1371574,117000.00000000000,63.0000000000,15.69257298,1938.75328270,1042.00,2025,"Imaging",0.190000
"AF Lep b","AF Lep",81.7699216,-11.9011752,8905.00000000000,8.9960000000,13.00000000,1147.36054927,1400.00,2023,"Imaging",0.015000
"TOI-238 b","TOI-238",349.2310814,-18.6066463,1.27309900000,0.0212000000,1.55900000,3.37000000,1378.00,2024,"Transit",0.180000
"HD 152843 b","HD 152843",253.7848853,20.4915240,11.62071000000,0.1049000000,3.05000000,9.82000000,1003.11,2021,"Transit",0.046000
"MOA-2022-BLG-033L b","MOA-2022-BLG-033L",272.8756667,-25.0530806,,2.1500000000,3.52000000,12.15000000,,2025,"Microlensing",
"HD 28471 d","HD 28471",66.2875166,-64.0786861,11.68100000000,0.1000000000,2.06000000,4.91000000,945.00,2025,"Radial Velocity",0.093000
"HD 152843 c","HD 152843",253.7848853,20.4915240,19.50210400000,0.1482000000,5.94000000,9.67000000,253.08,2021,"Transit",0.074000
"KMT-2023-BLG-1896L b","KMT-2023-BLG-1896L",271.0317500,-26.9589194,,2.8600000000,4.19000000,16.35000000,,2025,"Microlensing",
"KMT-2023-BLG-0119L b","KMT-2023-BLG-0119L",266.8150417,-34.5721889,,3.1400000000,11.00000000,83.70000000,,2025,"Microlensing",
"TOI-6054.02","TOI-6054",56.3370070,60.3509170,12.56363600000,0.1079000000,2.82000000,9.30000000,1143.00,2024,"Transit",0.332000
"WASP-110 b","WASP-110",305.8724366,-44.0587001,3.77840220000,,13.19297028,154.78243421,1158.00,2021,"Transit",0.000000
"K2-233 d","K2-233",230.4799011,-20.2317975,24.36810000000,0.1516000000,2.36300000,10.30000000,525.00,2018,"Transit",0.180000
"K2-233 c","K2-233",230.4799011,-20.2317975,7.06024000000,0.0664000000,1.27200000,4.60000000,794.00,2018,"Transit",0.000000
"BEBOP-4 AB b","BEBOP-4 A",192.5772651,26.1595358,1823.50000000000,3.6340000000,,8358.88710410,239.44,2025,"Radial Velocity",0.428000
"2MASS J22501512+2325342 b","2MASS J22501512+2325342",342.5634097,23.4259058,,518.0000000000,11.90000000,9534.85221000,1600.00,2018,"Imaging",
"WASP-4 b","WASP-4",353.5629149,-42.0617794,1.33823099400,0.0226100000,15.12091496,381.39408840,1653.00,2007,"Transit",0.005300
"Kepler-391 b","Kepler-391",290.6218844,51.0573453,7.41750000000,0.0830000000,2.50000000,1100.00000000,930.00,2014,"Transit",0.460000
"GJ 251 b","GJ 251",103.7002499,33.2664632,14.23700000000,0.0808000000,1.79000000,3.85000000,336.00,2020,"Radial Velocity",0.000000
"TOI-1438 b","TOI-1438",280.9237844,74.9378327,5.13967000000,0.0553000000,3.04000000,9.40000000,971.00,2025,"Transit",0.000000
"GJ 536 c","GJ 536",210.2597264,-2.6522901,32.76100000000,0.1617000000,2.30000000,5.89000000,290.50,2025,"Radial Velocity",0.000000
"TOI-1438 c","TOI-1438",280.9237844,74.9378327,9.42808900000,0.0830000000,2.75000000,10.60000000,794.00,2025,"Transit",0.000000
"Kepler-391 c","Kepler-391",290.6218844,51.0573453,20.50100000000,0.1640000000,2.88000000,450.00000000,662.00,2014,"Transit",0.270000
"TOI-756 b","TOI-756",192.1037380,-45.4704709,1.23924950000,0.0180000000,2.81000000,9.83000000,934.00,2025,"Transit",0.000000
"TOI-756 c","TOI-756",192.1037380,-45.4704709,149.40000000000,0.4390000000,13.00000000,1287.20504835,194.00,2025,"Radial Velocity",0.445000
"HD 224018 d","HD 224018",358.6390056,-4.7233362,138.07310000000,0.5300000000,2.40000000,4.20000000,411.00,2025,"Transit",0.040000
"TOI-2141 c","TOI-2141",258.7623456,18.3403449,5.46240000000,0.0585000000,2.35000000,6.14000000,1095.00,2025,"Radial Velocity",
"TOI-6448 b","TOI-6448",110.1704109,-33.9223285,14.84426100000,0.1310000000,8.47398941,54.00000000,745.00,2025,"Transit",0.200000
"K2-214 b","K2-214",14.8759777,4.2277722,8.59656000000,0.0834000000,2.51000000,6.85000000,1001.00,2018,"Transit",
"51 Eri b","51 Eri",69.4007424,-2.4738245,9100.00000000000,10.4000000000,,3464.32963630,807.00,2015,"Imaging",0.570000
"TOI-1203.01","TOI-1203",168.2267358,-34.4069371,25.50267200000,0.1632000000,2.91800000,7.39000000,743.60,2021,"Transit",0.032000
"TOI-2093 c","TOI-2093",302.7375229,70.8696532,53.81149000000,0.2570000000,2.30000000,15.80000000,329.00,2025,"Transit",0.000000
"KMT-2024-BLG-1209L b","KMT-2024-BLG-1209L",261.6129583,-28.1205611,,2.5100000000,13.20000000,839.06699448,,2025,"Microlensing",
"HD 135344 A b","HD 135344 A",228.9538416,-37.1489176,,16.5000000000,16.25302201,3178.28407000,1585.00,2025,"Imaging",0.500000
"K2-10 b","K2-10",172.1216476,1.6906217,19.30553000000,0.1370000000,3.77300000,25.20000000,649.00,2015,"Transit",0.310000
"TOI-1203 b","TOI-1203",168.2267358,-34.4069371,4.15728880000,0.0486900000,1.52000000,3.51000000,1361.20,2025,"Radial Velocity",0.067000
"TOI-1203 c","TOI-1203",168.2267358,-34.4069371,13.07660000000,,2.20000000,5.46000000,,2025,"Radial Velocity",0.092000
"HIP 18606 b","HIP 18606",59.7181058,-5.4706979,674.94000000000,1.6100000000,14.00000000,244.72787339,405.91,2025,"Radial Velocity",
"HIP 111909 c","HIP 111909",340.0304354,-49.5985391,893.63000000000,1.9700000000,13.90000000,257.44100967,357.64,2025,"Radial Velocity",
"TIC 257060897 b","TIC 257060897",227.5321527,72.7103128,3.66003639000,0.0492200000,17.26183028,201.50321004,1775.00,2021,"Transit",0.039000
"OGLE-2016-BLG-1266L b","OGLE-2016-BLG-1266L",267.8535833,-29.7422500,,0.4300000000,12.40000000,3813.94088400,,2018,"Microlensing",
"BD+37 3172 b","BD+37 3172",278.8155071,38.1153886,1887.76000000000,4.6500000000,12.40000000,3368.98111420,713.25,2023,"Radial Velocity",0.590000
"TOI-654.01","TOI-654",164.7245509,-5.5475446,1.52756100000,0.0194400000,2.37800000,8.71000000,794.00,2024,"Transit",0.000000
"K2-37 b","K2-37",243.4509662,-24.7870527,4.44340000000,0.0510500000,1.39000000,2.51000000,949.00,2016,"Transit",
"K2-37 d","K2-37",243.4509662,-24.7870527,14.09229000000,0.1102000000,2.31000000,12.50000000,646.00,2016,"Transit",
"K2-55 b","K2-55",333.7518786,-17.2508002,2.84927100000,0.0348600000,4.43000000,44.00000000,900.00,2016,"Transit",0.070000
"TOI-5261 b","TOI-5261",305.4585453,19.4358468,4.15097680000,0.0513400000,11.60129502,3651.84839643,1244.00,2025,"Transit",0.158500
"TOI-4773 b","TOI-4773",114.9426489,-21.4856184,1.74528510000,0.0321600000,15.22179579,1687.66884117,2255.00,2025,"Transit",0.024000
"BD+42 2315 b","BD+42 2315",187.5887597,41.2695674,123.05000000000,0.5400000000,14.20000000,174.80562385,1247.58,2023,"Radial Velocity",0.730000
"Ross 176 b","Ross 176",305.6897438,47.3086191,5.00663380000,0.0464000000,1.84000000,4.57000000,682.00,2025,"Transit",0.250000
"K2-62 c","K2-62",334.3645089,-12.1874776,16.19697000000,0.1148000000,1.99000000,4.62000000,495.00,2016,"Transit",
"K2-61 b","K2-61",339.6748444,-13.5600447,2.57336000000,0.0392000000,1.92000000,4.35000000,1325.00,2016,"Transit",
"TOI-6420 b","TOI-6420",125.5443036,-19.1242852,6.96150800000,0.0753000000,11.93756445,2606.19293740,1213.00,2025,"Transit",0.078000
"TOI-5350 b","TOI-5350",74.4023015,21.6019759,7.58136700000,0.0796000000,12.41955062,2094.48920213,1195.00,2025,"Transit",0.016500
"TOI-5817 b","TOI-5817",322.3777987,21.4745270,15.61031000000,0.1223000000,3.08000000,10.30000000,950.00,2025,"Transit",0.200000
"K2-73 b","K2-73",335.0256620,-9.0560881,7.49556000000,0.0761900000,2.58000000,9.20000000,968.00,2016,"Transit",
"TOI-5799 b","TOI-5799",301.6301790,15.9891418,4.16450700000,0.0348000000,1.73300000,3.65000000,505.00,2024,"Transit",
"TOI-1346 b","TOI-1346",256.6226752,68.8433031,1.76225380000,,2.39000000,6.30000000,1324.00,2025,"Transit",
"TOI-1346 c","TOI-1346",256.6226752,68.8433031,5.50255800000,,2.23000000,5.60000000,928.00,2025,"Transit",
"K2-105 b","K2-105",125.4202985,13.4975122,8.26726000000,0.0796000000,3.40000000,15.40000000,805.00,2017,"Transit",0.000000
"TOI-5799 c","TOI-5799",301.6301790,15.9891418,14.01044900000,0.0782000000,1.76000000,3.75000000,337.00,2025,"Transit",
"TOI-6223 b","TOI-6223",355.9505977,33.0672361,3.85521900000,0.0401800000,5.07000000,22.60000000,714.00,2025,"Transit",
"KOI-351 g","KOI-351",284.4334642,49.3051239,210.73514000000,0.7170400000,7.71800000,15.00000000,342.00,2013,"Transit",0.029200
"HD 63433 c","HD 63433",117.4793699,27.3631342,20.54382810000,0.1460000000,2.69200000,15.53900000,678.92,2020,"Transit",0.210000
"HD 17156 b","HD 17156",42.4366123,71.7530882,21.21642940000,0.1632000000,12.26262489,1036.12060682,888.00,2007,"Radial Velocity",0.677200
"TOI-6000 b","TOI-6000",292.6062979,68.1545924,0.44895900000,,0.94000000,0.77900000,1120.00,2025,"Transit",
"K2-189 c","K2-189",203.6214411,-15.0365158,6.67932000000,0.0680000000,2.31000000,5.95000000,877.00,2018,"Transit",
"KMT-2024-BLG-0404L b","KMT-2024-BLG-0404L",271.1470833,-27.9535000,,0.8500000000,11.90000000,8657.64580668,,2025,"Microlensing",
"KMT-2024-BLG-1281L b","KMT-2024-BLG-1281L",270.1693750,-32.7142500,,1.9600000000,4.59000000,19.06970442,,2025,"Microlensing",
"GJ 317 b","GJ 317",130.2445254,-23.4528090,695.69000000000,1.1380000000,13.30000000,794.50000000,100.32,2007,"Radial Velocity",0.082600
"TOI-6303 b","TOI-6303",46.7806502,40.1471740,9.48523600000,0.0761000000,11.59000000,2493.00000000,541.00,2025,"Transit",0.020000
"LHS 1903 d","LHS 1903",107.8658260,48.3279327,12.56628700000,0.0860400000,2.50000000,5.96000000,442.00,2026,"Transit",0.112000
"LHS 1903 e","LHS 1903",107.8658260,48.3279327,29.31773000000,0.1513500000,1.73200000,5.79000000,333.00,2026,"Transit",0.014000
"WASP-120 b","WASP-120",62.6160813,-45.8982434,3.61126721000,0.0514000000,15.58048317,1541.47550000,1749.00,2016,"Transit",0.057000
"WASP-140 b","WASP-140",60.3855387,-20.4509991,2.23598448000,0.0323000000,14.23540549,775.50520000,1270.00,2016,"Transit",0.047000
"HD 85426 c","TOI-1774",148.1619305,35.1110080,35.73000000000,,3.19000000,10.30000000,640.00,2026,"Radial Velocity",0.060000
"TOI-1774.01","TOI-1774",148.1619305,35.1110080,16.70988000000,,2.78000000,8.50000000,824.00,2021,"Transit",0.050000
"HD 176986 b","HD 176986",285.7739138,-11.0449410,6.49164000000,0.0629560000,,1487.75477317,767.00,2017,"Radial Velocity",0.066000
"KOINTREAU-3 b","ISO-Oph 96",246.7687845,-24.7166830,,342.0000000000,13.10000000,1080.61658380,8.74,2026,"Imaging",
"PDS 70 b","PDS 70",212.0421402,-41.3980405,43500.00000000000,20.8000000000,21.96960217,1017.05090240,1392.00,2018,"Imaging",0.170000
"HD 176986 d","HD 176986",285.7739138,-11.0449410,61.37600000000,0.2814900000,2.49000000,6.76000000,363.00,2026,"Radial Velocity",
"TOI-6692 b","TOI-6692",312.6940436,-81.2723982,131.12500000000,0.5120000000,11.67975789,197.05361234,467.00,2026,"Transit",0.537000
"TOI-4342 b","TOI-4342",324.3894196,-77.9791468,5.53825920000,0.0519000000,2.32900000,7.30000000,639.00,2023,"Transit",0.000000
"PDS 70 c","PDS 70",212.0421402,-41.3980405,,34.3000000000,22.19378179,2383.71305250,1054.00,2019,"Imaging",0.037000
"V2376 Ori b","V2376 Ori",83.8398180,-5.3515552,,71.0000000000,87.20586985,6356.56814000,2100.00,2025,"Imaging",
"TOI-5489 b","TOI-5489",128.6912940,11.4895882,3.15222000000,,1.40000000,2.54000000,624.00,2025,"Transit",
"HD 208487 b","HD 208487",329.3332489,-37.7641354,129.36000000000,0.5300000000,14.30000000,146.20106722,437.59,2004,"Radial Velocity",0.370000
"HD 181433 b","HD 181433",291.2873731,-66.4677838,9.37450000000,0.0828000000,,1708.64551603,732.52,2008,"Radial Velocity",0.396000
"TOI-5716 b","TOI-5716",201.9007989,73.1774325,6.76630000000,,0.96000000,0.84000000,400.00,2025,"Transit",
"HD 181433 d","HD 181433",291.2873731,-66.4677838,6896.10000000000,6.7400000000,13.20000000,858.13669890,81.19,2008,"Radial Velocity",0.444000
"HD 181433 c","HD 181433",291.2873731,-66.4677838,1018.50000000000,1.8850000000,,2207.00045821,153.53,2008,"Radial Velocity",0.240200
"DMPP-1 b","DMPP-1",86.7761233,-10.6303217,17.81200000000,0.1423000000,4.26000000,16.80000000,877.00,2019,"Radial Velocity",0.200000
"HD 202206 b","HD 202206",318.7405221,-20.7897284,256.26000000000,0.8100000000,12.10000000,6849.20217085,314.96,2026,"Radial Velocity",0.426000
"TOI-4940 b","TOI-4940",58.2511684,-62.4079681,25.86781100000,0.1650000000,6.61000000,89.00000000,643.00,2025,"Transit",
"TOI-5734 b","TOI-5734",111.2558179,37.2311218,6.18418760000,0.0592100000,2.10000000,9.10000000,688.00,2026,"Transit",
"GJ 480 b","GJ 480",189.7134226,11.6950708,9.55360000000,0.0680000000,2.91000000,8.80000000,406.00,2020,"Radial Velocity",0.000000
"DMPP-1 d","DMPP-1",86.7761233,-10.6303217,3.14170000000,0.0446700000,2.02000000,4.72000000,1632.00,2019,"Radial Velocity",0.360000
"DMPP-2 b","DMPP-2",27.4077310,-34.4590985,5.20300000000,0.0663800000,14.20000000,171.48000000,1000.00,2019,"Radial Velocity",0.060000
"K2-19 d","K2-19",174.9602543,0.6035960,2.50827000000,0.0347800000,1.04400000,6.20000000,1258.00,2016,"Transit",0.440000
"NGTS-35 b","NGTS-35",170.2763360,-26.0666162,25.24119200000,0.1600000000,10.90000000,152.00000000,451.00,2025,"Transit",0.192000
"TOI-2267 c","TOI-2267 A",65.0614963,84.9008238,3.49504120000,0.0263000000,1.14000000,1.55000000,374.00,2025,"Transit",
"TOI-2267 b","TOI-2267 A",65.0614963,84.9008238,2.28909000000,0.0205000000,1.00000000,0.97200000,424.00,2025,"Transit",
"HD 39194 c","HD 39194",86.1290710,-70.1382377,14.03090000000,0.1083000000,2.65000000,7.49000000,675.19,2021,"Radial Velocity",0.078000
"DMPP-3 A b","DMPP-3 A",91.6243532,-72.5143057,5.59000000000,0.0595800000,1.44000000,2.67000000,854.00,2019,"Radial Velocity",0.420000
"TOI-5007 b","TOI-5007",236.0638704,-61.0413649,2.54337100000,0.0307000000,11.07447293,211.03806225,774.00,2026,"Transit",0.074000
"TOI-7166 b","TOI-7166",320.6806363,8.8893975,12.92063621000,0.0619100000,2.01000000,4.70000000,249.00,2025,"Transit",0.000000
"TOI-375 b","TOI-375",47.1499034,-77.3833275,9.45469000000,0.0990000000,10.77183045,236.78216321,1373.00,2026,"Transit",0.087000
"TOI-5422 b","TOI-5422",86.8436173,25.6260342,5.37721900000,0.0619000000,9.10169233,8899.19539600,1369.00,2026,"Transit",0.094000
"HD 28185 b","HD 28185",66.6100461,-10.5510754,385.92000000000,1.0340000000,12.80000000,1859.29618095,271.95,2001,"Radial Velocity",0.063000
"XO-3 b","XO-3",65.4695814,57.8172095,3.19152309000,0.0481500000,14.79585452,4217.58296089,1890.00,2007,"Transit",0.279100
"DMPP-6 c","DMPP-6",120.3857827,-70.0234291,36.44100000000,0.2206000000,3.74000000,13.47000000,715.27,2026,"Radial Velocity",0.310000
"TOI-7510 b","TOI-7510",273.7281880,-54.4340547,11.53086900000,0.1019000000,7.31000000,18.10000000,878.00,2025,"Transit",0.057200
"TOI-5788 c","TOI-5788",287.4249017,31.7615284,16.21336200000,0.1197000000,2.27200000,6.40000000,667.00,2026,"Transit",0.046000
"TOI-5788 b","TOI-5788",287.4249017,31.7615284,6.34075800000,0.0640000000,1.52800000,3.72000000,910.00,2026,"Transit",0.061000
"DMPP-9 b","DMPP-9",316.3060007,-66.9581622,12.73300000000,0.1097000000,3.89000000,14.43000000,995.58,2026,"Radial Velocity",0.250000
"HD 72659 c","HD 72659",128.5128072,-1.5686323,35500.00000000000,21.5000000000,12.10000000,6165.87109580,71.91,2022,"Radial Velocity",0.114000
"KMT-2020-BLG-0202L b","KMT-2020-BLG-0202L",267.0404583,-24.4744500,,4.1700000000,12.40000000,3902.93283796,,2026,"Microlensing",
"KMT-2022-BLG-1551L b","KMT-2022-BLG-1551L",265.2537500,-27.5518806,,2.2900000000,13.20000000,940.77208472,,2026,"Microlensing",
"HD 95338 b","HD 95338",164.8563364,-56.6235564,55.08269400000,0.2620000000,4.27174254,42.90000000,443.00,2020,"Radial Velocity",0.197000
"KMT-2022-BLG-1818L b","KMT-2022-BLG-1818L",270.7986250,-27.4811111,,2.6000000000,13.00000000,1271.31362800,,2026,"Microlensing",
"TOI-1243 b","TOI-1243",135.7326412,71.6364158,4.65947790000,,2.33000000,7.70000000,450.00,2026,"Transit",
"TOI-5938 b","TOI-5938",303.9088422,28.6592261,2.26042400000,0.0308000000,3.82000000,14.00000000,1077.00,2026,"Transit",
"TOI-7009 b","TOI-7009",299.5131334,55.6510291,2.32066120000,0.0287000000,3.71000000,13.30000000,872.00,2026,"Transit",
"KMT-2025-BLG-0121L b","KMT-2025-BLG-0121L",267.1583750,-23.9988000,,3.0500000000,12.60000000,2469.52672239,,2026,"Microlensing",
"HD 28109 b","HD 28109",65.2383065,-68.1026875,22.89105400000,0.1357000000,2.69000000,6.20000000,867.00,2022,"Transit",0.007100
"TOI-5388.01","TOI-5388",152.1765169,35.5475571,2.59467480000,0.0243358550,0.99000000,2.20000000,488.00,2024,"Transit",
"KMT-2024-BLG-2087L b","KMT-2024-BLG-2087L",268.4500417,-29.2631889,,3.0300000000,12.90000000,1395.26670673,,2026,"Microlensing",
"HD 100508 b","HD 100508",173.3014057,-67.0546386,5681.00000000000,6.1100000000,13.70000000,381.39408840,106.66,2026,"Radial Velocity",0.420000
"HD 114386 c","HD 114386",197.6652124,-35.0561807,444.00000000000,1.0500000000,13.40000000,117.59651059,200.82,2026,"Radial Velocity",0.100000
"HD 28109 d","HD 28109",65.2383065,-68.1026875,84.28990000000,0.4110000000,3.11000000,5.80000000,561.00,2022,"Transit",0.005400
"KMT-2020-BLG-0414L b","KMT-2020-BLG-0414L",271.9150000,-28.4852222,,2.0700000000,1.20000000,1.87000000,,2021,"Microlensing",
"TOI-6716 b","TOI-6716",111.6570820,-30.5521801,4.71858980000,0.0319000000,0.98200000,0.91100000,369.00,2026,"Transit",0.880000
"HD 154345 b","HD 154345",255.6524619,47.0855544,3280.00000000000,4.1580000000,13.70000000,376.94449070,119.21,2006,"Radial Velocity",0.058000
"HD 217107 b","HD 217107",344.5647243,-2.3954489,7.12701660000,0.0735900000,13.60000000,459.57987652,1105.84,1998,"Radial Velocity",0.128400
"TOI-1472 b","TOI-1472",14.1142611,48.6375168,6.36338574000,0.0640000000,4.05800000,18.05000000,891.00,2024,"Transit",0.041000
"TOI-1648 b","TOI-1648",45.4011794,69.2299235,7.33160200000,0.0694000000,2.54000000,7.40000000,799.00,2025,"Transit",0.178000
"HD 164604 b","HD 164604",270.7787177,-28.5608343,653.90000000000,1.3620000000,12.30000000,4195.33497240,170.16,2009,"Radial Velocity",0.479000
"HD 164604 c","HD 164604",270.7787177,-28.5608343,5387.00000000000,5.5560000000,12.50000000,3019.36986650,84.25,2026,"Radial Velocity",0.196000
"HIP 54515 b","HIP 54515",167.3066308,-1.3332838,33000.00000000000,24.8000000000,12.20000000,5625.56280390,100.72,2026,"Imaging",0.420000
"TOI-1518 b","TOI-1518",352.2675207,67.0348062,1.90261131000,0.0371200000,21.05046575,581.62598481,2546.00,2021,"Transit",0.010000
"GJ 4274 b","GJ 4274",335.7805478,-17.6104078,1.63390000000,0.0153000000,1.53000000,2.97000000,548.53,2026,"Radial Velocity",
"LHS 1903 b","LHS 1903",107.8658260,48.3279327,2.15550980000,0.0265600000,1.38200000,3.28000000,796.00,2026,"Transit",0.015000
"LHS 1903 c","LHS 1903",107.8658260,48.3279327,6.22618500000,0.0538700000,2.04600000,4.55000000,559.00,2026,"Transit",0.089000
"TOI-1080 b","TOI-1080",276.3683249,-52.2145730,3.96524820000,0.0272000000,1.20000000,10.70000000,368.00,2026,"Transit",
"TOI-2145 b","TOI-2145",263.7580753,40.6950428,10.26112800000,0.1117000000,12.24020692,1805.26535176,1484.00,2023,"Transit",0.214000
"TIC 231949697 b","TIC 231949697",94.2576817,-43.3661845,0.90720448719,,1.52831855,2.95000000,982.91,2026,"Transit",
"CWISEP J193518.59-154620.3 b","CWISEP J193518.59-154620.3",293.8262172,-15.7725727,,2.4800000000,12.20000000,4926.34030850,390.00,2025,"Imaging",
"HD 202772 A b","HD 202772 A",319.6995877,-26.6163743,3.30887750000,0.0520800000,18.23701160,323.54931833,2181.00,2019,"Transit",0.030000
"TOI-4588 b","TOI-4588",282.0004201,48.5422560,13.11881173651,0.1376000000,2.92922558,8.90000000,1768.00,2026,"Transit",0.000000
"TOI-4513 b","TOI-4513",18.0905179,13.7550796,9.76042253684,,2.34587608,6.11000000,653.00,2026,"Transit",
"TIC 24750448 b","TIC 24750448",26.1958598,-68.6447552,3.59159193029,,2.43722231,6.51000000,,2026,"Transit",
"TOI-4127 b","TOI-4127",105.4045516,72.4149297,56.39870000000,0.3030000000,12.07000000,743.71847238,556.00,2023,"Transit",0.748400
"TOI-697 b","TOI-697",69.7042208,-36.6813257,8.60788713593,,2.35859364,6.16000000,839.80,2026,"Transit",
"TOI-4561 b","TOI-4561",60.9618951,-76.0214574,8.93547936706,,1.77789214,3.81000000,789.81,2026,"Transit",
"TIC 24750448 c","TIC 24750448",26.1958598,-68.6447552,10.14385270726,,3.09028272,9.75000000,,2026,"Transit",
"GJ 1137 c","HD 93083",161.0866672,-33.5776794,9.64120000000,0.0835000000,2.11000000,5.12000000,768.51,2026,"Radial Velocity",0.000000
"TIC 87422071 b","TIC 87422071",273.0346013,-44.2434042,11.36492900000,0.1060000000,10.86150230,409.99864503,1110.00,2026,"Transit",0.124000
"TOI-883 b","TOI-883",103.3690609,-6.5078349,10.05771848538,,7.17166228,40.70000000,861.00,2026,"Transit",
"TOI-4640 b","TOI-4640",38.2053190,10.0724659,2.68566015238,,2.84326517,8.46000000,1378.86,2026,"Transit",
"TIC 38828280 b","TIC 38828280",68.3926457,-62.1697135,4.85558984762,,2.62701629,7.40000000,,2026,"Transit",
"TIC 147027702 b","TIC 147027702",161.7728559,-43.9317971,44.40523000000,0.2740000000,10.92875618,346.43296363,863.00,2026,"Transit",0.127000
"TIC 245076932 b","TIC 245076932",198.0634857,-51.2144330,21.61389000000,0.1570000000,10.87271128,162.09248757,845.00,2026,"Transit",0.428000
"TOI-921 b","TOI-921",99.6742038,-56.2205396,5.12871907628,,3.53409617,12.20000000,951.00,2026,"Transit",
"TOI-4930 b","TOI-4930",208.6418883,-45.1544786,6.78130241498,,6.93277225,38.40000000,1169.00,2026,"Transit",
"TIC 62895484 b","TIC 62895484",116.6385519,22.5903733,2.83985434327,,3.49391667,12.00000000,,2026,"Transit",
"TOI-941 b","TOI-941",78.3005249,6.5459146,8.51460888787,,6.51165317,34.60000000,982.42,2026,"Transit",
"TOI-5159 b","TOI-5159",142.7859562,20.0193431,5.83639428843,,1.54732112,3.01000000,866.29,2026,"Transit",
"TIC 86380416 b","TIC 86380416",145.1603760,65.7327948,6.04086434610,,2.41236120,6.40000000,,2026,"Transit",
"K2-19 b","K2-19",174.9602543,0.6035960,7.91930000000,0.0748700000,7.00000000,30.80000000,857.00,2015,"Transit",0.100000
"TOI-5335 b","TOI-5335",46.9523734,15.3590831,3.61365988443,,4.02422162,15.30000000,1048.00,2026,"Transit",
"TIC 88692598 b","TIC 88692598",149.2109097,47.7706699,2.64909436758,,1.81295951,3.94000000,,2026,"Transit",
"TOI-1752 b","TOI-1752",253.4614861,60.7096197,0.93518610000,0.0162400000,1.69300000,3.51000000,1036.00,2026,"Transit",
"TOI-1269 c","TOI-1269",249.6966397,64.5591810,9.23786144195,,2.22999162,5.60000000,757.00,2026,"Transit",
"TOI-5486 b","TOI-5486",190.5495041,3.7886012,2.02470073205,,3.96824928,14.90000000,752.00,2026,"Transit",
"TIC 139702105 b","TIC 139702105",66.4980340,-18.2145450,6.83601903383,,2.45316949,6.59000000,,2026,"Transit",
"TOI-5624 c","TOI-5624",180.8443476,49.2512257,7.88538500000,0.0737400000,2.47400000,4.80000000,857.00,2026,"Transit",0.000000
"TOI-1718 b","TOI-1718",112.0180254,30.3217322,5.58703768615,,4.10824994,15.80000000,948.00,2026,"Transit",
"TOI-5532 b","TOI-5532",41.3804035,5.1507331,5.65396594310,,2.52763693,6.93000000,617.33,2026,"Transit",
"TIC 161045582 b","TIC 161045582",223.6258514,49.0977250,8.85577189959,,2.24566738,5.67000000,,2026,"Transit",
"TOI-1232 c","TOI-1232",116.5013990,-61.8797935,30.35600000000,0.1940000000,8.88000000,58.48042689,660.05,2026,"Transit Timing Variations",0.027000
"TOI-1732 b","TOI-1732",111.8014509,53.0452684,4.11923678339,,2.49549787,6.78000000,657.79,2026,"Transit",
"TOI-5605 b","TOI-5605",150.5380078,50.1453867,5.91340454843,,2.52611303,6.92000000,669.00,2026,"Transit",
"TOI-1756 b","TOI-1756",306.3287741,77.6364119,2.78301736297,,1.94225664,4.43000000,696.39,2026,"Transit",
"TOI-5630 b","TOI-5630",236.4538532,40.3748618,3.22118452536,,2.37117553,6.22000000,1541.00,2026,"Transit",
"TIC 206466666 b","TIC 206466666",56.7694828,-52.3667509,9.10486865159,,2.14817673,5.26000000,,2026,"Transit",
"TOI-198 b","TOI-198",2.2715087,-27.1217452,10.21521300000,0.0675000000,1.36000000,3.17000000,456.00,2023,"Transit",0.150000
"KMT-2024-BLG-2005L b","KMT-2024-BLG-2005L",268.4080833,-28.9009806,,1.1200000000,8.18000000,50.85254512,,2026,"Microlensing",
"NGTS-33 b","NGTS-33",107.8333348,-35.8505185,2.82797200000,0.0480000000,18.38272835,1153.71711741,1991.00,2024,"Transit",0.000000
"TOI-5926 b","TOI-5926",308.0784435,15.5030795,3.81122794237,,7.56807148,44.60000000,987.00,2026,"Transit",
"TIC 290487717 b","TIC 290487717",139.0870563,2.5508053,3.40081822900,,6.63777941,35.70000000,,2026,"Transit",
"TOI-672 b","TOI-672",167.9908627,-39.3281151,3.63358100000,0.0376000000,5.31000000,50.90000000,699.50,2023,"Transit",0.000000
"TOI-2071 b","TOI-2071",256.6011813,57.6610327,5.67395386982,,2.56484195,7.10000000,1029.33,2026,"Transit",
"TOI-4156 c","TOI-4156",230.7808336,76.3318816,12.82282706375,,2.92303762,8.87000000,809.32,2026,"Transit",
"TIC 356227008 b","TIC 356227008",267.2508238,50.1308080,2.96147448702,,2.39024009,6.30000000,,2026,"Transit",
"TOI-2518 b","TOI-2518",105.4448495,-34.9196867,6.89797425216,,2.26838675,5.77000000,1095.00,2026,"Transit",
"TOI-6393 b","TOI-6393",141.2436918,68.7883127,9.53176110329,,2.75958542,8.04000000,696.00,2026,"Transit",
"EPIC 220674823 b","EPIC 220674823",13.0800239,10.7947051,0.57130782000,0.0132000000,1.60600000,7.54000000,2324.00,2016,"Transit",0.000000
"EPIC 220674823 c","EPIC 220674823",13.0800239,10.7947051,13.34060300000,0.1078000000,2.71200000,7.90000000,838.00,2016,"Transit",0.180000
"TOI-2654 b","TOI-2654",52.9815377,-47.9946912,2.96760425926,,7.94454164,48.40000000,819.00,2026,"Transit",
"TOI-6699 b","TOI-6699",317.0695839,-63.2504996,5.32005926761,,2.32645266,6.02000000,976.00,2026,"Transit",
"K2-111 c","K2-111",59.8903081,21.2985263,15.67480000000,0.1156500000,3.34000000,11.10000000,923.00,2020,"Radial Velocity",0.069000
"TOI-4156 b","TOI-4156",230.7808336,76.3318816,4.46189034133,,2.53823825,6.98000000,1289.00,2026,"Transit",
"TOI-7333 b","TOI-7333",243.5319622,75.9166315,6.26449803661,,2.09469416,5.04000000,755.00,2026,"Transit",
"rho CrB e","rho CrB",240.2600639,33.3001861,12.90400000000,0.1061000000,1.75000000,3.71000000,1004.88,2023,"Radial Velocity",0.082000
"MOA-2007-BLG-192L b","MOA-2007-BLG-192L",272.0158333,-27.1500750,,2.0200000000,3.58000000,12.49000000,,2008,"Microlensing",
"K2-79 b","K2-79",55.2559307,13.5191871,10.99503900000,0.0987000000,4.15000000,5.90000000,1033.00,2016,"Transit",0.032000
"K2-111 b","K2-111",59.8903081,21.2985263,5.35189630000,0.0565000000,1.83700000,5.35000000,1293.00,2017,"Transit",0.134000
"TOI-4363 b","TOI-4363",37.1105554,-12.5493631,2.11867592279,,1.76689273,3.77000000,884.71,2026,"Transit",
"HD 5388 b","HD 5388",13.7990300,-47.4067326,772.50000000000,1.7570000000,13.10000000,1017.05090240,316.59,2010,"Radial Velocity",0.410000
"Kepler-79 b","Kepler-79",300.5171067,44.3815508,13.48451000000,0.1192900000,3.51000000,7.60000000,929.00,2012,"Transit",0.022000
"Kepler-79 c","Kepler-79",300.5171067,44.3815508,27.40260000000,0.1914400000,3.76000000,4.60000000,734.00,2012,"Transit",0.038000
"HD 16760 b","HD 16760",40.5892123,38.6182163,466.08000000000,1.1560000000,12.10000000,6833.31075050,226.14,2009,"Radial Velocity",0.079000
"TOI-3457 b","TOI-3457",183.2082686,-79.7572043,32.60026800000,0.2001000000,10.64000000,797.74930157,824.20,2026,"Transit",0.590000
"TOI-6884 b","TOI-6884",193.0087935,26.6739510,4.80826400000,0.0629000000,10.39072511,8365.24367224,1652.00,2026,"Transit",0.067000
"TOI-4602.01","TOI-4602",60.6003316,31.3298354,3.98129990000,0.0474700000,2.45000000,5.53000000,1344.00,2024,"Transit",0.000000
"TOI-791 b","TOI-791",118.4347574,-69.7017359,139.29931000000,0.6020000000,11.13051784,9.50000000,434.30,2026,"Transit",0.032000
"eps Eri b","eps Eri",53.2284306,-9.4581715,2680.00000000000,3.5300000000,13.80000000,317.82840700,112.26,2000,"Radial Velocity",0.060000
"TOI-791 c","TOI-791",118.4347574,-69.7017359,232.01570000000,0.8630000000,12.94637271,18.60000000,362.80,2026,"Transit",0.028000
"HD 190360 b","HD 190360",300.9092476,29.8945410,2887.50000000000,3.9650000000,13.50000000,537.00000000,150.00,2003,"Radial Velocity",0.334200
"HD 190360 c","HD 190360",300.9092476,29.8945410,17.11625000000,0.1298000000,5.53000000,26.20000000,794.55,2005,"Radial Velocity",0.163000
"HD 190360 d","HD 190360",300.9092476,29.8945410,88.69000000000,0.3886000000,3.48000000,11.90000000,459.21,2026,"Radial Velocity",0.058000
"TOI-3664 b","TOI-3664",35.3084940,59.7118568,3.29748390000,0.0431000000,13.69737442,114.41822652,1232.00,2026,"Transit",0.159000
"TOI-4034 b","TOI-4034",335.1469845,71.7673462,1.80209320000,0.0328900000,17.71018951,276.51071409,1907.00,2026,"Transit",0.000000
"HD 126105 b","HD 126105",216.0016789,-19.8010960,524.00000000000,1.3600000000,13.50000000,530.77343969,413.60,2026,"Radial Velocity",0.103000
"TIC 52059926 b","TIC 52059926",16.7726869,-68.3681031,175.53200000000,0.5530000000,10.71000000,5380.00000000,229.60,2026,"Transit",0.510000
"TOI-4427 b","TOI-4427",135.0492615,72.1477473,4.61826210000,0.0538900000,13.09208946,87.72064033,1040.00,2026,"Transit",0.074000
"TOI-2049 b","TOI-2049",346.9098199,56.6945130,5.30346800000,0.0691900000,16.64533634,486.27746271,1869.00,2026,"Transit",0.054000
"TOI-4458 b","TOI-4458",252.1259976,74.7637501,3.93937920000,0.0522000000,12.40834163,552.06794296,1759.00,2026,"Transit",0.030000
"TOI-159 b","TOI-159",51.7822676,-78.5498308,3.76283960000,0.0560000000,18.18000000,1110.00000000,1891.00,2026,"Transit",0.240000
"COCONUTS-2 b","COCONUTS-2 A",117.3009140,-76.7026960,402000000.00000000000,7506.0000000000,12.57647635,2383.71305250,493.00,2021,"Imaging",
"HD 30177 c","HD 30177",70.4770964,-58.0208085,11320.00000000000,9.9000000000,12.90000000,1484.25866069,87.87,2016,"Radial Velocity",0.210000
"TOI-1710 b","TOI-1710",94.2838373,76.2110200,24.28336000000,0.1652000000,5.06000000,19.10000000,602.99,2022,"Transit",0.050000
"K2-370 b","K2-370",67.8205302,19.8316901,2.14080930000,0.0321000000,2.67000000,11.10000000,1267.00,2022,"Transit",0.000000
"HIP 8923 b","HIP 8923",28.7250931,-11.5113361,5160.00000000000,5.9000000000,12.50000000,3171.92750186,136.48,2026,"Radial Velocity",0.011000
"TOI-201 c","TOI-201",87.4017825,-54.9104230,2890.00000000000,4.3700000000,10.40000000,4990.00000000,169.58,2025,"Transit Timing Variations",0.651000
"KMT-2023-BLG-0332L b","KMT-2023-BLG-0332L",270.8901250,-27.2223889,,3.2000000000,12.00000000,6992.22495400,,2026,"Microlensing",
"XO-2 S d","XO-2 S",117.0309753,50.2169068,4696.00000000000,5.4600000000,13.00000000,1179.14338997,110.98,2024,"Radial Velocity",0.091000
"TOI-237 c","TOI-237",353.2435381,-29.4164870,1.74486147000,0.0160000000,1.20600000,1.90000000,515.00,2026,"Transit",
"Kepler-484 b","Kepler-484",284.3942844,46.2491109,10.04556931300,0.0903600000,2.28000000,5.82000000,766.00,2016,"Transit",0.000000
"Kepler-758 c","Kepler-758",293.0846115,41.1354049,4.75793986000,0.0576800000,1.69000000,3.50000000,1372.00,2016,"Transit",0.000000
"TOI-4311 b","TOI-4311",41.6855224,-31.1793201,0.99027380000,0.0181700000,1.37600000,4.50000000,1664.00,2026,"Transit",
"TOI-2147 b","TOI-2147",155.6415937,83.0837241,26.20518000000,0.1720000000,10.50000000,116.00000000,820.00,2026,"Transit",0.290000
"TOI-6019 b","TOI-6019",355.0913498,35.9408402,14.54795200000,0.1212000000,12.30000000,149.00000000,1095.00,2026,"Transit",0.480000
"Kepler-929 b","Kepler-929",298.4811022,41.6152603,0.92103213500,0.0198200000,1.11000000,1.41000000,2362.00,2016,"Transit",0.000000
"Kepler-1767 b","Kepler-1767",293.6441248,46.9896696,59.65829849000,0.2873000000,3.01299077,9.34000000,393.00,2021,"Transit",0.000000
"Kepler-223 e","Kepler-223",298.3183909,47.2794824,19.72567000000,0.1448100000,4.60000000,4.80000000,751.00,2014,"Transit",0.051000
"Kepler-1127 b","Kepler-1127",293.2173563,42.7205846,5.12330347000,0.0556000000,1.96000000,4.50000000,994.00,2016,"Transit",0.000000
"Kepler-1793 b","Kepler-1793",291.9129477,40.9539265,8.77999973300,0.0787000000,3.79037518,13.80000000,713.00,2021,"Transit",0.000000
"HD 141937 b","HD 141937",238.0735585,-18.4359716,662.37000000000,1.5400000000,12.40000000,3591.46099910,231.49,2002,"Radial Velocity",0.460000
"Kepler-1367 b","Kepler-1367",288.4166786,47.8787308,1.57409027200,0.0236000000,0.92000000,0.72100000,998.00,2016,"Transit",0.000000
"Kepler-1900 b","Kepler-1900",291.8863206,44.4790319,2.98622989700,0.0420000000,1.62314676,3.27000000,1356.00,2021,"Transit",0.000000
"Kepler-1364 b","Kepler-1364",295.1521334,49.5876179,13.32196237000,0.1284000000,2.15000000,5.27000000,1299.00,2016,"Transit",0.000000
"Kepler-482 b","Kepler-482",296.8229326,48.1077628,56.35418576000,0.2578700000,2.36000000,6.17000000,352.00,2016,"Transit",0.000000
"Kepler-1646 b","Kepler-1646",287.5264859,42.9129356,4.48558383000,0.0295000000,1.23000000,2.04000000,365.00,2016,"Transit",0.000000
"HD 6718 b","HD 6718",16.9536005,-8.2336165,2476.00000000000,3.5300000000,13.30000000,762.78817680,148.94,2009,"Radial Velocity",0.060000
"Kepler-32 c","Kepler-32",297.8423073,46.5743595,8.75220000000,0.0900000000,2.00000000,158.90000000,451.00,2011,"Transit",0.000000
"K2-177 b","K2-177",55.2296156,20.7360891,14.15518500000,,2.11620480,5.13000000,,2018,"Transit",
"Kepler-259 c","Kepler-259",288.2119707,46.6150461,36.92493100000,0.2170000000,2.70000000,7.75000000,530.00,2014,"Transit",0.000000
"K2-183 b","K2-183",125.0071770,14.0194586,0.46928500000,,1.10000000,1.37000000,,2018,"Transit",
"Kepler-222 d","Kepler-222",287.9060885,46.9377479,28.08191200000,0.1800000000,3.69000000,13.20000000,522.00,2014,"Transit",0.000000
"Kepler-165 c","Kepler-165",280.6909200,47.8096702,15.31299000000,0.1100000000,2.23000000,5.60000000,581.00,2014,"Transit",0.000000
"K2-263 b","K2-263",129.6821253,15.6806039,50.81917200000,0.2573000000,2.51300000,15.40000000,482.00,2018,"Transit",0.080000
"Kepler-166 d","Kepler-166",293.1600977,48.8812074,1.55400392800,0.0244900000,1.73000000,3.64000000,1313.00,2016,"Transit",0.000000
"Kepler-52 b","Kepler-52",286.7380152,49.9757383,7.87735650000,0.0637000000,2.10000000,135.00000000,553.00,2012,"Transit",0.000000
"K2-186 b","K2-186",135.3350487,18.8252879,41.47421900000,,3.17207779,10.20000000,,2018,"Transit",
"K2-195 c","K2-195",199.8315191,-8.5095364,28.48278600000,,2.57581891,7.16000000,,2018,"Transit",
"K2-187 e","K2-187",132.5235618,23.1924709,13.60662900000,0.1106000000,1.90000000,4.27000000,698.00,2018,"Transit",
"K2-187 c","K2-187",132.5235618,23.1924709,2.87151200000,0.0392000000,1.40000000,2.54000000,1173.00,2018,"Transit",
"K2-189 b","K2-189",203.6214411,-15.0365158,2.58812000000,0.0361000000,1.40300000,2.55000000,1203.00,2018,"Transit",
"K2-280 b","K2-280",291.5953596,-22.2477071,19.89526000000,0.1461000000,7.50000000,37.10000000,787.00,2018,"Transit",0.350000
"K2-381 c","K2-381",288.0267612,-21.0075789,16.03465600000,,2.00000000,4.66000000,,2022,"Transit",
"Kepler-229 b","Kepler-229",286.9994758,48.3757867,6.25297200000,0.0620000000,2.20000000,5.48000000,823.00,2014,"Transit",0.000000
"K2-222 b","K2-222",16.4625203,11.7537171,15.38892740000,0.1186000000,2.27500000,7.50000000,803.00,2018,"Transit",0.021000
"K2-220 b","K2-220",12.7700071,9.5167694,13.68186000000,0.1104000000,2.37000000,6.21000000,761.00,2018,"Transit",
"Kepler-491 b","Kepler-491",287.1305782,42.3501533,4.22538451200,0.0519100000,8.92000000,59.00000000,1111.00,2016,"Transit",0.000000
"Kepler-197 b","Kepler-197",295.2264739,50.5592348,5.59930800000,0.0600000000,1.02000000,1.04000000,1142.00,2014,"Transit",0.020000
"Kepler-216 b","Kepler-216",293.7280695,46.1291139,7.69364100000,0.0790000000,2.35000000,6.12000000,1069.00,2014,"Transit",0.000000
"K2-176 b","K2-176",58.2691796,17.9069486,5.32943900000,,1.49090097,2.83000000,,2018,"Transit",
"Kepler-1732 b","Kepler-1732",292.2910129,37.5807686,32.31240082000,0.2015000000,4.09903273,15.70000000,699.00,2021,"Transit",0.000000
"14 Her b","14 Her",242.6021014,43.8163621,1766.41000000000,2.8390000000,12.50000000,2828.67282230,147.32,2002,"Radial Velocity",0.368300
"16 Cyg B b","16 Cyg B",295.4656422,50.5168243,798.50000000000,1.6600000000,13.50000000,565.73740000,228.76,1996,"Radial Velocity",0.680000
"K2-368 d","K2-368",332.6357627,-11.1661157,20.20108500000,,1.94800000,4.45000000,,2022,"Transit",
"Kepler-261 b","Kepler-261",291.3647333,37.6092390,10.38122700000,0.0880000000,2.18000000,5.39000000,672.00,2014,"Transit",0.000000
"1RXS J160929.1-210524 b","1RXS J160929.1-210524",242.3762343,-21.0831403,,330.0000000000,18.64700000,3000.00000000,1700.00,2008,"Imaging",
"CoRoT-4 b","CoRoT-4",102.1946233,-0.6727861,9.20205000000,0.0900000000,13.34000000,228.83000000,1074.00,2008,"Transit",0.000000
"K2-224 c","K2-224",189.7041426,-10.0605942,10.09489000000,0.0886000000,2.41000000,6.39000000,764.00,2018,"Transit",
"K2-368 c","K2-368",332.6357627,-11.1661157,9.66018600000,,1.36100000,2.42000000,,2022,"Transit",
"24 Sex c","24 Sex",155.8684866,-0.9023998,883.00000000000,2.0800000000,13.90000000,273.32000000,377.31,2010,"Radial Velocity",0.290000
"CoRoT-7 b","CoRoT-7",100.9561682,-1.0630076,0.85359163000,0.0170160000,1.68135000,4.07660518,1756.00,2009,"Transit",0.000000
"K2-226 b","K2-226",183.6456643,-9.5626286,3.27109000000,0.0409500000,1.53899305,2.98000000,1187.00,2018,"Transit",0.220000
"K2-227 b","K2-227",190.9484237,-8.4784159,13.62183200000,,1.66551298,3.41000000,,2018,"Transit",
"2MASS J12073346-3932539 b","2MASS J12073346-3932539",181.8890906,-39.5484399,,46.0000000000,15.69257298,1652.70771640,1163.00,2004,"Imaging",
"CoRoT-7 c","CoRoT-7",100.9561682,-1.0630076,3.69800000000,0.0460000000,2.83000000,8.40000000,1098.59,2009,"Radial Velocity",0.000000
"eps Tau b","eps Tau",67.1546573,19.1802782,585.82000000000,1.8780000000,12.70000000,2285.18624633,603.08,2006,"Radial Velocity",0.076000
"gam1 Leo b","gam1 Leo",154.9932080,19.8413890,428.50000000000,1.1900000000,12.50000000,2790.43000000,1080.70,2009,"Radial Velocity",0.144000
"K2-229 b","K2-229",186.8729195,-6.7218474,0.58421600000,0.0131000000,1.00000000,2.55000000,1818.00,2018,"Transit",0.000000
"Kepler-752 b","Kepler-752",292.2681469,37.9556720,18.82747265000,0.1353000000,2.81000000,8.30000000,632.00,2016,"Transit",0.000000
"CoRoT-9 b","CoRoT-9",280.7866461,6.2040783,95.27265600000,0.4021000000,11.94879400,266.97720000,420.00,2009,"Transit",0.133000
"K2-343 b","K2-343",134.2021746,21.5026882,2.78717400000,,1.65000000,3.36000000,653.00,2021,"Transit",
"51 Peg b","51 Peg",344.3675399,20.7690958,4.23079660000,0.0520000000,14.10000000,193.87532827,1328.93,1995,"Radial Velocity",0.006300
"K2-331 c","K2-331",132.7376431,13.1702690,22.99659100000,,2.72000000,7.85000000,673.00,2021,"Transit",
"EPIC 212624936 c","EPIC 212624936",210.6376171,-10.0236852,11.81143700000,,2.30000000,5.90000000,,2021,"Transit",
"K2-334 b","K2-334",136.4894259,16.3255146,5.11398100000,,5.65000000,27.20000000,1380.00,2021,"Transit",
"K2-379 b","K2-379",283.0317641,-27.1807287,8.77724700000,,2.18100000,5.40000000,,2022,"Transit",
"61 Vir d","61 Vir",199.5964550,-18.3157745,123.01000000000,0.4760000000,5.11000000,22.90000000,382.51,2009,"Radial Velocity",0.350000
"K2-202 b","K2-202",283.2643203,-22.4070553,3.40516400000,,2.30165603,5.91000000,,2018,"Transit",
"K2-343 c","K2-343",134.2021746,21.5026882,7.67697200000,,2.02000000,4.74000000,465.00,2021,"Transit",
"K2-342 b","K2-342",133.1218996,21.2386816,11.56105200000,,2.03000000,4.78000000,861.00,2021,"Transit",
"Kepler-260 b","Kepler-260",291.9259658,38.0140525,8.18739900000,0.0750000000,2.01000000,4.70000000,782.00,2014,"Transit",0.000000
"K2-381 d","K2-381",288.0267612,-21.0075789,26.80302300000,,1.68900000,3.50000000,,2022,"Transit",
"K2-381 b","K2-381",288.0267612,-21.0075789,7.93893340000,,1.07500000,1.26000000,,2022,"Transit",
"K2-348 b","K2-348",130.8783479,24.4229559,4.68841800000,,3.26000000,10.70000000,908.00,2021,"Transit",
"K2-384 d","K2-384",20.4998403,0.7509701,6.67958200000,,1.39200000,2.52000000,,2022,"Transit",
"81 Cet b","81 Cet",39.4243555,-3.3963607,1005.57000000000,2.1040000000,13.10000000,1051.05854195,526.92,2008,"Radial Velocity",0.037000
"K2-352 c","K2-352",140.4451478,18.4696280,8.23488500000,,1.92000000,4.35000000,885.00,2021,"Transit",
"K2-384 c","K2-384",20.4998403,0.7509701,4.19476600000,,1.19100000,1.82000000,,2022,"Transit",
"BD+14 4559 b","BD+14 4559",318.4010002,14.6893834,268.94000000000,0.7800000000,13.80000000,330.54320000,246.28,2009,"Radial Velocity",0.290000
"K2-204 b","K2-204",17.3825067,-0.5177539,7.05590800000,0.0738000000,3.17214154,10.20000000,1148.00,2018,"Transit",0.280000
"Kepler-1736 b","Kepler-1736",289.7766991,38.2622374,37.81029892000,0.2188000000,3.87658560,14.30000000,566.00,2021,"Transit",0.000000
"K2-205 b","K2-205",15.2175909,0.4259660,26.67226300000,,1.99552771,4.64000000,,2018,"Transit",
"Kepler-8 b","Kepler-8",281.2881335,42.4510975,3.52249910000,0.0474000000,15.87194400,187.51970000,1680.00,2010,"Transit",0.000000
"K2-209 b","K2-209",14.6903464,1.3828070,2.08061500000,,0.86850263,0.58600000,,2018,"Transit",
"Kepler-745 b","Kepler-745",291.4994412,37.0592571,9.93143556000,0.0915000000,2.16000000,5.31000000,931.00,2016,"Transit",0.000000
"K2-211 b","K2-211",21.1061587,1.7049101,0.66956100000,0.0141900000,1.33162691,2.33000000,1873.00,2018,"Transit",0.190000
"Kepler-262 c","Kepler-262",290.7287168,37.2526575,21.85372200000,0.1520000000,1.64000000,3.33000000,618.00,2014,"Transit",0.000000
"Kepler-119 b","Kepler-119",295.9463854,42.6588324,2.42208200000,0.0350000000,3.60000000,12.60000000,1213.00,2014,"Transit",0.000000
"K2-394 b","K2-394",71.1100020,16.5185817,5.09571700000,,1.69200000,3.51000000,643.00,2022,"Transit",
"CoRoT-19 b","CoRoT-19",97.0335983,-0.1707293,3.89713000000,0.0518000000,14.46000000,352.78000000,2000.00,2011,"Transit",0.047000
"Kepler-748 b","Kepler-748",292.2628779,37.2369732,7.40742793000,0.0745000000,2.52000000,6.90000000,938.00,2016,"Transit",0.000000
"HD 113538 b","HD 113538",196.2339330,-52.4463502,663.20000000000,1.2400000000,13.20000000,114.41000000,140.67,2010,"Radial Velocity",0.140000
"Kepler-112 b","Kepler-112",296.9811361,43.2097025,8.40887800000,0.0760000000,2.36000000,6.17000000,809.00,2014,"Transit",0.000000
"HD 114386 b","HD 114386",197.6652124,-35.0561807,937.70001000000,1.7300000000,13.60000000,464.02947422,154.56,2003,"Radial Velocity",0.230000
"HD 136418 b","HD 136418",229.7756438,41.7324230,464.29999000000,1.2900000000,13.30000000,680.15620000,411.81,2009,"Radial Velocity",0.250000
"GJ 676 A b","GJ 676 A",262.5448903,-51.6377777,1051.44521000000,1.7350000000,12.80000000,1840.86213334,113.55,2010,"Radial Velocity",0.319000
"HAT-P-31 b","HAT-P-31",271.5376722,26.4266061,5.00542000000,0.0610000000,12.21781000,721.47410000,1450.00,2011,"Transit",0.250000
"HD 11506 b","HD 11506",28.2106607,-19.5073960,1617.70000000000,2.8850000000,12.90000000,1551.00262616,193.57,2007,"Radial Velocity",0.379000
"HD 11506 c","HD 11506",28.2106607,-19.5073960,223.92000000000,0.7710000000,14.00000000,127.13136280,374.44,2008,"Radial Velocity",0.228000
"GJ 581 e","GJ 581",229.8564725,-7.7226935,3.14810000000,0.0279900000,1.38000000,2.48000000,554.37,2009,"Radial Velocity",0.012000
"HAT-P-35 b","HAT-P-35",123.2507030,4.7870288,3.64670600000,0.0497800000,14.93038800,335.62848000,1581.00,2011,"Transit",0.020000
"HD 116029 b","HD 116029",200.1646905,24.6484725,670.00000000000,1.6500000000,13.60000000,444.96200000,400.04,2011,"Radial Velocity",0.000000
"HD 142245 b","HD 142245",238.2342443,15.4306118,1299.00000000000,2.7800000000,13.10000000,975.73810000,306.30,2011,"Radial Velocity",0.000000
"GJ 876 b","GJ 876",343.3239737,-14.2665958,61.11660000000,0.2083170000,13.30000000,723.22350000,190.60,1998,"Radial Velocity",0.032400
"HD 118203 b","HD 118203",203.5099560,53.7281876,6.13497790000,0.0713000000,12.77823800,680.15279098,1361.00,2005,"Radial Velocity",0.313600
"HD 142 b","HD 142",1.5836771,-49.0753625,351.43394000000,1.0390000000,12.70000000,2256.58168970,358.19,2001,"Radial Velocity",0.158000
"GJ 876 d","GJ 876",343.3239737,-14.2665958,1.93778000000,0.0208066500,2.51000000,6.83000000,603.09,2005,"Radial Velocity",0.207000
"HD 125595 b","HD 125595",215.3434326,-40.3942443,9.67370000000,0.0800000000,,3531.07360177,687.97,2011,"Radial Velocity",0.000000
"GQ Lup b","GQ Lup",237.3003643,-35.6515055,,100.0000000000,33.60000000,6356.00000000,2650.00,2004,"Imaging",
"GJ 876 e","GJ 876",343.3239737,-14.2665958,124.26000000000,0.3343000000,3.92000000,14.60000000,150.46,2010,"Radial Velocity",0.055000
"HD 100655 b","HD 100655",173.7653631,20.4415410,157.57001000000,0.6800000000,13.50000000,511.70630000,907.14,2011,"Radial Velocity",0.090000
"Kepler-744 b","Kepler-744",296.4960493,47.1827848,12.06222443000,0.0973500000,1.62000000,3.26000000,750.00,2016,"Transit",0.000000
"HD 10180 f","HD 10180",24.4731133,-60.5114881,122.74400000000,0.4929000000,5.24000000,23.90000000,427.54,2010,"Radial Velocity",0.119000
"HD 126614 b","HD 126614",216.7005171,-5.1784093,1257.25303000000,2.2490000000,12.70000000,107.74382997,209.54,2009,"Radial Velocity",0.548000
"HD 10180 g","HD 10180",24.4731133,-60.5114881,604.67000000000,1.4270000000,,3375.33768234,251.27,2010,"Radial Velocity",0.263000
"HD 12661 b","HD 12661",31.1423525,25.4135632,262.70862000000,0.8400000000,13.30000000,772.32690000,325.35,2000,"Radial Velocity",0.380000
"HAT-P-15 b","HAT-P-15",66.2481420,39.4606020,10.86350000000,0.0965000000,11.88154000,616.59020000,904.00,2010,"Transit",0.190000
"HAT-P-16 b","HAT-P-16",9.5730343,42.4630961,2.77596727000,0.0413000000,14.68376472,1341.56043000,1566.00,2010,"Transit",0.046200
"Kepler-764 b","Kepler-764",297.3931183,47.1645814,7.33683936000,0.0724000000,1.64000000,3.33000000,875.00,2016,"Transit",0.000000
"Kepler-123 b","Kepler-123",296.9985853,42.7819633,17.23236600000,0.1350000000,2.94000000,55.30000000,817.00,2014,"Transit",0.000000
"HD 104985 b","HD 104985",181.3157854,76.9053359,199.68000000000,0.7150000000,12.80000000,1766.80811451,901.01,2003,"Radial Velocity",0.047000
"HD 104067 b","HD 104067",179.7923543,-20.3556058,55.85100000000,0.2674000000,9.20000000,62.10000000,407.83,2011,"Radial Velocity",0.123000
"HD 13189 b","HD 13189",32.4173964,32.3164548,471.60001000000,1.2500000000,12.40000000,3480.23850000,1115.98,2005,"Radial Velocity",0.270000
"HD 106252 b","HD 106252",183.3730583,10.0404302,1535.00000000000,2.6550000000,12.50000000,3178.28407000,178.13,2002,"Radial Velocity",0.480000
"HD 132406 b","HD 132406",224.2276121,53.3809615,908.00000000000,1.9800000000,12.80000000,1887.90073758,228.73,2007,"Radial Velocity",0.250000
"HD 108874 c","HD 108874",187.6126029,22.8794399,1624.00000000000,2.6590000000,13.80000000,314.64000000,168.21,2005,"Radial Velocity",0.239000
"HD 10647 b","HD 10647",25.6233526,-53.7412852,989.20000000000,2.0150000000,13.80000000,298.75000000,221.54,2006,"Radial Velocity",0.150000
"HD 134060 b","HD 134060",227.6847587,-61.4223747,3.26960000000,0.0444000000,3.16000000,10.10000000,1473.18,2019,"Radial Velocity",0.450000
"HAT-P-21 b","HAT-P-21",171.2749348,41.0280207,4.12448000000,0.0503700000,12.44199000,1547.83210000,1367.00,2010,"Transit",0.230000
"HD 215152 b","HD 215152",340.8380941,-6.4020685,5.75999000000,0.0576380000,,565.41673605,846.89,2018,"Radial Velocity",0.000000
"HD 37124 c","HD 37124",84.2599947,20.7289784,885.50000000000,1.7100000000,14.10000000,207.22516000,204.73,2002,"Radial Velocity",0.125000
"HD 159868 b","HD 159868",264.7466665,-43.1462347,1184.10000000000,2.3200000000,13.30000000,704.94694000,255.69,2006,"Radial Velocity",0.024000
"HD 187085 b","HD 187085",297.3915731,-37.7809929,1019.74000000000,2.1000000000,13.90000000,265.70588000,229.38,2006,"Radial Velocity",0.251000
"HD 216437 b","HD 216437",343.6639631,-70.0733957,1359.00000000000,2.5700000000,13.00000000,1334.87930940,209.85,2002,"Radial Velocity",0.310000
"HD 187123 c","HD 187123",296.7428786,34.4189900,3810.00000000000,4.8900000000,13.20000000,912.16752809,135.42,2008,"Radial Velocity",0.252000
"HD 216770 b","HD 216770",343.9748751,-26.6595286,118.45000000000,0.4600000000,14.10000000,181.16310000,370.18,2003,"Radial Velocity",0.370000
"HD 18742 b","HD 18742",45.0443115,-20.8027024,766.00000000000,1.8200000000,13.10000000,1080.62200000,399.93,2011,"Radial Velocity",0.040000
"HD 21693 c","HD 21693",51.8040469,-58.3232726,53.73570000000,0.2586000000,4.34000000,17.37000000,492.36,2019,"Radial Velocity",0.070000
"HD 162020 b","HD 162020",267.6599252,-40.3184646,8.42820000000,0.0800000000,12.50000000,3127.44720000,650.00,2002,"Radial Velocity",0.280000
"HD 190647 b","HD 190647",301.8318167,-35.5395236,1176.45000000000,2.2310000000,13.40000000,630.89255000,214.19,2007,"Radial Velocity",0.224000
"HD 190984 b","HD 190984",302.8779827,-64.6202728,4885.00000000000,5.5000000000,13.00000000,1137.82569706,152.29,2009,"Radial Velocity",0.570000
"HD 192263 b","HD 192263",303.4990864,-0.8657574,24.35560000000,0.1500000000,14.20000000,177.98480000,486.00,1999,"Radial Velocity",0.050000
"HD 217786 b","HD 217786",345.7838088,-0.4303594,1301.36009000000,2.4460000000,12.30000000,4402.55909376,207.30,2011,"Radial Velocity",0.311000
"HD 217107 c","HD 217107",344.5647243,-2.3954489,5138.70000000000,5.9220000000,12.90000000,1388.91013859,123.27,2005,"Radial Velocity",0.391800
"HD 41004 B b","HD 41004 B",89.9565956,-48.2394114,1.32830000000,,12.10000000,5838.29000000,,2003,"Radial Velocity",0.081000
"HD 163607 c","HD 163607",268.4181383,56.3924701,1272.00000000000,2.3900000000,13.30000000,699.54383000,228.50,2012,"Radial Velocity",0.080000
"HD 192310 c","HD 192310",303.8284712,-27.0337556,525.80000000000,1.1800000000,5.25000000,24.00000000,185.00,2011,"Radial Velocity",0.320000
"HD 4208 b","HD 4208",11.1125532,-26.5150392,832.97000000000,1.6620000000,13.90000000,257.44230000,196.68,2001,"Radial Velocity",0.042000
"HD 164922 b","HD 164922",270.6304652,26.3104077,1207.00000000000,2.1600000000,13.30000000,116.00000000,159.40,2005,"Radial Velocity",0.080000
"HD 197037 b","HD 197037",309.8869681,42.2475930,1035.70000000000,2.0700000000,13.90000000,251.00000000,216.67,2012,"Radial Velocity",0.220000
"HD 4308 b","HD 4308",11.1652594,-65.6527159,15.56000000000,0.1200000000,4.12000000,15.89150000,799.37,2005,"Radial Velocity",0.000000
"Kepler-272 c","Kepler-272",299.1275257,47.5938319,6.05734200000,0.0610000000,1.79000000,97.80000000,947.00,2014,"Transit",0.000000
"HD 4313 b","HD 4313",11.4181301,7.8450492,356.21000000000,1.1570000000,13.40000000,612.45841000,502.39,2009,"Radial Velocity",0.147000
"HD 168746 b","HD 168746",275.4573269,-11.9229757,6.40400000000,0.0700000000,11.10000000,85.81410000,900.00,2002,"Radial Velocity",0.110000
"HD 148156 b","HD 148156",247.0723035,-46.3175085,1027.00000000000,2.4500000000,13.90000000,270.14400000,213.76,2009,"Radial Velocity",0.520000
"HD 17092 b","HD 17092",41.5924261,49.6530375,359.89999000000,1.3100000000,12.50000000,3219.61790000,671.64,2007,"Radial Velocity",0.170000
"HD 27894 b","HD 27894",65.1975693,-59.4096776,18.01939000000,0.1250000000,14.10000000,196.73578393,627.88,2005,"Radial Velocity",0.047000
"HD 28254 b","HD 28254",66.2108141,-50.6228081,1333.00000000000,2.4500000000,13.00000000,1207.74794660,212.28,2010,"Radial Velocity",0.950000
"HD 148427 b","HD 148427",247.1171311,-13.3996231,331.90000000000,1.1100000000,13.70000000,381.39408840,451.86,2009,"Radial Velocity",0.120000
"HD 171028 b","HD 171028",278.0643694,6.9456827,550.00000000000,1.3200000000,13.20000000,832.71460000,374.07,2007,"Radial Velocity",0.590000
"HD 204313 c","HD 204313",322.0510568,-21.7274194,34.95875000000,0.2110000000,4.31000000,17.16273398,634.95,2015,"Radial Velocity",0.059000
"HD 30177 b","HD 30177",70.4770964,-58.0208085,2539.00000000000,3.4900000000,12.60000000,2622.08435775,148.00,2002,"Radial Velocity",0.186000
"HD 290327 b","HD 290327",80.8399887,-2.2780391,2443.00000000000,3.4300000000,13.30000000,772.32690000,139.70,2009,"Radial Velocity",0.080000
"HD 152581 b","HD 152581",253.4316451,11.9736828,686.50000000000,1.6600000000,13.40000000,594.02427000,426.55,2011,"Radial Velocity",0.040000
"HD 177830 b","HD 177830",286.3363574,25.9204327,410.10001000000,1.1400000000,13.50000000,537.13270000,399.64,1999,"Radial Velocity",0.100000
"HD 20794 b","HD 20794",49.9997666,-43.0666533,18.31400000000,0.1257000000,1.45000000,2.70000000,660.00,2011,"Radial Velocity",0.064000
"HD 31253 b","HD 31253",73.6822877,12.3520103,466.00000000000,1.2600000000,14.10000000,197.05460000,348.36,2010,"Radial Velocity",0.300000
"HD 178911 B b","HD 178911 B",287.2632091,34.6006972,71.48400000000,0.3400000000,12.60000000,2552.17490000,480.24,2001,"Radial Velocity",0.110000
"HD 155358 b","HD 155358",257.3930947,33.3549277,194.30000000000,0.6300000000,13.80000000,314.65170000,421.43,2007,"Radial Velocity",0.170000
"HD 154857 b","HD 154857",257.8161940,-56.6810380,408.60001000000,1.2900000000,13.30000000,778.68350000,359.86,2004,"Radial Velocity",0.460000
"HD 155358 c","HD 155358",257.3930947,33.3549277,391.90000000000,1.0200000000,13.90000000,261.00000000,330.92,2007,"Radial Velocity",0.160000
"HD 210702 b","HD 210702",332.9638643,16.0404806,355.50000000000,1.0790000000,13.60000000,481.51003660,485.86,2007,"Radial Velocity",0.071000
"HD 3651 b","HD 3651",9.8387218,21.2488844,62.25000000000,0.2950000000,10.10000000,72.46524000,432.84,2003,"Radial Velocity",0.645000
"HD 156668 b","HD 156668",259.4183491,29.2281610,4.64550000000,0.0500000000,1.87000000,4.15000000,887.48,2010,"Radial Velocity",0.000000
"HD 156411 b","HD 156411",259.9639522,-48.5502313,842.20000000000,1.8800000000,14.00000000,235.18000000,304.95,2009,"Radial Velocity",0.220000
"HD 183263 b","HD 183263",292.1022982,8.3579183,624.87404000000,1.4600000000,13.10000000,1103.18240070,263.26,2004,"Radial Velocity",0.383000
"HD 63454 b","HD 63454",114.8406393,-78.2791464,2.81805000000,0.0400000000,12.31000000,79.45750000,1018.06,2005,"Radial Velocity",0.000000
"HD 89307 b","HD 89307",154.5874958,12.6209392,2166.00000000000,3.2700000000,13.40000000,642.01338214,166.55,2009,"Radial Velocity",0.200000
"rho CrB b","rho CrB",240.2600639,33.3001861,39.84900000000,0.2245000000,13.70000000,347.99500000,614.00,1997,"Radial Velocity",0.046000
"HD 66428 b","HD 66428",120.8691654,-1.1636019,2269.81726000000,3.3950000000,12.40000000,3478.94974302,159.02,2005,"Radial Velocity",0.471000
"HD 93083 b","HD 93083",161.0866672,-33.5776794,144.72000000000,0.5080000000,14.30000000,143.34061156,311.57,2005,"Radial Velocity",0.118000
"HD 69830 b","HD 69830",124.6010091,-12.6364246,8.66700000000,0.0785000000,3.17000000,10.20000000,872.84,2006,"Radial Velocity",0.100000
"TrES-3 b","TrES-3",268.0291106,37.5463268,1.30618581000,0.0228200000,14.97500000,607.03000000,1638.00,2007,"Transit",0.000000
"WASP-50 b","WASP-50",43.6880738,-10.8980242,1.95510000000,0.0293000000,13.06969400,466.82870400,1394.84,2011,"Transit",0.009000
"HD 69830 d","HD 69830",124.6010091,-12.6364246,197.00000000000,0.6300000000,4.45000000,18.10000000,308.10,2006,"Radial Velocity",0.070000
"HD 96127 b","HD 96127",166.4415020,44.3015500,638.90000000000,1.4100000000,13.00000000,1207.74794660,947.29,2011,"Radial Velocity",0.300000
"HD 70573 b","HD 70573",125.7079153,1.8591088,851.80000000000,1.7600000000,12.80000000,1900.00000000,206.11,2007,"Radial Velocity",0.400000
"HD 97658 b","HD 97658",168.6376584,25.7105962,9.48971160000,0.0805000000,2.12000000,8.30000000,751.00,2010,"Radial Velocity",0.050000
"V0391 Peg b","V0391 Peg",331.0504119,26.4188227,1170.00000000000,1.7000000000,13.10000000,1017.05600000,519.69,2007,"Pulsation Timing Variations",0.000000
"WASP-8 b","WASP-8",359.9008737,-35.0313349,8.15872000000,0.0801000000,12.66617000,807.28820000,1059.00,2010,"Transit",0.310000
"WASP-10 b","WASP-10",348.9930457,31.4627508,3.09276160000,0.0378100000,12.10600000,1001.12000000,1370.00,2008,"Transit",0.047300
"XO-2 N b","XO-2 N",117.0267691,50.2251472,2.61585906000,0.0366600000,11.13053700,199.91507000,1328.00,2007,"Transit",0.000000
"HD 74156 b","HD 74156",130.6047813,4.5772338,51.63564000000,0.2800000000,13.50000000,532.36258173,679.63,2003,"Radial Velocity",0.636000
"HD 99706 b","HD 99706",172.1261621,43.9662025,841.00000000000,1.9800000000,13.70000000,390.93090000,391.46,2011,"Radial Velocity",0.250000
"HIP 12961 b","HIP 12961",41.6800749,-23.0860048,57.43500000000,0.2500000000,13.20000000,114.41880000,303.32,2010,"Radial Velocity",0.170000
"HD 45184 b","HD 45184",96.1820205,-28.7806402,5.88540000000,0.0644000000,3.52000000,12.19000000,1156.34,2019,"Radial Velocity",0.070000
"WASP-16 b","WASP-16",214.6830109,-20.2754374,3.11860000000,0.0415000000,13.67498000,394.10920000,1389.00,2009,"Transit",0.000000
"HD 45364 b","HD 45364",96.4105736,-31.4810037,225.79000000000,0.6793000000,9.03000000,60.16491745,301.69,2008,"Radial Velocity",0.067000
"HD 75898 b","HD 75898",133.4611999,33.0566885,422.82000000000,1.2025000000,13.20000000,810.46243785,335.16,2007,"Radial Velocity",0.105000
"HD 7924 b","HD 7924",20.4956562,76.7101475,5.39792000000,0.0600000000,,2058.25676373,825.90,2008,"Radial Velocity",0.060000
"Kepler-746 b","Kepler-746",290.6822097,37.3551593,3.48159251000,0.0435000000,1.11000000,1.41000000,1156.00,2016,"Transit",0.000000
"HD 79498 b","HD 79498",138.7885794,23.3748792,1807.00000000000,2.9800000000,13.60000000,425.89220000,164.53,2011,"Radial Velocity",0.575000
"HD 48265 b","HD 48265",100.0073683,-48.5418284,778.51000000000,1.8140000000,12.60000000,2351.93021180,283.00,2008,"Radial Velocity",0.211000
"HD 49674 b","HD 49674",102.8773483,40.8672284,4.94737000000,0.0600000000,6.20000000,31.78300000,1113.78,2002,"Radial Velocity",0.090000
"HIP 57274 c","HIP 57274",176.1705487,30.9576484,32.03000000000,0.1780000000,14.20000000,130.00000000,437.32,2011,"Radial Velocity",0.050000
"HD 52265 b","HD 52265",105.0746449,-5.3668142,119.27000000000,0.5200000000,13.70000000,384.57430000,405.00,2000,"Radial Velocity",0.270000
"HR 8799 e","HR 8799",346.8701486,21.1340376,20815.60000000000,16.4000000000,13.11453000,3178.30000000,1150.00,2010,"Imaging",0.150000
"HD 5891 b","HD 5891",15.1383168,20.2923139,177.11000000000,0.6400000000,12.60000000,2425.04290000,918.78,2011,"Radial Velocity",0.070000
"HD 85390 b","HD 85390",147.5105663,-49.7905254,799.52000000000,1.3730000000,6.16000000,31.46517000,190.89,2011,"Radial Velocity",0.500000
"xi Aql b","xi Aql",298.5624491,8.4611051,136.97000000000,0.6250000000,13.40000000,616.90493799,973.07,2007,"Radial Velocity",0.059000
"WASP-35 b","WASP-35",76.0818912,-6.2297801,3.16158000000,0.0431700000,14.57170000,225.65930000,1338.29,2011,"Transit",0.000000
"TOI-1408 b","TOI-1408",313.5110469,72.5806455,4.42587000000,0.0577800000,25.00000000,593.00000000,1293.00,2023,"Transit",0.002300
"TOI-2524 b","TOI-2524",160.8868435,-1.9126984,7.18585000000,0.0730000000,11.20898070,203.41018048,1100.00,2023,"Transit",0.000000
"HD 219415 b","HD 219415",348.7243579,56.7303001,2093.30000000000,3.2000000000,13.80000000,317.83000000,221.26,2012,"Radial Velocity",0.400000
"WD 0806-661 b","WD 0806-661",121.7275683,-66.3058835,,2500.0000000000,12.10569916,2224.79884900,357.00,2011,"Imaging",
"WASP-99 b","WASP-99",39.8976689,-50.0081934,5.75251000000,0.0717000000,11.43318000,772.32690000,1480.00,2014,"Transit",0.000000
"HD 32963 b","HD 32963",76.9820146,26.3276805,2372.00000000000,3.4100000000,13.40000000,657.90480249,157.63,2015,"Radial Velocity",0.070000
"K2-133 b","K2-133",70.1493775,25.0098135,3.07133000000,0.0319400000,1.34000000,2.36000000,665.21,2017,"Transit",
"HATS-53 b","HATS-53",176.6283230,-33.8600764,3.85377680000,0.0475300000,15.02006000,189.10885000,1312.00,2017,"Transit",0.330000
"Kepler-286 b","Kepler-286",290.6761874,48.2942362,1.79630200000,0.0270000000,1.24000000,2.07000000,1367.00,2014,"Transit",0.000000
"TOI-283 b","TOI-283",118.5693065,-65.4414820,17.61745000000,0.1230000000,2.34000000,6.54000000,661.00,2025,"Transit",0.000000
"Kepler-69 b","Kepler-69",293.2609013,44.8688656,13.72234100000,0.0940000000,2.24000000,5.65000000,779.00,2013,"Transit",0.160000
"HD 169830 b","HD 169830",276.9561859,-29.8167919,225.67372000000,0.7650000000,13.20000000,804.42369812,345.00,2000,"Radial Velocity",0.294000
"HD 192699 b","HD 192699",304.0248392,4.5805708,340.94000000000,1.0630000000,13.40000000,666.17168000,495.11,2007,"Radial Velocity",0.082000
"Pr0211 b","Pr0211",130.5477440,19.2769570,2.14610000000,0.0317600000,13.40000000,597.52040000,1304.13,2012,"Radial Velocity",0.011000
"HATS-3 b","HATS-3",312.4574879,-24.4286938,3.54785100000,0.0485000000,15.48000000,340.38200000,1648.00,2013,"Transit",0.000000
"HD 33844 c","HD 33844",78.1505649,-14.9509775,916.00000000000,2.2400000000,13.50000000,556.20250000,360.22,2015,"Radial Velocity",0.130000
"HATS-29 b","HATS-29",285.0965172,-54.8933408,4.60587490000,0.0547500000,14.02245900,207.54299000,1212.00,2016,"Transit",0.158000
"K2-138 b","K2-138",348.9490311,-10.8497391,2.35309000000,0.0338500000,1.51000000,3.10000000,1157.00,2017,"Transit",0.048000
"gam Lib c","gam Lib",233.8818636,-14.7895020,966.49000000000,2.3180000000,12.80000000,1662.56039702,543.71,2018,"Radial Velocity",0.065000
"TOI-406.01","TOI-406",49.2626428,-42.2441492,13.17568200000,0.0809000000,2.08000000,6.57000000,368.00,2024,"Transit",0.056000
"Kepler-282 d","Kepler-282",284.6772402,44.7976401,24.80600000000,0.1583700000,2.46000000,61.00000000,588.00,2013,"Transit",0.000000
"TOI-663 b","TOI-663",160.0658525,-8.5110827,2.59890200000,0.0295000000,2.27000000,4.45000000,674.00,2024,"Transit",
"Kepler-283 b","Kepler-283",293.6137413,47.8389380,11.00815100000,0.0820000000,2.13000000,5.18000000,488.00,2014,"Transit",0.000000
"HD 195019 b","HD 195019",307.0792427,18.7692509,18.20132000000,0.1400000000,13.00000000,1264.96340000,901.66,1998,"Radial Velocity",0.010000
"BD-06 1339 c","BD-06 1339",88.2511811,-5.9963378,125.94000000000,0.4350000000,8.38000000,53.00000000,261.91,2013,"Radial Velocity",0.310000
"CoRoT-25 b","CoRoT-25",280.6296561,6.5138223,4.86069000000,0.0578000000,12.11000000,85.81000000,1330.00,2013,"Transit",0.000000
"HD 564 b","HD 564",2.4694459,-50.2678998,492.30000000000,1.2000000000,12.50000000,104.88000000,261.10,2014,"Radial Velocity",0.096000
"HATS-45 b","HATS-45",101.9942455,-21.9107112,4.18762440000,0.0551100000,14.41477400,222.48100000,1518.00,2018,"Transit",0.240000
"Kepler-421 b","Kepler-421",283.2568116,45.0876823,704.19840000000,1.2190000000,4.16000000,16.10000000,185.00,2014,"Transit",0.041000
"TOI-663 d","TOI-663",160.0658525,-8.5110827,7.10272680000,0.0576000000,1.92000000,5.20000000,482.00,2024,"Transit",
"TOI-1443 b","TOI-1443",297.3986780,76.1391776,23.54067800000,0.1470000000,2.30381001,30.00000000,520.66,2024,"Transit",0.000000
"HAT-P-41 b","HAT-P-41",297.3226523,4.6724124,2.69405000000,0.0425800000,22.97845000,378.21770000,1941.00,2012,"Transit",0.000000
"HD 5608 b","HD 5608",14.5594349,33.9505774,768.70000000000,1.7900000000,13.70000000,371.22357938,403.72,2012,"Radial Velocity",0.110000
"HD 13908 b","HD 13908",34.5609102,65.5941901,19.38200000000,0.1540000000,13.90000000,274.91000000,993.25,2013,"Radial Velocity",0.020000
"HD 108341 b","HD 108341",186.8791724,-71.4224896,1129.00000000000,2.0000000000,13.30000000,715.11391575,155.23,2014,"Radial Velocity",0.850000
"KELT-12 b","KELT-12",267.6404906,36.5701761,5.03162300000,0.0670800000,19.95202000,301.93850000,1800.00,2017,"Transit",0.000000
"HD 34445 f","HD 34445",79.4207483,7.3527156,676.80000000000,1.5430000000,6.88000000,37.90000000,266.14,2017,"Radial Velocity",0.031000
"HD 34445 e","HD 34445",79.4207483,7.3527156,49.17500000000,0.2687000000,4.26000000,16.80000000,637.76,2017,"Radial Velocity",0.090000
"KELT-19 A b","KELT-19 A",111.5095293,7.6157759,4.61170930000,0.0637000000,21.40919000,1293.56810000,1935.00,2017,"Transit",
"KOI-1257 b","KOI-1257",291.2250888,44.9272918,86.64766100000,0.3820000000,10.54000000,460.83000000,511.00,2014,"Transit",0.772000
"TOI-1226 b","TOI-1226",103.7548364,-69.8671293,3.92880881576,,2.41011120,6.39000000,1123.44,2026,"Transit",
"K2-219 d","K2-219",12.8452963,8.8675474,11.13727800000,,2.57634456,7.16000000,,2018,"Transit",
"HD 216435 b","HD 216435",343.4094703,-48.5986332,1311.00000000000,2.5600000000,13.70000000,400.40000000,242.57,2002,"Radial Velocity",0.070000
"HD 23079 b","HD 23079",54.9281897,-52.9162344,735.74000000000,1.6000000000,13.20000000,845.42356262,237.47,2001,"Radial Velocity",0.073480
"BD+49 828 b","BD+49 828",45.6406187,49.7299481,2590.00000000000,4.2000000000,13.50000000,508.50000000,320.63,2015,"Radial Velocity",0.350000
"HD 20794 e","HD 20794",49.9997666,-43.0666533,147.02000000000,0.5090000000,2.03000000,4.77000000,352.04,2017,"Radial Velocity",0.290000
"K2-239 b","K2-239",160.5941265,4.4413751,5.24000000000,0.0441000000,1.10000000,1.37000000,502.00,2018,"Transit",
"TOI-880.02","TOI-880",94.1644734,-13.9873370,2.57571000000,0.0349000000,2.19000000,5.43000000,1085.00,2024,"Transit",
"TOI-1232 b","TOI-1232",116.5013990,-61.8797935,14.25600000000,0.1170000000,10.92875618,220.57291446,785.71,2026,"Transit",0.065000
"WASP-71 b","WASP-71",29.2634506,0.7588247,2.90367000000,0.0460000000,13.22662000,441.78370000,2016.10,2012,"Transit",0.000000
"HD 159243 c","HD 159243",263.3395365,5.7008254,248.40000000000,0.8000000000,13.40000000,603.90000000,349.35,2013,"Radial Velocity",0.075000
"HIP 91258 b","HIP 91258",279.2211173,61.7015065,5.05050000000,0.0600000000,13.70000000,346.43470000,1024.97,2013,"Radial Velocity",0.020000
"HIP 109384 b","HIP 109384",332.4089720,71.3139560,499.48000000000,1.1340000000,13.50000000,495.81480000,213.83,2016,"Radial Velocity",0.549000
"HD 27894 c","HD 27894",65.1975693,-59.4096776,36.07000000000,0.1980000000,8.24000000,51.48846000,498.89,2017,"Radial Velocity",0.015000
"K2-239 d","K2-239",160.5941265,4.4413751,10.11500000000,0.0685000000,1.10000000,1.37000000,399.00,2018,"Transit",
"Kepler-778 b","Kepler-778",287.4774867,44.2374702,3.75574426000,0.0453000000,1.68000000,3.46000000,977.00,2016,"Transit",0.000000
"TOI-1244 b","TOI-1244",256.2795590,69.5190930,6.40031648300,0.0606940000,2.46700000,6.60000000,714.86,2024,"Transit",0.000000
"TOI-1466 b","TOI-1466",307.3965319,61.5507253,1.87190602231,,2.46741991,6.65000000,1001.00,2026,"Transit",
"K2-157 b","K2-157",183.7514959,-5.7820178,0.36525750000,0.0096200000,0.93500000,1.14000000,2432.00,2018,"Transit",
"HD 33564 b","HD 33564",80.6378979,79.2318488,388.00000000000,1.1000000000,12.50000000,2892.10000000,344.43,2005,"Radial Velocity",0.340000
"WASP-55 b","WASP-55",203.7581951,-17.5034961,4.46563100000,0.0558000000,14.72860064,186.24744650,1342.00,2012,"Transit",0.000000
"ROXs 12 b","ROXs 12",246.6167993,-25.4466950,,210.0000000000,12.20000000,5085.00000000,13.23,2013,"Imaging",0.830000
"bet UMi b","bet UMi",222.6764950,74.1555480,522.30000000000,1.4000000000,12.70000000,1938.70000000,1040.63,2014,"Radial Velocity",0.190000
"HD 216536 b","HD 216536",343.2665641,44.4777303,148.60001000000,0.6100000000,13.80000000,333.72150000,897.99,2015,"Radial Velocity",0.380000
"HIP 65407 b","HIP 65407",201.0876630,48.8847322,28.12500000000,0.1770000000,14.30000000,136.03124000,610.68,2016,"Radial Velocity",0.140000
"HD 12484 b","HD 12484",30.6115322,2.8158078,58.83000000000,0.2970000000,13.20000000,947.13340000,524.30,2016,"Radial Velocity",0.070000
"NGTS-1 b","NGTS-1",82.7142134,-36.6309812,2.64729800000,0.0326000000,14.90797000,258.07796000,790.00,2017,"Transit",0.016000
"K2-148 b","K2-148",14.5176494,-0.1932580,4.38395000000,0.0454000000,1.33000000,2.33000000,733.87,2018,"Transit",
"K2-158 b","K2-158",179.9397081,-5.7216879,10.06049000000,0.0887000000,2.64000000,7.46000000,794.00,2018,"Transit",
"HD 86081 b","HD 86081",149.0243714,-3.8083543,2.13784310000,0.0346000000,13.60000000,470.38840000,1860.31,2006,"Radial Velocity",0.011900
"HD 45652 b","HD 45652",97.3058709,10.9336212,44.07300000000,0.2370000000,14.30000000,137.62039000,508.40,2008,"Radial Velocity",0.607000
"WASP-62 b","WASP-62",87.1398205,-63.9883286,4.41195000000,0.0571000000,14.79588000,165.27160000,1475.30,2012,"Transit",0.000000
"TOI-1422 b","TOI-1422",354.2408290,39.6392793,12.99894000000,0.1070000000,3.83000000,9.50000000,870.00,2022,"Transit",0.200000
"HIP 65426 b","HIP 65426",201.1501727,-51.5045384,,92.0000000000,16.81350000,2860.47000000,1500.00,2017,"Imaging",
"K2-148 d","K2-148",14.5176494,-0.1932580,9.75790000000,0.0774000000,1.64000000,3.33000000,562.05,2018,"Transit",
"GJ 1265 b","GJ 1265",333.4324675,-17.6870623,3.65110000000,0.0260000000,2.63000000,7.40000000,424.04,2018,"Radial Velocity",0.040000
"HD 6061 b","HD 6061",15.5981441,37.1854394,5.25490000000,0.0600000000,2.42763557,10.00000000,1075.31,2023,"Transit",0.000000
"FU Tau b","FU Tau",65.8974962,25.0506711,,800.0000000000,12.20000000,5085.28000000,2375.00,2008,"Imaging",
"Kepler-19 c","Kepler-19",290.4209694,37.8516556,28.73100000000,0.1765736996,3.68000000,13.10000000,589.64,2011,"Transit Timing Variations",0.210000
"Kepler-25 d","Kepler-25",286.6383905,39.4879038,122.40000000000,0.4164221832,10.00000000,71.90000000,544.68,2014,"Radial Velocity",0.130000
"HIP 8541 b","HIP 8541",27.5271962,-54.4651633,1852.14387000000,3.7290000000,12.60000000,2451.72833160,305.12,2016,"Radial Velocity",0.360000
"K2-113 b","K2-113",19.4493823,6.8688469,5.81768500000,0.0642000000,12.14000000,410.00070000,1098.00,2017,"Transit",0.000000
"K2-152 b","K2-152",181.6324078,-5.8274311,32.64790000000,0.1716000000,2.29000000,5.86000000,337.00,2018,"Transit",
"K2-243 c","K2-243",181.1211419,-4.8991358,24.94598000000,0.1817000000,2.01000000,4.70000000,801.00,2018,"Transit",
"HD 13167 b","HD 13167",32.0576350,-24.6955750,2613.00000000000,4.1000000000,13.10000000,1052.01730000,208.79,2018,"Radial Velocity",0.563000
"TOI-929 b","TOI-929",45.9071657,-39.9307758,5.83015366944,,2.68983343,7.70000000,774.00,2026,"Transit",
"K2-162 b","K2-162",186.0383865,-1.1114790,9.45889000000,0.0795000000,1.44000000,2.67000000,631.00,2018,"Transit",
"K2-161 b","K2-161",183.7938491,-3.4956913,9.28318800000,,6.11721229,31.10000000,,2018,"Transit",
"KELT-3 b","KELT-3",148.6431193,40.3879446,2.70339000000,0.0412300000,17.48604000,616.59020000,1816.00,2013,"Transit",0.000000
"Kepler-97 c","Kepler-97",287.3265292,48.6733443,789.00000000000,,,344.00000000,,2014,"Radial Velocity",
"KELT-14 b","KELT-14",108.3014090,-42.4097623,1.71005660000,0.0300500000,19.53728700,408.09372000,1970.00,2016,"Transit",0.000000
"tau Cet h","tau Cet",26.0093029,-15.9337987,49.41000000000,0.2430000000,1.19000000,1.83000000,473.22,2017,"Radial Velocity",0.230000
"K2-154 c","K2-154",189.0015173,-2.6696217,7.95486000000,0.0677000000,2.07000000,4.94000000,552.00,2018,"Transit",
"K2-246 b","K2-246",181.6296115,-1.1606000,5.76918000000,0.0602000000,3.49000000,12.00000000,977.00,2018,"Transit",
"TOI-969 b","TOI-969",115.1366858,2.0985879,1.82373050000,0.0263600000,2.76500000,9.10000000,941.00,2022,"Transit",
"TOI-1291 b","TOI-1291",245.8180089,62.9251213,7.16200975510,,5.63826391,27.10000000,1649.00,2026,"Transit",
"HD 220689 b","HD 220689",351.4707282,-20.6167923,2266.40000000000,3.3960000000,13.70000000,381.39408840,160.11,2012,"Radial Velocity",0.054000
"GJ 163 b","GJ 163",62.3228353,-53.3711768,8.63182000000,0.0607000000,3.25000000,10.60000000,438.49,2013,"Radial Velocity",0.073000
"HAT-P-53 b","HAT-P-53",21.8711012,38.9681137,1.96162410000,0.0315900000,14.77346200,471.65972000,1778.00,2015,"Transit",0.134000
"HD 111591 b","HD 111591",192.5725483,22.8631285,1056.40000000000,2.5000000000,12.90000000,1398.45200000,422.08,2017,"Radial Velocity",0.260000
"K2-155 b","K2-155",65.4696140,21.3532633,6.34200000000,0.0562000000,1.80000000,3.89000000,708.00,2018,"Transit",
"HD 180053 b","HD 180053",288.4008374,34.9146658,213.72000000000,0.8430000000,13.30000000,697.31902000,542.98,2018,"Radial Velocity",0.081000
"TOI-1669 c","TOI-1669",45.9564744,83.5874273,2.68005350000,0.0376000000,2.29639770,13.00000000,1285.16,2024,"Transit",0.000000
"K2-165 d","K2-165",184.9004881,0.9683270,14.10136100000,,2.64809498,7.50000000,629.38,2018,"Transit",
"DENIS-P J082303.1-491201 b","DENIS-P J082303.1-491201",125.7620668,-49.2003008,246.36000000000,0.3600000000,11.90000000,9057.77000000,,2013,"Astrometry",0.345000
"NGC 2682 YBP 1514 b","NGC 2682 YBP 1514",132.7531307,11.8865128,5.11800000000,,14.00000000,127.13200000,,2014,"Radial Velocity",0.280000
"HD 14067 b","HD 14067",34.2933480,23.7676546,2744.00000000000,5.1500000000,12.20000000,4862.77462710,360.28,2014,"Radial Velocity",0.650000
"K2-30 b","K2-30",52.3420548,22.2993491,4.09850300000,0.0483900000,11.64615100,184.02357000,1092.00,2016,"Transit",0.000000
"YZ Cet d","YZ Cet",18.1330792,-16.9962434,4.65626000000,0.0285100000,1.03000000,1.09000000,356.70,2017,"Radial Velocity",0.070000
"Kepler-90 i","KOI-351",284.4334642,49.3051239,14.44912000000,0.1201380843,1.32000000,2.30000000,709.00,2017,"Transit",0.000000
"HD 75784 c","HD 75784",133.0992289,13.2330548,7900.00000000000,8.4000000000,12.80000000,1792.56120000,149.31,2018,"Radial Velocity",0.489000
"WASP-56 b","WASP-56",183.3660401,23.0556870,4.61710000000,0.0561400000,10.53646000,143.02350000,1216.00,2012,"Transit",0.000000
"GJ 667 C g","GJ 667 C",259.7510609,-34.9977651,256.20000000000,0.5490000000,1.99000000,4.60000000,,2013,"Radial Velocity",0.080000
"WASP-135 b","WASP-135",267.2848846,29.8790428,1.40137940000,0.0243000000,14.57170000,603.87700000,1403.66,2015,"Transit",0.000000
"CoRoT-32 b","CoRoT-32",100.1951714,9.2573953,6.71837000000,0.0710000000,6.38913000,47.67450000,938.00,2018,"Transit",
"TOI-1054.01","TOI-1054",302.1141738,-54.3175014,15.50778550000,,2.43432000,6.50000000,853.00,2021,"Transit",
"Kepler-504 b","Kepler-504",284.9219608,45.9723265,9.54927542200,0.0646000000,1.59000000,3.15000000,374.00,2016,"Transit",0.000000
"KMT-2025-BLG-0975L b","KMT-2025-BLG-0975L",267.5743333,-30.5875000,,0.8100000000,5.97000000,29.80000000,,2026,"Microlensing",
"TOI-1691 b","TOI-1691",272.4041179,86.8603430,16.73688893500,0.1293650000,3.66000000,14.60000000,703.49,2024,"Transit",0.000000
"K2-221 b","K2-221",16.6550286,10.1897385,2.39909400000,,1.67890272,3.46000000,,2018,"Transit",
"GJ 504 b","GJ 504",199.1923480,9.4249781,,43.5000000000,12.10569916,1271.30000000,510.00,2013,"Imaging",
"WASP-68 b","WASP-68",305.0957239,-19.3147271,5.08430000000,0.0620600000,14.79588000,343.25640000,1490.00,2014,"Transit",0.000000
"psi1 Dra B b","psi1 Dra B",265.4925754,72.1557114,3117.00000000000,4.4300000000,13.50000000,486.27990000,159.48,2015,"Radial Velocity",0.400000
"K2-118 b","K2-118",132.1268608,15.6558964,50.92092000000,0.2450000000,2.54000000,6.99000000,394.64,2017,"Transit",0.200000
"GJ 3942 b","GJ 3942",242.2645452,52.9441443,6.90500000000,0.0608000000,2.57000000,7.14000000,590.00,2017,"Radial Velocity",0.121000
"Kepler-1654 b","Kepler-1654",282.1856949,44.4344617,1047.83560000000,2.0260000000,9.18017100,158.91500000,206.00,2018,"Transit",0.260000
"Kepler-750 b","Kepler-750",289.0968274,44.0043640,9.42887179000,0.0874200000,3.07000000,9.64000000,1163.00,2016,"Transit",0.000000
"WASP-78 b","WASP-78",63.7562662,-22.1163901,2.17518000000,0.0348800000,21.63337000,352.79130000,2469.70,2012,"Transit",0.000000
"HD 66141 b","HD 66141",120.5662825,2.3350265,480.50000000000,1.2000000000,12.80000000,1906.90000000,880.31,2012,"Radial Velocity",0.070000
"HD 203030 b","HD 203030",319.7432238,26.2305846,,487.1000000000,14.45958510,3496.11247700,1040.00,2006,"Imaging",
"WASP-88 b","WASP-88",309.5112337,-48.4620833,4.95400000000,0.0643100000,16.36514000,133.48860000,1772.00,2014,"Transit",0.000000
"KIC 10001893 c","KIC 10001893",287.3892308,46.9844491,0.32528000000,,,,,2014,"Orbital Brightness Modulation",
"Wolf 1061 d","Wolf 1061",247.5748276,-12.6676866,217.21000000000,0.4700000000,2.69000000,7.70000000,130.24,2015,"Radial Velocity",0.550000
"K2-130 b","K2-130",290.2705419,-19.6908744,2.49412000000,0.0320000000,1.25000000,2.10000000,1013.11,2017,"Transit",0.170000
"K2-129 b","K2-129",289.1485491,-25.6463233,8.23949300000,0.0570000000,1.04000000,1.12000000,419.19,2017,"Transit",0.130000
"HD 147379 b","HD 147379",244.1725686,67.2392041,86.58000000000,0.3193000000,4.94000000,21.60000000,276.66,2017,"Radial Velocity",0.063000
"HATS-42 b","HATS-42",108.4523991,-33.4373462,2.29210200000,0.0368900000,15.69260000,597.52040000,1856.00,2018,"Transit",0.229000
"WASP-144 b","WASP-144",320.7628761,-40.0484393,2.27831520000,0.0316000000,9.52765000,139.84520000,1260.00,2018,"Transit",0.000000
"HD 83443 c","HD 83443",144.2994103,-43.2727210,8241.00000000000,8.0000000000,13.60000000,476.74261050,89.95,2022,"Radial Velocity",0.760000
"TOI-1347 c","TOI-1347",280.3266806,70.2900536,4.84196200000,0.0546000000,1.60000000,6.40000000,1000.00,2024,"Transit",0.000000
"HD 108147 b","HD 108147",186.4409852,-64.0223492,10.89850000000,0.1020000000,10.90000000,82.95000000,890.00,2002,"Radial Velocity",0.530000
"CHXR 73 b","CHXR 73",166.6193985,-77.6258725,,210.0000000000,12.30000000,3994.48600000,,2006,"Imaging",
"KIC 8540376 b","KOI-7892",282.3775397,44.6945690,31.80990000000,,4.10000000,15.80000000,,2015,"Transit",
"HATS-51 b","HATS-51",102.8474248,-29.0586551,3.34887020000,0.0463900000,15.80469000,244.09344000,1553.00,2017,"Transit",0.330000
"K2-233 b","K2-233",230.4799011,-20.2317975,2.46758300000,0.0329300000,1.31500000,2.40000000,1127.00,2018,"Transit",0.000000
"Kepler-814 b","Kepler-814",284.9105256,48.4315896,6.14698510000,0.0695000000,2.12000000,5.14000000,1164.00,2016,"Transit",0.000000
"HD 18599 b","HD 18599",44.2620144,-56.1918694,4.13743540000,0.0480000000,2.60000000,24.10000000,863.00,2022,"Transit",0.340000
"Kepler-127 c","Kepler-127",285.1899439,46.0280596,29.39319500000,0.2000000000,2.66000000,7.56000000,698.00,2014,"Transit",0.030000
"HIP 55507 b","HIP 55507",170.5227246,46.9078030,5138.43727000000,5.0620000000,12.60000000,2585.53409095,76.05,2022,"Radial Velocity",0.362000
"NGC 2682 Sand 1429 b","NGC 2682 Sand 1429",133.0147781,11.6899626,77.48000000000,0.3840000000,13.40000000,572.09113260,683.00,2024,"Radial Velocity",0.000000
"Kepler-955 b","Kepler-955",288.4714969,40.2698157,14.53244172000,0.1083000000,3.13000000,9.96000000,664.00,2016,"Transit",0.000000
"Kepler-962 b","Kepler-962",295.3131906,46.2375024,12.05707239000,0.0987400000,1.97000000,4.54000000,689.00,2016,"Transit",0.000000
"TOI-5678 b","TOI-5678",47.3841872,-34.1984808,47.73022000000,0.2490000000,4.91000000,20.00000000,513.00,2023,"Transit",0.140000
"HD 155918 c","HD 155918",260.5364025,-75.3492390,17202.19446000000,13.1830000000,12.80000000,1878.04805696,77.38,2022,"Radial Velocity",0.071000
"TOI-6034 b","TOI-6034",317.9001392,68.4020762,2.57618400000,0.0294900000,11.92000000,254.00000000,714.00,2024,"Transit",0.040000
"HD 101581 b","HIP 56998",175.2563039,-44.4041485,4.46569000000,0.0460000000,0.95600000,0.82700000,834.00,2025,"Transit",
"Kepler-922 b","Kepler-922",284.7316084,49.5331490,0.93846683200,0.0179500000,1.42000000,2.60000000,1876.00,2016,"Transit",0.000000
"Barnard c","Barnard's star",269.4486144,4.7379808,4.12440000000,0.0274000000,0.74300000,0.33500000,400.00,2025,"Radial Velocity",0.080000
"TIC 32032563 b","TIC 32032563",56.0905221,-68.8580554,13.83460487791,,3.47739942,11.90000000,,2026,"Transit",
"Kepler-911 b","Kepler-911",298.5891948,40.7506921,20.31050100000,0.1559400000,2.60000000,7.27000000,931.00,2016,"Transit",0.000000
"HD 16905 b","HD 16905",40.0136203,-61.3550396,10256.00000000000,8.8000000000,12.40000000,3591.46099910,69.63,2022,"Radial Velocity",0.680000
"HD 184010 b","HD 184010",292.8401421,26.6172796,286.60000000000,0.9400000000,12.10000000,98.52680617,545.04,2022,"Radial Velocity",0.000000
"TOI-6041 b","TOI-6041",46.0610334,43.5576668,26.04945000000,0.1651000000,4.55000000,28.90000000,605.60,2025,"Transit",
"TOI-6281 b","TOI-6281",172.3785238,-40.6094246,1.05426244177,,1.92416074,4.36000000,2240.00,2026,"Transit",
"Luhman 16 b","Luhman 16 A",162.3282594,-53.3193715,9697.00000000000,3.5200000000,11.90000000,9344.15516580,,2017,"Imaging",0.344000
"Barnard b","Barnard's star",269.4486144,4.7379808,3.15420000000,0.0229000000,0.72000000,0.29900000,438.00,2024,"Radial Velocity",0.030000
"Barnard e","Barnard's star",269.4486144,4.7379808,6.73920000000,0.0381000000,0.63700000,0.19300000,340.00,2025,"Radial Velocity",0.040000
"HD 224018 c","HD 224018",358.6390056,-4.7233362,36.57669000000,0.2170000000,2.42000000,10.40000000,641.00,2025,"Transit",0.020000
"TIC 38825265 b","TIC 38825265",68.2492759,-65.2039666,3.31336980985,,2.18869476,5.43000000,,2026,"Transit",
"Kepler-1012 b","Kepler-1012",289.2962253,46.4579889,5.50860439000,0.0606600000,1.29000000,2.21000000,934.00,2016,"Transit",0.000000
"Kepler-1754 b","Kepler-1754",295.4570818,50.0771838,8.19594955400,0.0718000000,2.43996509,6.53000000,672.00,2021,"Transit",0.000000
"LHS 1678 d","LHS 1678",68.1789866,-39.7908744,4.96522290000,0.0400000000,0.98100000,0.90700000,462.95,2024,"Transit",0.036000
"HD 18143 c","HD 18143",43.9140248,26.8723829,28982.41764000000,17.5300000000,12.50000000,3177.64841319,54.55,2022,"Radial Velocity",0.194000
"Kepler-935 b","Kepler-935",295.0217193,46.6192011,4.88083852000,0.0527000000,1.35000000,2.39000000,879.00,2016,"Transit",0.000000
"Kepler-879 c","Kepler-879",295.8065515,50.9097521,0.64671600000,,0.40000000,0.03640000,,2024,"Transit",
"ZTF J1230-2655 b","ZTF J1230-2655",187.5689308,-26.9309608,0.23597766000,,13.78704626,7024.00779470,2949.65,2025,"Transit",
"TIC 270471727 b","TIC 270471727",97.2114071,-78.4730589,10.45623256647,,2.75029559,8.00000000,1147.10,2026,"Transit",
"TIC 65612701 b","TIC 65612701",310.4738195,36.3388288,10.22467974953,,5.07802804,22.70000000,,2026,"Transit",
"Kepler-1014 b","Kepler-1014",285.1219875,44.1105331,16.57110363000,0.1210000000,2.39000000,6.30000000,614.00,2016,"Transit",0.000000
"Kepler-1044 b","Kepler-1044",293.1444017,46.6662155,6.77408868000,0.0741000000,2.67000000,7.61000000,1058.00,2016,"Transit",0.000000
"Kepler-66 b","Kepler-66",293.9815378,46.6877280,17.81581500000,0.1352000000,2.80000000,8.25000000,699.00,2013,"Transit",0.000000
"Kepler-857 b","Kepler-857",294.6323978,43.4004526,85.35129427000,0.3751000000,6.80000000,37.20000000,390.00,2016,"Transit",0.000000
"TOI-6080 b","TOI-6080",266.6044226,38.0787076,8.05562348084,,3.32424168,11.00000000,919.33,2026,"Transit",
"Wolf 1069 b","Wolf 1069",306.5242477,58.5753044,15.56400000000,0.0672000000,1.08000000,1.26000000,250.10,2023,"Radial Velocity",
"TOI-6330 b","TOI-6330",22.1679816,53.6860778,6.85002460000,0.0576300000,10.89000000,3179.00000000,495.00,2025,"Transit",0.340000
"ITG 15 b","ITG 15 A",69.9370379,26.0312128,,435.0000000000,12.10000000,6674.39654700,2601.00,2024,"Imaging",
"WISPIT 2 b","WISPIT 2",290.8209991,-7.6820823,,57.0000000000,17.93436912,1541.46777395,33.46,2025,"Imaging",
"NGTS-38 b","NGTS-38",108.7147541,-29.4306223,180.52797000000,0.6970000000,12.11690814,1516.04150139,457.00,2026,"Transit",0.308600
"TOI-5210 b","TOI-5210",314.3169230,21.9502055,4.56610610000,0.0557000000,10.72699453,81.99972901,1286.00,2025,"Transit",0.066000
"TOI-5726.01","TOI-5726",123.3950504,68.5745899,5.49112521500,0.0621860000,2.55400000,7.05000000,1093.03,2024,"Transit",
"HD 194490 b","HD 194490",306.9980087,-51.6644646,13092.18348000000,11.1160000000,12.40000000,3561.90295725,90.87,2022,"Radial Velocity",0.251000
"HD 190228 b","HD 190228",300.7537294,28.3065564,1143.59858000000,2.4060000000,12.90000000,1598.67688721,267.99,2022,"Radial Velocity",0.559000
"HD 206893 b","HD 206893",326.3416874,-12.7833522,11100.00000000000,10.7500000000,14.01122587,6197.65393650,1429.20,2021,"Imaging",0.069000
"HD 112570 b","HD 112570",194.2824262,46.1765638,2615.00000000000,3.9000000000,13.10000000,1086.97315194,364.01,2023,"Radial Velocity",0.200000
"HD 154391 b","HD 154391",255.3201345,60.6489226,5163.00000000000,7.4600000000,12.50000000,2892.23850370,253.57,2023,"Radial Velocity",0.200000
"G 196-3 b","G 196-3",151.0884754,50.3861806,,350.0000000000,12.00000000,8263.53858200,1670.00,2024,"Imaging",
"Kepler-1026 b","Kepler-1026",283.6053012,39.9979286,36.51560530000,0.1977000000,2.21000000,5.52000000,425.00,2016,"Transit",0.000000
"G 261-6 b","G 261-6",291.0743200,75.5558405,5.45360000000,0.0297100000,1.10000000,1.37000000,322.30,2025,"Radial Velocity",0.000000
"TOI-5789 d","TOI-5789",302.7734475,16.1897138,29.65000000000,0.1756000000,1.91000000,4.29000000,545.00,2026,"Radial Velocity",0.096000
"TOI-5789 b","TOI-5789",302.7734475,16.1897138,2.76369000000,0.0360800000,1.26000000,2.12000000,1201.00,2026,"Radial Velocity",0.000000
"TIC 142589416 b","TIC 142589416",168.2439697,73.8301439,2.09518466313,,2.67899519,7.65000000,,2026,"Transit",
"NGTS-39 b","NGTS-39",109.9386973,9.9412647,58.20472000000,0.3077000000,12.19537100,466.25427307,519.00,2026,"Transit",0.386000
"Gliese 48 b","Gliese 48",15.6582402,71.6781735,39.62990000000,0.1752000000,2.77000000,8.11000000,271.00,2026,"Radial Velocity",0.000000
"Kepler-993 b","Kepler-993",292.6141076,44.3946644,22.08557563000,0.1300000000,2.97000000,9.11000000,352.00,2016,"Transit",0.000000
"Kepler-80 d","Kepler-80",296.1125759,39.9787451,3.07222000000,0.0372000000,1.53000000,6.75000000,722.00,2014,"Transit",0.004100
"K2-411 b","K2-411",58.0036310,19.3909877,3.21410000000,0.0511000000,0.98980000,0.93700000,1428.52,2022,"Transit",
"HD 169142 b","HD 169142",276.1240717,-29.7805318,,37.2000000000,13.10000000,953.48522100,71.02,2023,"Imaging",
"TOI-6383 A b","TOI-6383 A",60.4246951,60.8913677,1.79058695000,0.0229200000,11.29000000,331.00000000,745.00,2024,"Transit",0.050000
"TIC 139270665 b","TIC 139270665",124.0338967,33.2914532,23.62400000000,0.1630000000,7.22979255,147.15455244,703.00,2024,"Transit",0.105000
"TOI-7149 b","TOI-7149",244.7384657,19.1758116,2.65206166000,0.0260300000,13.20000000,224.00000000,593.00,2025,"Transit",0.078000
"Kepler-348 b","Kepler-348",297.2550814,40.5483883,7.05677000000,0.0760000000,1.52000000,2.92000000,1196.00,2014,"Transit",0.000000
"TOI-5789 e","TOI-5789",302.7734475,16.1897138,62.98000000000,0.2901000000,3.43000000,11.61000000,424.00,2026,"Radial Velocity",0.071000
"TIC 154870955 b","TIC 154870955",191.7456685,88.8298759,7.96987471280,,3.09467466,9.77000000,,2026,"Transit",
"Kepler-332 b","Kepler-332",286.6627811,47.4136938,7.62632400000,0.0700000000,1.17000000,1.71000000,703.00,2014,"Transit",0.000000
"TOI-5238 b","TOI-5238",223.3588909,68.8594720,4.87217100000,,5.22000000,23.70000000,1042.00,2022,"Transit",
"Kepler-914 b","Kepler-914",290.4120774,44.8993227,4.40966548000,0.0545400000,1.38000000,2.48000000,1192.00,2016,"Transit",0.000000
"K2-413 c","K2-413",353.4175668,-7.6120272,5.33010000000,0.0426000000,1.23270000,2.05000000,804.55,2022,"Transit",
"TOI-6086 b","TOI-6086",265.3704236,30.3037755,1.38887250000,0.0154100000,1.18000000,1.76000000,634.00,2024,"Transit",
"Kepler-314 c","Kepler-314",294.6741507,42.0756037,5.96039200000,0.0640000000,2.90000000,8.75000000,890.00,2014,"Transit",0.000000
"HIP 29442 c","TOI-469",93.0578446,-14.6493167,3.53795590000,0.0451800000,1.55100000,4.50000000,1123.00,2023,"Radial Velocity",
"HD 63433 d","HD 63433",117.4793699,27.3631342,4.20907500000,0.0503000000,1.07300000,1.25000000,1040.00,2023,"Transit",0.160000
"Kepler-317 b","Kepler-317",294.9438822,39.0320499,5.52424200000,0.0610000000,2.09000000,109.80000000,976.00,2014,"Transit",0.000000
"TOI-7384 b","TOI-7384",83.1031834,-39.8342501,6.23402580000,0.0439000000,3.56000000,12.40000000,378.00,2026,"Transit",0.400000
"Kepler-1768 b","Kepler-1768",299.9572335,44.7718851,15.13589954000,0.1286000000,2.23346338,5.62000000,933.00,2021,"Transit",0.000000
"Kepler-981 b","Kepler-981",289.2489051,47.6501141,4.46975773600,0.0535000000,2.31000000,5.95000000,1103.00,2016,"Transit",0.000000
"Kepler-1043 b","Kepler-1043",281.6629579,47.5685927,38.50533980000,0.2159000000,2.55000000,7.04000000,532.00,2016,"Transit",0.000000
"TOI-5777 b","TOI-5777",141.0022390,82.8586961,6.91716177373,,3.09551273,9.78000000,602.00,2026,"Transit",
"HIP 113103 b","HIP 113103",343.5723794,-43.0102291,7.61030300000,0.0689900000,1.82900000,4.00000000,721.00,2023,"Transit",0.170000
"UCAC3 113-933 b","UCAC3 113-933",5.2758121,-33.8031679,,6100.0000000000,12.10000000,6674.39654700,1.79,2024,"Imaging",
"HD 73344 c","HD 73344",129.6894456,23.6852651,65.94000000000,0.3388000000,13.50000000,118.54999581,562.57,2025,"Radial Velocity",0.124000
"Kepler-139 f","Kepler-139",282.3919451,43.8894167,355.00000000000,,6.67000000,36.00000000,,2025,"Transit Timing Variations",
"TIC 249022743 b","TIC 249022743",78.5762192,-3.4466123,2.25719681538,,4.79568155,20.60000000,,2026,"Transit",
"TIC 260969020 b","TIC 260969020",74.9407148,-79.5859489,8.48584501953,,2.22686612,5.59000000,,2026,"Transit",
"Kepler-62 e","Kepler-62",283.2125621,45.3496992,122.38740000000,0.4270000000,1.61000000,36.00000000,270.00,2013,"Transit",0.000000
"HD 105618 c","HD 105618",182.4021288,11.2115695,77114.07158000000,35.7310000000,11.90000000,8419.59232984,51.64,2022,"Radial Velocity",0.126000
"HIP 113103 c","HIP 113103",343.5723794,-43.0102291,14.24564800000,0.1047900000,2.40000000,6.35000000,585.00,2023,"Transit",0.170000
"Kepler-1053 b","Kepler-1053",291.4186349,39.1273664,2.41435165400,0.0315000000,0.98000000,0.90400000,953.00,2016,"Transit",0.000000
"Kepler-102 d","Kepler-102",281.4824731,47.2078263,10.31176700000,0.0861800000,1.15400000,3.00000000,686.00,2014,"Transit",0.092000
"HD 196067 c","HD 196067",310.4364195,-75.3514992,4.60108800000,,3.21000000,10.40000000,,2025,"Radial Velocity",0.235000
"GJ 887 d","GJ 887",346.5027573,-35.8473489,50.77000000000,0.2120000000,2.34000000,6.10000000,241.00,2026,"Radial Velocity",
"Kepler-347 b","Kepler-347",289.1995995,49.3056404,12.79836000000,0.1100000000,1.97000000,4.54000000,908.00,2014,"Transit",0.000000
"HD 11112 b","HD 11112",27.0881399,-41.4944106,17244.90764000000,13.3800000000,12.60000000,2598.56505563,94.51,2022,"Radial Velocity",0.285000
"Kepler-485 b","Kepler-485",294.9963415,50.4700458,3.24325979600,0.0440100000,14.41000000,,1243.00,2016,"Transit",0.000000
"TIC 393818343 b","TIC 393818343",310.2917002,3.6382967,16.24921000000,0.1291000000,12.18416202,1379.37528638,805.50,2024,"Transit",0.605800
"Kepler-1032 b","Kepler-1032",289.9308779,40.0977109,3.29011795300,0.0361000000,1.87000000,4.16000000,802.00,2016,"Transit",0.000000
"HD 284149 AB b","HD 284149 A",61.6616887,20.3030344,,431.1600000000,12.00000000,8352.53053596,2395.00,2017,"Imaging",
"WASP-132 d","WASP-132",217.6091998,-46.1595160,1816.60000000000,2.7100000000,12.80000000,1639.99458012,107.00,2024,"Radial Velocity",0.120000
"K2-157 c","K2-157",183.7514959,-5.7820178,25.94200000000,0.1650000000,6.08000000,30.80000000,587.00,2025,"Radial Velocity",0.200000
"KOINTREAU-4 b","2MASS J16262785-2625152",246.6160467,-26.4209954,,182.0000000000,12.20000000,4862.77462710,,2026,"Imaging",
"TIC 390586021 b","TIC 390586021",199.8225789,-31.4655097,2.74703755819,,2.86009388,8.55000000,,2026,"Transit",
"HD 113337 c","HD 113337",195.4438496,63.6103280,5429.93477000000,6.8050000000,12.10000000,6299.67685515,153.36,2020,"Radial Velocity",0.164000
"HD 94771 b","HD 94771",163.9746776,-35.1145225,2164.00000000000,3.4800000000,14.20000000,169.00000000,200.79,2023,"Radial Velocity",0.390000
"TOI-6695 b","TOI-6695",129.5720221,-23.5502170,80.38900000000,0.4020000000,9.52763359,66.74396547,599.00,2025,"Transit",0.040000
"Gaia-5 b","Gaia-5",302.0408173,41.9415455,358.62000000000,,12.10000000,6633.07885409,,2025,"Astrometry",0.642300
"DMPP-2 d","DMPP-2",27.4077310,-34.4590985,16.49100000000,0.1432000000,11.60000000,91.79000000,1105.06,2026,"Radial Velocity",0.100000
"TIC 423703298 b","TIC 423703298",22.9360486,-17.0135676,4.03712711976,,2.77230429,8.11000000,,2026,"Transit",
"Kepler-335 b","Kepler-335",296.0642944,45.4285986,6.56233100000,0.0750000000,3.39000000,11.40000000,1290.00,2014,"Transit",0.000000
"Kepler-1023 b","Kepler-1023",289.0297232,49.7697034,62.13877140000,0.3028400000,2.63000000,7.41000000,524.00,2016,"Transit",0.000000
"TOI-5592 b","TOI-5592",106.6800684,65.8572490,2.60858460000,0.0393500000,17.14974047,285.72773789,1789.00,2025,"Transit",0.062000
"HD 122562 c","HD 122562",210.5886904,20.8810286,84.96276000000,0.4060000000,10.10000000,73.10053361,552.02,2022,"Radial Velocity",0.228000
"HD 115404 A c","HD 115404 A",199.2155793,17.0160384,15319.22517000000,11.3640000000,12.50000000,3279.67133183,61.22,2022,"Radial Velocity",0.211000
"GJ 1002 c","GJ 1002",1.6764641,-7.5462123,21.20200000000,0.0738000000,1.10000000,1.36000000,181.70,2022,"Radial Velocity",
"Kepler-932 b","Kepler-932",296.9520797,43.2720233,1.92143739600,0.0287600000,1.37000000,2.45000000,1276.00,2016,"Transit",0.000000
"TOI-6707 b","TOI-6707",109.7634707,-58.1155263,3.83479363758,,5.72673066,27.80000000,1509.43,2026,"Transit",
"Kepler-139 e","Kepler-139",282.3919451,43.8894167,2047.63537300000,3.2357963900,13.70000000,378.00000000,154.06,2023,"Radial Velocity",0.013121
"Kepler-328 c","Kepler-328",295.8092756,40.0084866,71.31200000000,0.3540000000,5.40000000,39.40000000,475.00,2013,"Transit",0.000000
"TOI-7510 d","TOI-7510",273.7281880,-54.4340547,48.86446800000,0.2672000000,10.52000000,190.00000000,542.40,2025,"Transit",0.040000
"Kepler-138 d","Kepler-138",290.3814122,43.2930645,23.09230000000,0.1288000000,1.51000000,2.10000000,345.00,2014,"Transit",0.010000
"Kepler-1779 b","Kepler-1779",300.4174607,45.6054854,16.34359932000,0.1264000000,3.03295685,9.44000000,730.00,2021,"Transit",0.000000
"Kepler-973 b","Kepler-973",290.1653203,49.9238126,49.60773310000,0.2489000000,1.96000000,4.50000000,402.00,2016,"Transit",0.000000
"TOI-5595 b","TOI-5595",110.4601649,35.2219829,5.99002553853,,4.73740402,20.10000000,621.00,2026,"Transit",
"HD 203387 b","HD 203387",320.5617820,-16.8345229,512.53520000000,1.7710000000,13.10000000,1106.04285636,610.00,2022,"Radial Velocity",0.732000
"TOI-6016 b","TOI-6016",4.5239602,59.7661983,4.02368700000,0.0550000000,13.67495645,371.85923619,1890.00,2024,"Transit",0.000000
"HIP 99770 b","HIP 99770",303.6338344,36.8066046,18600.00000000000,15.8000000000,12.20000000,5403.08291900,135.17,2023,"Imaging",0.310000
"Kepler-1772 b","Kepler-1772",289.4381201,39.2703594,3.21509003600,0.0439100000,2.68609988,7.68000000,1155.00,2021,"Transit",0.000000
"GJ 2126 b","GJ 2126",257.3606793,-35.3917190,272.70000000000,0.7100000000,13.60000000,413.17692910,203.08,2025,"Radial Velocity",0.850000
"TOI-5616 b","TOI-5616",184.9016378,48.6832895,2.00284900000,0.0272000000,10.78000000,624.00000000,939.00,2024,"Transit",0.000000
"Kepler-408 b","Kepler-408",284.7862158,48.4232622,2.46502000000,0.0359200000,0.82000000,5.00000000,1561.00,2014,"Transit",0.000000
"Gaia23braL b","Gaia23braL",155.6294583,-63.2639167,,4.8470000000,13.50000000,518.06030341,129.20,2026,"Microlensing",
"Kepler-10 d","Kepler-10",285.6792980,50.2414842,151.06000000000,0.5379000000,3.49000000,12.00000000,387.00,2023,"Radial Velocity",0.190000
"GJ 3988 b","GJ 3988",255.8503747,51.4089795,6.94420000000,0.0405000000,1.74000000,3.69000000,348.00,2023,"Radial Velocity",0.000000
"TOI-1408 c","TOI-1408",313.5110469,72.5806455,2.16640000000,0.0358700000,2.22000000,7.60000000,1864.00,2024,"Transit Timing Variations",0.135300
"HD 68475 b","HD 68475",122.7192621,-42.8128841,7832.00000000000,7.2700000000,12.80000000,1639.99458012,79.88,2026,"Radial Velocity",0.620000
"HD 48265 c","HD 48265",100.0073683,-48.5418284,10418.00000000000,10.4000000000,12.90000000,1414.33641115,124.28,2026,"Radial Velocity",0.410000
"Kepler-958 b","Kepler-958",287.2566578,46.0667247,9.76788050000,0.0863100000,2.06000000,4.90000000,749.00,2016,"Transit",0.000000
"TOI-5624 d","TOI-5624",180.8443476,49.2512257,13.73146800000,0.1067000000,3.58400000,4.90000000,712.60,2026,"Transit",0.000000
"KOI-351 d","KOI-351",284.4334642,49.3051239,59.73667000000,0.3200000000,2.87000000,8.60000000,520.00,2013,"Transit",0.000000
"Kepler-20 e","Kepler-20",287.6979913,42.3385782,6.09848820000,0.0637000000,0.82100000,0.76000000,1004.00,2011,"Transit",0.092000
"nu Oct A b","nu Oct A",325.3702792,-77.3910853,402.40000000000,1.2400000000,13.30000000,696.04421133,477.33,2016,"Radial Velocity",0.195000
"TOI-1288 c","TOI-1288",313.1670294,65.6087833,416.00000000000,1.0700000000,11.10000000,85.70000000,245.88,2022,"Radial Velocity",0.000000
"Kepler-104 c","Kepler-104",287.6046621,42.1665104,23.66820500000,0.1530000000,3.13000000,7.14430805,668.00,2014,"Transit",0.000000
"Kepler-507 b","Kepler-507",297.0188074,50.4090460,3.56809692600,0.0478100000,1.30000000,5.69692195,1407.00,2016,"Transit",0.000000
"HN Lib b","HN Lib",218.5684823,-12.5170062,36.11600000000,0.1417000000,2.20000000,5.46000000,234.40,2023,"Radial Velocity",0.079000
"Kepler-49 d","Kepler-49",292.2945208,40.5918123,2.57654900000,0.0310000000,1.60000000,235.98200000,717.00,2014,"Transit",0.000000
"HIP 10090 b","HIP 10090",32.4351198,-30.7470844,2960.00000000000,3.8700000000,13.00000000,1229.99593509,163.17,2026,"Radial Velocity",0.115000
"Kepler-346 b","Kepler-346",288.0119248,46.1176003,6.51112700000,0.0710000000,2.66000000,7.56000000,1008.00,2014,"Transit",0.000000
"Kepler-265 d","Kepler-265",290.5104788,41.2447430,43.13061700000,0.2360000000,2.49000000,6.76000000,554.00,2014,"Transit",0.000000
"Kepler-399 b","Kepler-399",299.5017242,40.6707669,14.42528100000,0.1030000000,0.96000000,0.84000000,773.00,2014,"Transit",0.000000
"Kepler-110 c","Kepler-110",292.9291693,48.6028303,31.71977500000,0.1980000000,2.21000000,5.52000000,743.00,2014,"Transit",0.000000
"Kepler-1248 b","Kepler-1248",288.0592191,51.3544564,7.46725407000,0.0806000000,1.18000000,1.76000000,1035.00,2016,"Transit",0.000000
"Kepler-1269 b","Kepler-1269",287.8055442,45.3405371,37.33315360000,0.2361100000,1.63000000,3.29000000,657.00,2016,"Transit",0.000000
"Kepler-1314 b","Kepler-1314",294.2373599,45.1968274,5.42474928100,0.0504000000,5.11000000,22.90000000,625.00,2016,"Transit",0.000000
"Kepler-1870 b","Kepler-1870",293.9335076,40.5907040,3.60694003100,0.0452000000,2.10143764,5.07000000,1046.00,2021,"Transit",0.000000
"Kepler-236 b","Kepler-236",283.8664285,39.8981928,8.29561100000,0.0650000000,1.57000000,3.09000000,469.00,2014,"Transit",0.000000
"Kepler-125 c","Kepler-125",298.2581101,47.6050031,5.77446400000,0.0510000000,0.74000000,0.33000000,529.00,2014,"Transit",0.000000
"Kepler-304 d","Kepler-304",294.4418031,40.5575408,9.65347100000,0.0800000000,2.75000000,8.00000000,611.00,2014,"Transit",0.000000
"Kepler-326 d","Kepler-326",294.3255898,46.0022646,6.76688800000,0.0660000000,1.21000000,6.90000000,781.00,2014,"Transit",0.000000
"Kepler-126 c","Kepler-126",289.3473634,44.2084445,21.86974100000,0.1620000000,1.58000000,1.27942148,790.00,2014,"Transit",0.190000
"Kepler-400 c","Kepler-400",290.9444679,40.4800528,17.34082400000,0.1340000000,1.49000000,2.83000000,755.00,2014,"Transit",0.000000
"Kepler-1089 b","Kepler-1089",291.0926509,49.1901729,5.13248561800,0.0497000000,1.83000000,4.01000000,584.00,2016,"Transit",0.000000
"Kepler-102 f","Kepler-102",281.4824731,47.2078263,27.45359200000,0.1656000000,0.86100000,4.30000000,495.00,2014,"Transit",0.100000
"Kepler-1223 b","Kepler-1223",285.2956462,44.5527542,16.30125900000,0.1186000000,1.22000000,1.98000000,557.00,2016,"Transit",0.000000
"Kepler-1853 b","Kepler-1853",284.7478834,46.3735415,48.88819885000,0.2395000000,1.51862272,2.92000000,386.00,2021,"Transit",0.000000
"Kepler-512 b","Kepler-512",298.2689217,48.9167391,34.43587975000,0.2139500000,2.69000000,7.70000000,652.00,2016,"Transit",0.000000
"Kepler-369 b","Kepler-369",293.6743322,47.9084727,2.73275600000,0.0300000000,1.13000000,1.51000000,687.00,2014,"Transit",0.000000
"Kepler-305 c","Kepler-305",299.2242557,40.3431670,8.29100000000,0.0756800000,3.30000000,6.00000000,728.00,2013,"Transit",0.000000
"Kepler-975 c","Kepler-975",290.5485100,38.4952415,5.05821338000,0.0567000000,10.69000000,80.20000000,1168.00,2023,"Transit",0.000000
"Kepler-22 b","Kepler-22",289.2172051,47.8841427,289.86387600000,0.8120000000,2.10000000,9.10000000,279.00,2011,"Transit",0.720000
"Kepler-1995 b","Kepler-1995",284.3427250,46.3165907,73.75788750000,0.3259000000,4.28000000,16.90000000,375.00,2023,"Transit",0.000000
"Kepler-1227 b","Kepler-1227",287.0664109,41.8749712,94.28875770000,0.3855500000,2.29000000,5.86000000,369.00,2016,"Transit",0.000000
"Kepler-1272 b","Kepler-1272",285.2197605,38.8058393,51.13097040000,0.2705000000,2.37000000,6.21000000,542.00,2016,"Transit",0.000000
"Kepler-201 c","Kepler-201",293.6260590,41.2728004,151.88405800000,0.5730000000,2.85000000,8.50000000,378.00,2014,"Transit",0.000000
"Kepler-215 c","Kepler-215",294.9735313,45.2136867,14.66710800000,0.1130000000,1.77000000,3.78000000,675.00,2014,"Transit",0.000000
"Kepler-267 c","Kepler-267",299.8305655,47.1575741,6.87745000000,0.0600000000,2.13000000,5.18000000,484.00,2014,"Transit",0.000000
"Kepler-373 c","Kepler-373",289.3879904,50.5970115,16.72594800000,0.1260000000,1.24000000,2.07000000,729.00,2014,"Transit",0.000000
"Kepler-54 d","Kepler-54",294.7739245,43.0561976,20.99569400000,0.1260000000,1.53000000,12.09460000,328.00,2014,"Transit",0.000000
"Kepler-329 b","Kepler-329",299.2681646,45.2272852,7.41639700000,0.0610000000,1.40000000,2.54000000,547.00,2014,"Transit",0.000000
"Kepler-279 d","Kepler-279",287.3912950,42.1948220,54.41400000000,0.2901000000,3.10000000,37.50000000,574.00,2013,"Transit",0.000000
"HD 219134 c","HD 219134",348.3372026,57.1696255,6.76458000000,0.0653000000,1.51100000,4.36000000,782.00,2015,"Radial Velocity",0.062000
"Kepler-1198 b","Kepler-1198",288.8339659,44.8381980,7.68477160000,0.0732000000,1.47000000,2.76000000,830.00,2016,"Transit",0.000000
"Kepler-161 c","Kepler-161",290.5164698,43.0838642,7.06424000000,0.0680000000,2.05000000,3.61000000,769.00,2014,"Transit",0.000000
"Kepler-1294 b","Kepler-1294",291.2681037,44.4881624,115.68622580000,0.4684000000,3.19000000,10.30000000,401.00,2016,"Transit",0.000000
"Kepler-1319 b","Kepler-1319",290.9564463,49.3667933,2.88676264500,0.0296000000,1.34000000,2.36000000,557.00,2016,"Transit",0.330000
"Kepler-275 d","Kepler-275",292.4797004,38.5149018,35.67606200000,0.2240000000,3.33000000,11.10000000,671.00,2014,"Transit",0.000000
"Kepler-374 b","Kepler-374",294.1378921,42.3704075,1.89780600000,0.0290000000,1.03000000,1.08000000,1761.00,2014,"Transit",0.000000
"Kepler-306 d","Kepler-306",288.5387145,40.6160545,17.32664400000,0.1200000000,2.47000000,6.66000000,535.00,2014,"Transit",0.000000
"Kepler-305 e","Kepler-305",299.2242557,40.3431670,3.20538000000,0.0401700000,1.79381530,3.87000000,1000.00,2020,"Transit",0.000000
"Kepler-11 f","Kepler-11",297.1150949,41.9091092,46.68880000000,0.2500000000,2.49000000,2.00000000,513.00,2010,"Transit",0.013000
"Kepler-276 d","Kepler-276",293.5681970,39.0363123,48.64800000000,0.2466600000,2.80000000,16.30000000,489.00,2013,"Transit",0.000000
"Kepler-36 c","Kepler-36",291.2501859,49.2318073,16.21865000000,0.1269200000,3.67900000,7.13000000,928.00,2012,"Transit",0.000000
"Kepler-1251 b","Kepler-1251",292.1151093,49.2563792,45.09046430000,0.2478000000,1.84000000,4.04000000,487.00,2016,"Transit",0.000000
"Kepler-1843 b","Kepler-1843",292.8852302,41.2791690,25.54339981000,0.1787100000,2.70909809,7.80000000,772.00,2021,"Transit",0.000000
"Kepler-1857 b","Kepler-1857",296.4557129,39.5985370,8.94340992000,0.0830800000,1.96065412,4.50000000,946.00,2021,"Transit",0.000000
"Kepler-190 c","Kepler-190",288.5839761,44.7337701,3.76302400000,0.0450000000,1.46000000,2.73000000,948.00,2014,"Transit",0.000000
"Kepler-123 c","Kepler-123",296.9985853,42.7819633,26.69507400000,0.1810000000,1.48000000,2.79000000,706.00,2014,"Transit",0.000000
"Kepler-380 c","Kepler-380",282.3947017,48.7591334,7.63000400000,0.0780000000,1.27000000,2.15000000,1056.00,2014,"Transit",0.000000
"Kepler-283 c","Kepler-283",293.6137413,47.8389380,92.74371100000,0.3410000000,1.82000000,3.97000000,240.00,2014,"Transit",0.000000
"KELT-6 c","KELT-6",195.9818362,30.6401450,1276.00000000000,2.3900000000,13.00000000,1179.14930000,241.90,2015,"Radial Velocity",0.210000
"Kepler-85 b","Kepler-85",290.9734395,45.2902761,8.30000000000,0.0788500000,1.77800000,1.84000000,809.00,2012,"Transit",0.020000
"Kepler-799 c","Kepler-799",287.1748966,44.8784754,15.19419956000,0.1214000000,2.78068551,8.15000000,893.00,2021,"Transit",0.000000
"Kepler-1884 b","Kepler-1884",296.7463986,43.0454207,8.98832035100,0.0845000000,1.81406781,3.95000000,864.00,2021,"Transit",0.000000
"Kepler-381 b","Kepler-381",285.1828685,43.8310283,5.62902100000,0.0660000000,0.99000000,0.93700000,1576.00,2014,"Transit",0.000000
"Kepler-84 d","Kepler-84",298.2520208,40.4960842,4.22453700000,0.0520000000,1.38000000,2.48000000,1254.00,2014,"Transit",0.000000
"Kepler-334 b","Kepler-334",287.1406177,47.1151153,5.47031900000,0.0610000000,1.12000000,1.46000000,1090.00,2014,"Transit",0.000000
"Kepler-285 c","Kepler-285",291.3908469,48.0655392,6.18667600000,0.0640000000,1.12000000,1.46000000,851.00,2014,"Transit",0.000000
"Kepler-1232 b","Kepler-1232",296.5500966,49.1023070,26.78391830000,0.1654500000,1.93000000,4.38000000,523.00,2016,"Transit",0.000000
"Kepler-1858 b","Kepler-1858",292.3074315,46.6265790,88.07160187000,0.3575000000,2.42168247,6.44000000,330.00,2021,"Transit",0.000000
"Kepler-204 c","Kepler-204",285.3471620,41.7618450,25.66059300000,0.1730000000,1.79000000,3.86000000,683.00,2014,"Transit",0.000000
"Kepler-515 b","Kepler-515",290.4939130,52.0556110,19.96371318000,0.1333000000,1.46000000,2.73000000,564.00,2016,"Transit",0.000000
"Kepler-221 e","Kepler-221",296.6547477,46.8352242,18.36991700000,0.1300000000,2.63000000,7.86706000,582.00,2014,"Transit",0.000000
"Kepler-1877 b","Kepler-1877",294.8669240,46.7904816,2.37756991400,0.0347200000,0.62408600,0.17900000,1278.00,2021,"Transit",0.000000
"Kepler-350 d","Kepler-350",285.4195845,39.7061009,26.13600000000,0.1786000000,2.80000000,14.90000000,782.00,2013,"Transit",0.000000
"Kepler-58 e","Kepler-58",296.3586251,39.1152033,4.45814897000,0.0533000000,1.61000000,597.79600000,1212.00,2023,"Transit",0.000000
"Kepler-1679 b","Kepler-1679",293.9005786,50.4270507,9.75376000000,0.0892000000,2.06920360,4.93000000,813.00,2020,"Transit",0.000000
"Kepler-58 c","Kepler-58",296.3586251,39.1152033,15.57415680000,0.1230700000,2.86000000,53.00000000,799.00,2012,"Transit",0.000000
"Kepler-1844 b","Kepler-1844",292.6903973,37.9345682,3.92451000200,0.0478000000,3.03648191,9.46000000,1074.00,2021,"Transit",0.000000
"Kepler-1278 b","Kepler-1278",282.9569197,42.8255589,3.23941344000,0.0441700000,1.01000000,1.01000000,1213.00,2016,"Transit",0.000000
"Kepler-1864 b","Kepler-1864",289.6867653,41.5889178,3.88151001900,0.0490000000,0.75408365,0.35300000,1156.00,2021,"Transit",0.000000
"Kepler-1324 b","Kepler-1324",291.1849503,40.3112023,4.11584467900,0.0466000000,1.51000000,2.89000000,895.00,2016,"Transit",0.000000
"Kepler-462 c","Kepler-462",299.8211502,43.8142793,207.62000000000,0.7584000000,4.00000000,6.00000000,453.00,2018,"Transit",0.110000
"Kepler-226 d","Kepler-226",292.3760942,47.8809596,8.10904400000,0.0760000000,1.22000000,1.98000000,800.00,2014,"Transit",0.000000
"Kepler-221 b","Kepler-221",296.6547477,46.8352242,2.79590600000,0.0370000000,1.71000000,5.95575000,1090.00,2014,"Transit",0.000000
"Kepler-245 c","Kepler-245",291.6389972,42.4363482,17.46081200000,0.1240000000,2.18000000,26.70000000,568.00,2014,"Transit",0.000000
"Kepler-352 b","Kepler-352",299.8966237,46.0519022,10.05537000000,0.0850000000,0.86000000,0.56600000,694.00,2014,"Transit",0.000000
"Kepler-382 c","Kepler-382",299.1362435,45.8699582,12.16270100000,0.0970000000,1.59000000,3.15000000,882.00,2014,"Transit",0.000000
"Kepler-336 b","Kepler-336",290.2376224,41.3313637,2.02482300000,0.0330000000,1.02000000,1.04000000,1625.00,2014,"Transit",0.000000
"HD 11755 b","HD 11755",29.7078360,73.1521372,433.70001000000,1.0900000000,12.80000000,1789.38290000,903.49,2015,"Radial Velocity",0.190000
"Kepler-385 c","Kepler-385",294.3385109,50.3365178,15.16316100000,0.1270000000,3.04000000,13.20000000,829.00,2014,"Transit",0.000000
"Kepler-267 d","Kepler-267",299.8305655,47.1575741,28.46451500000,0.1540000000,2.27000000,5.77000000,301.00,2014,"Transit",0.000000
"Kepler-384 c","Kepler-384",286.0261113,44.7828571,45.34826900000,0.2360000000,1.13000000,1.51000000,531.00,2014,"Transit",0.000000
"Kepler-299 e","Kepler-299",283.2070156,48.5805222,38.28548900000,0.2200000000,1.87000000,4.16000000,534.00,2014,"Transit",0.000000
"8 UMi b","8 UMi",224.2016850,74.9009379,93.31000000000,0.4620000000,13.50000000,524.41687155,1126.38,2015,"Radial Velocity",0.062000
"Kepler-1104 b","Kepler-1104",294.4685197,49.3309789,5.03728015000,0.0632100000,1.23000000,2.04000000,1321.00,2016,"Transit",0.000000
"Kepler-1987 e","Kepler-1987",295.8254663,42.9433716,8.74292005000,0.0765000000,1.92000000,4.35000000,643.00,2023,"Transit",0.000000
"Kepler-1830 b","Kepler-1830",295.1390408,40.9790527,56.49330139000,0.3176900000,3.32992941,11.10000000,681.00,2021,"Transit",0.000000
"Kepler-182 b","Kepler-182",289.8301128,50.5862025,9.82579200000,0.0960000000,2.58000000,7.18000000,935.00,2014,"Transit",0.000000
"Kepler-1688 b","Kepler-1688",289.5530051,41.2978532,5.62012000000,0.0577000000,1.26174569,2.13000000,772.00,2020,"Transit",0.000000
"Kepler-385 b","Kepler-385",294.3385109,50.3365178,10.04368600000,0.0970000000,2.73000000,12.80000000,951.00,2014,"Transit",0.000000
"Kepler-55 f","Kepler-55",285.1683291,44.0264898,10.19854500000,0.0810000000,1.59000000,3.15000000,559.00,2014,"Transit",0.000000
"Kepler-339 d","Kepler-339",293.3517010,48.4445922,10.55834500000,0.0910000000,1.17000000,14.70000000,796.00,2014,"Transit",0.000000
"Kepler-1669 d","Kepler-1669",297.4303826,39.8478795,4.72941177000,0.0468000000,1.22000000,1.98000000,669.00,2023,"Transit",0.000000
"Kepler-69 c","Kepler-69",293.2609013,44.8688656,242.46130000000,0.6400000000,1.71000000,3.57000000,299.00,2013,"Transit",0.140000
"HAT-P-57 b","HAT-P-57",274.7434180,10.5971968,2.46530000000,0.0406000000,19.50366000,448.14030000,2200.00,2015,"Transit",0.000000
"Kepler-1067 c","Kepler-1067",285.3873706,45.0490265,5.42583990100,0.0606900000,1.74682428,3.70000000,973.00,2021,"Transit",0.000000
"Kepler-299 d","Kepler-299",283.2070156,48.5805222,15.05478600000,0.1180000000,1.86000000,4.12000000,729.00,2014,"Transit",0.000000
"Kepler-208 c","Kepler-208",293.8901979,42.5279413,7.46662300000,0.0790000000,1.39000000,2.51000000,1141.00,2014,"Transit",0.000000
"Kepler-530 b","Kepler-530",283.3402948,48.5490620,39.30941904000,0.2149100000,3.01000000,9.32000000,488.00,2016,"Transit",0.000000
"Kepler-354 d","Kepler-354",285.7515347,41.3356739,24.20984200000,0.1460000000,1.24000000,2.07000000,451.00,2014,"Transit",0.000000
"Kepler-339 c","Kepler-339",293.3517010,48.4445922,6.98805500000,0.0690000000,1.15000000,7.30000000,914.00,2014,"Transit",0.000000
"Kepler-1114 b","Kepler-1114",299.2370531,45.8347781,14.97435694000,0.1105600000,1.35000000,2.39000000,631.00,2016,"Transit",0.000000
"Kepler-114 d","Kepler-114",294.1214820,48.3497977,11.77600000000,0.0835800000,2.53000000,3.90000000,446.00,2013,"Transit",0.000000
"Kepler-303 c","Kepler-303",283.1354742,43.6567036,7.06114900000,0.0570000000,1.14000000,1.55000000,521.00,2014,"Transit",0.000000
"Kepler-1212 b","Kepler-1212",296.8534096,50.0373196,12.94130146000,0.1082000000,2.14000000,5.22000000,795.00,2016,"Transit",0.000000
"Kepler-394 c","Kepler-394",296.3019792,50.6723115,12.13068600000,0.1100000000,1.66000000,3.39000000,901.00,2014,"Transit",0.000000
"Kepler-393 c","Kepler-393",290.9952050,45.1921880,14.61361200000,0.1240000000,1.33000000,2.33000000,901.00,2014,"Transit",0.000000
"Kepler-318 c","Kepler-318",298.4828337,46.7936357,11.81500700000,0.1050000000,3.68000000,13.10000000,762.00,2014,"Transit",0.000000
"Kepler-1241 b","Kepler-1241",294.5762033,38.4569588,18.55257010000,0.1336000000,2.63000000,7.41000000,612.00,2016,"Transit",0.000000
"Kepler-185 b","Kepler-185",282.4681674,43.8899464,1.63290000000,0.0260000000,1.17000000,1.71000000,1237.00,2014,"Transit",0.000000
"Kepler-1283 b","Kepler-1283",295.4623336,40.7769335,12.94609780000,0.1062000000,1.91000000,4.31000000,764.00,2016,"Transit",0.000000
"Kepler-1714 b","Kepler-1714",293.7164655,46.2266878,10.27530003000,0.1054900000,3.26437302,10.70000000,1211.00,2021,"Transit",0.000000
"Kepler-1331 b","Kepler-1331",297.0737928,41.2244613,0.78916165300,0.0142000000,1.05000000,1.16000000,1244.00,2016,"Transit",0.000000
"Kepler-319 b","Kepler-319",288.8119782,39.7706431,4.36270500000,0.0510000000,1.63000000,3.29000000,1023.00,2014,"Transit",0.000000
"Kepler-396 b","Kepler-396",296.1328135,48.9773095,42.99400000000,0.2406700000,3.50000000,75.50000000,496.00,2013,"Transit",0.000000
"Kepler-1085 c","Kepler-1085",287.4776359,46.1411685,56.77710000000,0.2979800000,3.26817741,10.70000000,491.00,2020,"Transit",0.000000
"Kepler-1084 b","Kepler-1084",290.1019809,48.2511460,2.05333679000,0.0324000000,1.11000000,1.41000000,1737.00,2016,"Transit",0.000000
"Kepler-1108 b","Kepler-1108",296.0422962,45.9851400,4.51005748000,0.0511000000,1.46000000,2.73000000,1063.00,2016,"Transit",0.000000
"Kepler-1214 b","Kepler-1214",285.1427113,49.8006565,18.82634264000,0.1280000000,2.36000000,6.17000000,591.00,2016,"Transit",0.000000
"Kepler-155 c","Kepler-155",288.4957831,51.0819286,52.66179300000,0.2420000000,2.24000000,5.65000000,286.00,2014,"Transit",0.000000
"Kepler-396 c","Kepler-396",296.1328135,48.9773095,88.50500000000,0.3894600000,5.30000000,17.90000000,390.00,2013,"Transit",0.000000
"Kepler-1369 b","Kepler-1369",285.7972604,40.9361923,25.87314800000,0.1741000000,2.69000000,7.70000000,667.00,2016,"Transit",0.000000
"Kepler-1370 b","Kepler-1370",284.5656897,41.7784781,20.26416840000,0.1576300000,1.84000000,4.04000000,770.00,2016,"Transit",0.000000
"Kepler-252 b","Kepler-252",295.5793290,44.5459052,6.66839100000,0.0580000000,1.23000000,2.04000000,587.00,2014,"Transit",0.000000
"Kepler-360 c","Kepler-360",286.2847077,44.7815817,7.18643400000,0.0750000000,2.10000000,5.06000000,860.00,2014,"Transit",0.000000
"Kepler-245 e","Kepler-245",291.6389972,42.4363482,3.21982105600,0.0405300000,1.75000000,1806.36000000,998.00,2016,"Transit",0.000000
"Kepler-298 d","Kepler-298",283.0398448,48.8253303,77.47363300000,0.3050000000,2.50000000,6.80000000,277.00,2014,"Transit",0.000000
"Kepler-324 b","Kepler-324",286.4714473,49.6490933,4.38531500000,0.0500000000,1.14000000,2414.40000000,935.00,2014,"Transit",0.000000
"Kepler-1796 b","Kepler-1796",301.5430397,44.6056251,29.45579910000,0.1879000000,2.75047868,8.00000000,598.00,2021,"Transit",0.000000
"Kepler-520 c","Kepler-520",293.1802903,41.6177408,5.21104261000,0.0603500000,1.07000000,1.24000000,1107.00,2016,"Transit",0.000000
"Kepler-1244 b","Kepler-1244",282.3012505,46.5161814,3.70428172000,0.0502000000,1.35000000,2.39000000,1839.00,2016,"Transit",0.000000
"Kepler-169 c","Kepler-169",285.9999204,40.9193822,6.19546900000,0.0620000000,1.21000000,1.92000000,776.00,2014,"Transit",0.000000
"Kepler-97 b","Kepler-97",287.3265292,48.6733443,2.58664000000,0.0356300000,1.48000000,3.51000000,1328.00,2014,"Transit",0.000000
"Kepler-1336 b","Kepler-1336",296.2776587,46.8998006,23.19868100000,0.1584500000,1.98000000,4.58000000,793.00,2016,"Transit",0.000000
"Kepler-88 d","KOI-142",291.1481028,40.6694130,1403.00000000000,2.4663298660,13.10000000,965.14699656,158.95,2020,"Radial Velocity",0.410000
"Kepler-301 d","Kepler-301",283.9829040,49.2329512,13.75124300000,0.1120000000,1.75000000,3.71000000,725.00,2014,"Transit",0.000000
"Kepler-104 d","Kepler-104",287.6046621,42.1665104,51.75539400000,0.2570000000,3.58000000,5.54022107,515.00,2014,"Transit",0.000000
"Kepler-1192 b","Kepler-1192",282.1405603,43.8964934,25.20347870000,0.1693000000,2.36000000,6.17000000,600.00,2016,"Transit",0.000000
"Kepler-516 b","Kepler-516",295.6087625,38.7357368,24.85462415000,0.1992000000,5.74000000,27.90000000,1095.00,2016,"Transit",0.000000
"Kepler-1851 b","Kepler-1851",285.6737597,45.6398375,12.02289963000,0.1016000000,3.90012032,14.50000000,776.00,2021,"Transit",0.000000
"Kepler-212 b","Kepler-212",287.6208165,43.1416239,16.25758200000,0.1330000000,1.09000000,1.32000000,830.00,2014,"Transit",0.000000
"Kepler-1372 b","Kepler-1372",288.8865895,44.8394672,1.31155556800,0.0240000000,1.27000000,2.15000000,1655.00,2016,"Transit",0.000000
"Kepler-364 b","Kepler-364",281.5699998,47.3986233,25.74571800000,0.1780000000,1.55000000,3.02000000,753.00,2014,"Transit",0.000000
"KELT-23 A b","KELT-23 A",232.1466406,66.3587097,2.25525100000,0.0330200000,14.82950700,298.12454000,1561.00,2019,"Transit",0.000000
"HD 191939 d","HD 191939",302.0256247,66.8503014,38.35303700000,0.2132000000,2.99500000,2.80000000,540.00,2020,"Transit",0.031000
"HATS-77 b","HATS-77",149.8236672,-27.3928174,3.08762620000,0.0360700000,13.05846252,436.69623122,828.30,2021,"Transit",0.045000
"TOI-1752 c","TOI-1752",253.4614861,60.7096197,32.71443000000,0.1614000000,2.29000000,5.86000000,291.00,2026,"Transit",
"Kepler-1705 c","Kepler-1705",301.5785316,44.3121639,11.28000000000,,2.05000000,5.42000000,,2021,"Transit",0.028000
"TOI-1753 b","TOI-1753",252.4698351,61.1735768,5.38461040000,0.0590000000,2.47852533,16.60000000,1005.43,2024,"Transit",0.000000
"TOI-2274 b","TOI-2274",277.4593110,40.5414117,2.67963000000,0.0500000000,2.45000000,6.57000000,771.46,2024,"Transit",
"Kepler-43 b","Kepler-43",285.2408288,46.6682411,3.02409490000,0.0460000000,13.66377100,1026.59090000,1620.00,2011,"Transit",0.017000
"Kepler-858 b","Kepler-858",288.8488552,51.2090375,76.13602028000,0.3393900000,4.87000000,21.10000000,399.00,2016,"Transit",0.000000
"TOI-3023 b","TOI-3023",165.3158231,-72.3567044,3.90149710000,0.0505000000,16.43236571,197.05361234,1596.00,2023,"Transit",0.000000
"Kepler-1752 b","Kepler-1752",290.8541401,51.2227435,56.35850143000,0.2698000000,4.54060463,18.70000000,419.00,2021,"Transit",0.000000
"Kepler-1408 b","Kepler-1408",282.6998783,45.4257884,2.99793191000,0.0421800000,0.89000000,0.64000000,1616.00,2016,"Transit",0.000000
"HIP 54373 b","HIP 54373",166.8643532,-19.2916857,7.76000000000,0.0630000000,2.87000000,8.62000000,580.66,2019,"Radial Velocity",0.200000
"Teegarden's Star b","Teegarden's Star",43.2691449,16.8649024,4.90634000000,0.0259000000,1.05000000,1.16000000,277.00,2019,"Radial Velocity",0.030000
"BD+60 1417 b","BD+60 1417",190.8875453,60.0143636,,1662.0000000000,14.68376472,4767.42610500,1303.00,2021,"Imaging",
"TOI-1227 b","TOI-1227",186.7673635,-72.4518501,27.36397000000,0.0886000000,9.57246952,66.50000000,243.77,2022,"Transit",
"CoRoT-7 d","CoRoT-7",100.9561682,-1.0630076,8.96600000000,,4.31000000,17.14200000,,2022,"Radial Velocity",
"TOI-1758 b","TOI-1758",354.7415810,75.6852317,20.70507468500,0.1414090000,3.62000000,6.90000000,551.44,2024,"Transit",0.000000
"TOI-2567 b","TOI-2567",288.4656683,66.3479375,5.98394400000,0.0672000000,10.92875618,63.88350981,1352.00,2022,"Transit",0.000000
"Kepler-1410 b","Kepler-1410",290.5102933,38.7435010,60.86616800000,0.2543000000,1.78000000,3.82000000,290.00,2016,"Transit",0.000000
"HD 24085 b","HD 24085",56.2563447,-70.0245193,2.04550000000,0.0340000000,3.46000000,11.80000000,1875.43,2019,"Radial Velocity",0.220000
"WASP-87 b","WASP-87",185.3246821,-52.8408163,1.68279500000,0.0294600000,15.52446500,692.86940000,2049.54,2016,"Transit",0.000000
"TOI-163 b","TOI-163",79.7682532,-71.8955269,4.23130600000,0.0580000000,16.69020100,387.75260000,1669.00,2019,"Transit",0.000000
"K2-315 b","K2-315",228.0210932,-20.1081634,3.14431890000,,0.95000000,0.80900000,460.00,2020,"Transit",
"HD 216520 b","HD 216520",341.8768719,83.6975307,35.45000000000,0.1980000000,3.18000000,10.26000000,482.10,2020,"Radial Velocity",0.090000
"TOI-1775 b","TOI-1775",150.1151015,39.4577506,10.24055490000,0.0800000000,8.04728896,96.00000000,707.89,2024,"Transit",0.000000
"Kepler-296 c","Kepler-296",286.5400278,49.4372614,5.84163660000,0.0521000000,2.00000000,4.66000000,606.00,2014,"Transit",0.330000
"WASP-187 b","WASP-187",17.4747400,25.6816494,5.14787800000,0.0653000000,18.38276000,254.26400000,1760.00,2020,"Transit",0.000000
"HD 161178 b","HD 161178",264.2873565,72.4558590,279.30000000000,0.8500000000,14.10000000,181.16219199,828.33,2021,"Radial Velocity",0.044000
"GJ 514 b","GJ 514",202.5040424,10.3725387,140.43000000000,0.4220000000,2.13000000,5.20000000,202.00,2022,"Radial Velocity",0.450000
"HD 77946 b","HD 77946",136.7776440,46.6724251,6.52736300000,0.0730000000,2.89646124,10.90000000,1128.86,2024,"Transit",0.211000
"TOI-2345 c","TOI-2345",43.8847940,-34.9779745,21.06430200000,0.1257000000,2.45100000,7.27000000,544.00,2025,"Transit",
"Kepler-876 b","Kepler-876",283.4781717,43.3837235,5.14438011000,0.0549000000,1.43000000,2.63000000,923.00,2016,"Transit",0.000000
"Kepler-1894 c","Kepler-1894",295.5864604,49.6668523,5.05368985000,0.0576000000,1.21000000,1.92000000,1007.00,2023,"Transit",0.000000
"HD 233832 b","HD 233832",171.5196515,50.3763099,2058.00000000000,2.8270000000,13.50000000,565.73740000,117.80,2018,"Radial Velocity",0.359000
"GJ 687 c","GJ 687",264.1041731,68.3336741,727.56200000000,1.1650000000,4.14000000,16.00000000,98.62,2020,"Radial Velocity",0.400000
"HIP 5763 b","HIP 5763",18.4953430,16.4942738,30.01400000000,0.1700000000,14.20000000,162.09248757,440.90,2021,"Radial Velocity",0.054000
"TOI-712 b","TOI-712",92.9361063,-65.8258386,9.53136100000,0.0792800000,2.04900000,4.85000000,650.00,2022,"Transit",0.540000
"TOI-1782.01","TOI-1782",213.0787718,74.4117909,4.98764102800,0.0502400000,2.36800000,6.20000000,697.84,2024,"Transit",
"TOI-2092 b","TOI-2092",212.5474866,45.5638685,4.30325528074,,2.94892961,9.00000000,1042.00,2026,"Transit",
"Kepler-303 b","Kepler-303",283.1354742,43.6567036,1.93705500000,0.0240000000,0.89000000,0.64000000,802.00,2014,"Transit",0.000000
"Kepler-271 c","Kepler-271",283.0029316,44.2841080,7.41086267000,0.0699300000,0.95000000,0.80900000,850.00,2014,"Transit",0.000000
"KOI-142 b","KOI-142",291.1481028,40.6694130,10.91647000000,0.0958600000,3.43800000,9.50000000,758.00,2013,"Transit",0.055610
"Qatar-6 b","Qatar-6",222.2100773,22.1526136,3.50619500000,0.0423000000,11.90395800,212.31044000,1006.00,2017,"Transit",0.000000
"GJ 9066 c","GJ 9066",30.0588307,13.0443172,771.36000000000,0.8800000000,9.60000000,66.74396547,65.66,2020,"Radial Velocity",0.460000
"K2-400 b","K2-400",154.5110307,3.6969271,3.86505300000,,1.16300000,1.67000000,,2022,"Transit",
"TOI-2094 b","TOI-2094",254.1425333,70.0273157,18.79319300000,0.1360000000,1.90000000,4.27000000,276.00,2026,"Transit",
"TOI-2714 b","TOI-2714",61.4012482,-14.9267458,2.49938700000,0.0360000000,13.72000000,228.00000000,1603.00,2024,"Transit",0.164000
"HD 164922 d","HD 164922",270.6304652,26.3104077,12.45800000000,0.1030000000,1.83000000,4.00000000,787.68,2020,"Radial Velocity",0.120000
"2MASS J01033563-5515561 AB b","2MASS J01033563-5515561 A",15.8992489,-55.2658291,,84.0000000000,12.30000000,4131.79000000,,2013,"Imaging",
"TOI-2382 b","TOI-2382",356.3751852,-16.1141240,4.66120610000,0.0590000000,12.25141591,235.19302118,1426.00,2025,"Transit",0.180000
"Kepler-402 b","Kepler-402",288.3701976,43.3546109,4.02875100000,0.0510000000,1.22000000,1.98000000,1311.00,2014,"Transit",0.000000
"EPIC 201841433 b","EPIC 201841433",175.2067520,6.1348146,4.16980000000,0.0350000000,1.04000000,1.12000000,1032.49,2019,"Transit",
"USco1621 b","USco1621 A",245.3730855,-25.4954265,,2880.0000000000,12.20000000,5085.28000000,2270.00,2019,"Imaging",
"K2-318 b","K2-318",232.4461375,-17.5574630,7.01000000000,0.0911000000,1.66000000,3.39000000,456.00,2020,"Transit",
"K2-405 b","K2-405",164.3759959,12.5356140,3.43547100000,,4.56900000,18.90000000,969.00,2022,"Transit",
"TOI-784 b","HD 307842",159.3412205,-63.6556923,2.79703650000,0.0380000000,1.93000000,9.67000000,1256.00,2023,"Transit",0.000000
"TOI-1814 b","TOI-1814",236.8168817,77.2326429,6.36861010462,,5.18536642,23.50000000,977.83,2026,"Transit",
"Kepler-1419 b","Kepler-1419",292.2545917,37.9713760,42.52158950000,0.2391000000,2.86000000,8.55000000,510.00,2016,"Transit",0.000000
"EPIC 206215704 b","EPIC 206215704",335.0949721,-9.5097112,2.25543600000,,1.00000000,0.97200000,,2019,"Transit",
"Kepler-848 b","Kepler-848",293.2882949,48.8116114,6.91134416000,0.0758600000,1.70000000,3.53000000,1086.00,2016,"Transit",0.000000
"Kepler-819 b","Kepler-819",295.3708312,39.1772925,33.19956480000,0.1894000000,2.76000000,8.05000000,485.00,2016,"Transit",0.000000
"TOI-799 b","TOI-799",98.4691249,-52.4602958,5.54519139676,,2.06631784,4.92000000,958.69,2026,"Transit",
"K2-146 c","K2-146",130.0266951,19.0923416,4.00498000000,0.0327000000,2.19000000,7.49000000,518.53,2019,"Transit",0.075000
"K2-324 b","K2-324",157.6222171,6.8636732,3.26200000000,0.0331000000,2.43000000,6.48000000,707.00,2020,"Transit",
"Kepler-822 b","Kepler-822",292.2760929,39.5501136,3.22296927300,0.0407800000,1.77000000,3.78000000,1239.00,2016,"Transit",0.000000
"TOI-1181 b","TOI-1181",297.2158166,64.3543506,2.10318900000,0.0364000000,17.02644168,374.71969185,1942.12,2022,"Transit",0.011000
"TOI-808 b","TOI-808",133.7485497,-44.2886304,9.73944854026,,2.20344362,5.49000000,710.98,2026,"Transit",
"TOI-815 b","TOI-815",155.8719377,-43.8349248,11.19725900000,0.0903000000,2.94000000,7.60000000,686.00,2024,"Transit",0.200000
"TOI-2141 b","TOI-2141",258.7623456,18.3403449,18.26160800000,0.1322000000,3.14700000,20.10000000,728.00,2023,"Transit",0.210000
"TOI-2447 b","TOI-2447",70.9975864,-31.9066369,69.33684000000,0.3470000000,9.60609646,124.90656395,414.00,2024,"Transit",0.170000
"TOI-2818 b","TOI-2818",119.0598183,-35.1167104,4.03970900000,0.0493000000,15.27784069,225.65816897,1376.00,2023,"Transit",0.000000
"Kepler-1371 c","Kepler-1371",288.8314251,47.5519753,2.00541269000,0.0293700000,0.64000000,0.19600000,1216.00,2016,"Transit",0.000000
"EPIC 212587672 b","EPIC 212587672",205.4445125,-10.8625468,15.28078000000,,1.26000000,2.13000000,756.00,2019,"Transit",
"Kepler-843 b","Kepler-843",296.3219786,48.9714373,2.05387982100,0.0313000000,2.59000000,7.22000000,1523.00,2016,"Transit",0.000000
"K2-408 b","K2-408",227.9168555,-17.6842698,20.97895900000,,1.67700000,3.45000000,,2022,"Transit",
"TOI-1516 b","TOI-1516",340.0846204,69.5037313,2.05601400000,,15.24421375,1004.33776612,1839.00,2022,"Transit",
"TOI-2458 b","TOI-2458",79.6215290,1.2534390,3.73659000000,0.0482000000,2.83000000,13.31000000,1509.40,2024,"Transit",0.087000
"Kepler-1423 b","Kepler-1423",288.2437481,41.1100655,23.95537800000,0.1586000000,1.06000000,1.20000000,741.00,2016,"Transit",0.000000
"HATS-57 b","HATS-57",60.9482779,-19.0568182,2.35062100000,0.0349300000,12.76705100,1000.21101000,1413.40,2019,"Transit",0.028000
"HATS-56 b","HATS-56",180.1650720,-45.7994559,4.32479900000,0.0604300000,18.92079200,191.33366000,1902.00,2019,"Transit",0.019000
"TOI-763 b","TOI-763",194.4680980,-39.7580613,5.60570000000,0.0600000000,2.28000000,9.79000000,1038.00,2020,"Transit",0.040000
"K2-409 b","K2-409",228.4551125,-16.3512966,1.90808400000,,2.48200000,6.72000000,,2022,"Transit",
"TOI-1722 b","TOI-1722",114.3452126,61.1539249,9.60523206943,,4.38298108,17.60000000,952.00,2026,"Transit",
"TOI-1873 b","TOI-1873",212.5684755,84.3718582,7.00572708834,,2.86356397,8.57000000,923.50,2026,"Transit",
"TOI-2158 b","TOI-2158",276.8100527,20.5268868,8.60077000000,0.0750000000,10.76062147,260.61929374,1188.00,2022,"Transit",0.070000
"Kepler-1888 b","Kepler-1888",289.3945523,41.7822597,11.39169979000,0.0956000000,1.32578716,2.32000000,886.00,2021,"Transit",0.000000
"Kepler-1901 b","Kepler-1901",291.1643587,45.3183061,3.48412990600,0.0453000000,1.47418907,2.77000000,1132.00,2021,"Transit",0.000000
"GJ 433 c","GJ 433",173.8619194,-32.5436302,5094.10500000000,4.8190000000,6.27000000,32.42200000,53.76,2014,"Radial Velocity",0.120000
"K2-374 c","K2-374",137.3794986,16.3558324,16.43445000000,,2.21300000,5.53000000,,2022,"Transit",
"TOI-1860 b","TOI-1860",226.4567308,64.0476821,1.06621070000,0.0204000000,1.31000000,2.27000000,1885.00,2022,"Transit",
"TOI-1723 b","TOI-1723",116.7971978,68.4766845,13.72701264300,0.1134960000,3.43500000,10.40000000,782.98,2024,"Transit",0.000000
"TOI-1937 A b","TOI-1937 A",116.3707214,-52.3832587,0.94667944000,0.0193200000,13.97759893,638.83509807,2097.00,2023,"Transit",0.000000
"Kepler-292 f","Kepler-292",295.7661979,42.4242822,20.83423700000,0.1410000000,2.35000000,6.12000000,563.00,2014,"Transit",0.000000
"Kepler-1395 b","Kepler-1395",292.3374945,47.6641732,3.78470649000,0.0497400000,0.80000000,0.43700000,1311.00,2016,"Transit",0.000000
"Kepler-1905 b","Kepler-1905",292.5733475,46.3668273,3.42392993000,0.0451000000,1.44607340,2.69000000,1212.00,2021,"Transit",0.000000
"Kepler-65 e","Kepler-65",288.6887221,41.1511076,258.80000000000,0.8539307544,13.90000000,260.00000000,389.08,2019,"Radial Velocity",0.283000
"GJ 682 b","GJ 682",264.2610245,-44.3232519,17.47800000000,0.0800000000,1.93000000,4.40000000,281.93,2014,"Radial Velocity",0.080000
"TOI-132 b","TOI-132",338.3996623,-43.4368720,2.10970190000,0.0260000000,3.42000000,22.40000000,1395.00,2020,"Transit",0.059000
"TOI-2000 c","TOI-2000",146.3970631,-66.6866307,9.12705500000,0.0878000000,8.14000000,81.70000000,1038.00,2023,"Transit",0.063000
"TOI-2000 b","TOI-2000",146.3970631,-66.6866307,3.09833000000,0.0427100000,2.70000000,11.00000000,1488.00,2023,"Transit",0.000000
"TOI-2194 b","TOI-2194",299.1563393,-31.3351812,15.33759700000,,1.98920000,4.61000000,590.88,2023,"Transit",
"TOI-2498 b","TOI-2498",95.4162204,11.2516477,3.73825200000,0.0491000000,6.06000000,34.62000000,1443.00,2023,"Transit",0.089000
"Kepler-102 e","Kepler-102",281.4824731,47.2078263,16.14569940000,0.1162000000,2.17000000,4.70000000,590.00,2013,"Transit",0.089000
"HD 2685 b","HD 2685",7.3289156,-76.3040320,4.12688000000,0.0568000000,16.14096000,371.86110000,2061.00,2019,"Transit",0.091000
"Kepler-95 b","Kepler-95",284.4824281,44.3978910,11.52310000000,0.1023200000,3.42000000,13.00000000,927.00,2014,"Transit",0.000000
"Wendelstein-2 b","Wendelstein-2",297.7909214,16.9125679,1.75222390000,0.0234000000,12.99347280,232.33373000,2470.00,2020,"Transit",0.057000
"K2-384 b","K2-384",20.4998403,0.7509701,2.23152700000,,1.07600000,1.26000000,,2022,"Transit",
"HD 174205 b","HD 174205",280.7932014,70.7928237,582.00000000000,1.7000000000,13.00000000,1334.87930940,821.72,2022,"Radial Velocity",0.400000
"Kepler-430 c","Kepler-430",292.8085984,49.5794242,110.97900000000,0.4757000000,1.75000000,3.71000000,458.00,2015,"Transit",0.000000
"Kepler-1656 b","Kepler-1656",284.4722473,39.9118890,31.56200000000,0.1974000000,4.57400000,47.80000000,651.00,2018,"Transit",0.838000
"Kepler-647 c","Kepler-647",284.7882977,44.5916225,29.66630000000,0.1829100000,4.00135002,15.10000000,644.00,2020,"Transit",0.000000
"Kepler-210 b","Kepler-210",292.5034196,43.0832188,2.45323400000,0.0320000000,2.94000000,8.96000000,737.00,2014,"Transit",0.000000
"OGLE-2006-BLG-109L c","OGLE-2006-BLG-109L",268.1437920,-30.0877778,4927.50000000000,4.5000000000,11.10000000,86.00000000,59.00,2008,"Microlensing",0.150000
"KMT-2016-BLG-1397L b","KMT-2016-BLG-1397L",272.6646120,-24.8577385,,5.1000000000,12.70000000,2200.00000000,,2018,"Microlensing",
"KMT-2019-BLG-0253L b","KMT-2019-BLG-0253L",267.8825833,-29.5654722,,3.1000000000,2.99000000,9.20000000,,2022,"Microlensing",
"KMT-2023-BLG-0548L b","KMT-2023-BLG-0548L",270.3476250,-27.1067500,,6.8500000000,13.10000000,1086.97315194,,2025,"Microlensing",
"Kepler-1963 b","Kepler-1963",296.5875182,47.2071290,1.96226000800,0.0291500000,0.74437023,0.33700000,1448.00,2021,"Transit",0.000000
"Kepler-1517 b","Kepler-1517",287.8072115,43.1888008,5.54608366500,0.0780000000,9.76000000,68.70000000,2336.00,2016,"Transit",0.000000
"Kepler-1711 b","Kepler-1711",298.1772916,42.2370289,21.06080055000,0.1463000000,1.92300000,4.36000000,669.00,2021,"Transit",0.000000
"MOA-2010-BLG-328L b","MOA-2010-BLG-328L",269.4963330,-30.7151750,,0.9200000000,2.99000000,9.20000000,,2013,"Microlensing",
"MOA-2011-BLG-291L b","MOA-2011-BLG-291L",268.8678890,-29.1706657,,0.6900000000,4.43000000,18.00000000,,2018,"Microlensing",
"KMT-2018-BLG-1743L b","KMT-2018-BLG-1743L",274.2833750,-26.3596389,,1.4490000000,10.50000000,77.86795971,,2021,"Microlensing",
"OGLE-2018-BLG-0516L b","OGLE-2018-BLG-0516L",269.6401250,-31.2623889,,2.2000000000,4.73000000,20.10000000,,2022,"Microlensing",
"KMT-2023-BLG-0949L b","KMT-2023-BLG-0949L",263.4194167,-28.0914611,,2.0300000000,12.80000000,1900.61387386,,2025,"Microlensing",
"KMT-2024-BLG-2059L b","KMT-2024-BLG-2059L",270.9297500,-28.5681889,,2.5500000000,2.54000000,6.99222495,,2025,"Microlensing",
"Kepler-146 b","Kepler-146",294.1107631,38.7102222,31.15879900000,0.2000000000,3.71000000,13.30000000,639.00,2014,"Transit",0.000000
"Kepler-1468 d","Kepler-1468",293.5198289,41.2773671,19.59059906000,0.1456000000,3.33187146,11.10000000,819.00,2021,"Transit",0.000000
"Kepler-348 c","Kepler-348",297.2550814,40.5483883,17.26542700000,0.1380000000,1.33000000,2.33000000,888.00,2014,"Transit",0.000000
"Kepler-1641 c","Kepler-1641",296.3594560,41.5745321,32.65721200000,0.2065000000,2.95000000,9.01000000,767.00,2016,"Transit",0.000000
"Kepler-1641 b","Kepler-1641",296.3594560,41.5745321,19.67226600000,0.1473000000,3.11000000,9.85000000,908.00,2016,"Transit",0.000000
"Kepler-39 b","Kepler-39",296.9603348,46.0342954,21.08721000000,0.1640000000,13.90000000,6388.10000000,897.00,2011,"Transit",0.112000
"Kepler-174 c","Kepler-174",287.4389454,43.8320052,44.00052900000,0.2140000000,1.49000000,2.83000000,377.00,2014,"Transit",0.000000
"KMT-2023-BLG-1642L b","KMT-2023-BLG-1642L",261.3660000,-29.0584694,,1.4100000000,13.80000000,343.25467956,,2024,"Microlensing",
"Kepler-1468 b","Kepler-1468",293.5198289,41.2773671,8.23984869000,0.0817000000,1.73000000,3.64000000,1093.00,2016,"Transit",0.000000
"Kepler-203 b","Kepler-203",297.0899590,41.3880686,3.16269700000,0.0430000000,2.57000000,7.13000000,1308.00,2014,"Transit",0.000000
"Kepler-152 b","Kepler-152",286.8653826,41.9889571,18.20797300000,0.1240000000,2.79000000,8.20000000,551.00,2014,"Transit",0.000000
"OGLE-2015-BLG-0966L b","OGLE-2015-BLG-0966L",268.7542500,-29.0471111,,2.7000000000,4.86000000,21.00000000,,2016,"Microlensing",
"MOA-2011-BLG-028L b","MOA-2011-BLG-028L",270.8540000,-29.2134167,,4.1400000000,5.99000000,30.00000000,,2016,"Microlensing",
"OGLE-2018-BLG-0383L b","OGLE-2018-BLG-0383L",268.6807500,-28.7392778,,1.8000000000,2.41000000,6.40000000,,2022,"Microlensing",
"KMT-2021-BLG-1391L b","KMT-2021-BLG-1391L",270.6835833,-28.0605000,,2.2900000000,1.97000000,4.55000000,,2022,"Microlensing",
"Kepler-195 c","Kepler-195",288.1209339,47.9666141,34.09686300000,0.1970000000,1.55000000,3.02000000,469.00,2014,"Transit",0.000000
"Kepler-880 c","Kepler-880",281.9712347,43.6727839,11.80617370000,0.1216000000,2.87000000,8.60000000,1407.00,2023,"Transit",0.000000
"Kepler-608 b","Kepler-608",293.8829010,44.6380717,6.41251503700,0.0685000000,3.64000000,12.90000000,1069.00,2016,"Transit",0.000000
"Kepler-1704 b","Kepler-1704",291.2012559,51.1442437,988.88112000000,2.0270000000,11.94877343,1322.16617312,253.80,2021,"Transit",0.920000
"Kepler-561 c","Kepler-561",293.7471107,45.1071981,5.35016198300,0.0594700000,2.68000000,7.65000000,989.00,2016,"Transit",0.000000
"OGLE-2015-BLG-0051L b","OGLE-2015-BLG-0051L",269.6625370,-28.0316944,,0.7300000000,14.00000000,230.00000000,,2016,"Microlensing",
"OGLE-2018-BLG-0740L b","OGLE-2018-BLG-0740L",272.1769583,-29.8358056,5480.00000000000,5.0000000000,12.90000000,1500.00000000,,2019,"Microlensing",0.000000
"OGLE-2017-BLG-1099L b","OGLE-2017-BLG-1099L",263.9642500,-29.5858611,,2.7300000000,13.10000000,959.84178914,,2021,"Microlensing",
"KMT-2021-BLG-0748L b","KMT-2021-BLG-0748L",272.4213333,-25.7465806,,2.4300000000,14.30000000,143.02278315,,2022,"Microlensing",
"TOI-2267 d","TOI-2267 B",65.0615000,84.9008250,2.03446710000,0.0145000000,1.77000000,3.78000000,422.00,2025,"Transit",
"Kepler-1719 b","Kepler-1719",284.7068546,38.9367566,6.14955997500,0.0686800000,3.95000623,14.80000000,1287.00,2021,"Transit",0.000000
"Kepler-1254 c","Kepler-1254",285.1733174,48.7700099,3.60084276000,0.0422000000,1.30000000,2.24000000,927.00,2016,"Transit",0.000000
"Kepler-639 b","Kepler-639",292.1868271,41.7269440,10.21420496000,0.0935800000,2.38000000,6.26000000,957.00,2016,"Transit",0.000000
"KMT-2016-BLG-0212L b","KMT-2016-BLG-0212L",268.4392500,-29.0868889,,2.2000000000,12.20000000,5700.00000000,,2018,"Microlensing",
"KMT-2019-BLG-1552L b","KMT-2019-BLG-1552L",269.5957917,-27.5669389,,2.6000000000,13.00000000,1287.20504835,,2022,"Microlensing",
"KMT-2024-BLG-0349L b","KMT-2024-BLG-0349L",261.3715417,-30.2470194,,6.4600000000,12.40000000,3769.44490702,,2026,"Microlensing",
"Kepler-208 d","Kepler-208",293.8901979,42.5279413,11.13178600000,0.1030000000,1.20000000,1.87000000,999.00,2014,"Transit",0.000000
"Kepler-171 b","Kepler-171",296.7719082,41.7555958,4.16697200000,0.0500000000,2.34000000,6.08000000,1053.00,2014,"Transit",0.000000
"Kepler-1525 b","Kepler-1525",290.5594479,49.9428629,2.41660118300,0.0355700000,0.91000000,0.69300000,1343.00,2016,"Transit",0.000000
"Kepler-1645 b","Kepler-1645",297.4795142,48.4185820,16.17795610000,0.1285000000,1.78000000,3.82000000,754.00,2016,"Transit",0.000000
"KMT-2018-BLG-1990L b","KMT-2018-BLG-1990L",268.4353750,-22.1525389,,0.7630000000,12.90000000,111.00000000,,2019,"Microlensing",
"KMT-2018-BLG-0247L b","KMT-2018-BLG-0247L",264.5600417,-27.1504111,,2.4600000000,13.40000000,670.61793877,,2022,"Microlensing",
"Kepler-30 d","Kepler-30",285.2836483,38.9472625,143.34394000000,0.5000000000,8.80000000,23.10000000,308.00,2012,"Transit",0.022000
"PSR B1257+12 d","PSR B1257+12",195.0149029,12.6823534,98.21140000000,0.4600000000,1.80000000,3.90000000,,1992,"Pulsar Timing",0.026400
"OGLE-2016-BLG-0263L b","OGLE-2016-BLG-0263L",269.8954160,-31.8186111,,5.4000000000,13.00000000,1300.00000000,,2017,"Microlensing",
"OGLE-2012-BLG-0026L c","OGLE-2012-BLG-0026L",263.5779170,-27.1427500,,4.8000000000,13.90000000,270.00000000,,2012,"Microlensing",
"KMT-2018-BLG-2602L b","KMT-2018-BLG-2602L",267.3970417,-21.9762000,,3.8100000000,13.70000000,365.50266805,,2022,"Microlensing",
"KMT-2016-BLG-1337L b","KMT-2016-BLG-1337L",269.1300417,-33.0341889,,3.9700000000,11.40000000,88.99195396,,2026,"Microlensing",
"Kepler-220 d","Kepler-220",291.5060432,46.8956262,28.12239700000,0.1630000000,0.98000000,0.90400000,401.00,2014,"Transit",0.000000
"Kepler-1949 b","Kepler-1949",293.5422586,43.0260555,2.20828008700,0.0352000000,2.21964541,5.56000000,1709.00,2021,"Transit",0.000000
"Kepler-695 b","Kepler-695",299.3160934,40.8223815,3.04033042400,0.0374000000,9.21000000,62.30000000,1021.00,2016,"Transit",0.000000
"Kepler-529 d","Kepler-529",285.8884067,47.8803640,35.86619949000,0.2134000000,2.79502603,8.22000000,633.00,2021,"Transit",0.000000
"OGLE-2005-BLG-390L b","OGLE-2005-BLG-390L",268.5799580,-30.3773056,3285.00000000000,2.6000000000,2.21000000,5.50000000,50.00,2005,"Microlensing",
"Kepler-220 b","Kepler-220",291.5060432,46.8956262,4.15980700000,0.0460000000,0.81000000,0.45700000,759.00,2014,"Transit",0.000000
"Kepler-1993 b","Kepler-1993",293.7968548,45.1607261,26.65657370000,0.1943000000,4.15000000,16.10000000,903.00,2023,"Transit",0.000000
"Kepler-154 e","Kepler-154",289.7805393,49.8965624,3.93276465000,0.0476600000,1.50000000,2.86000000,1140.00,2016,"Transit",0.000000
"MOA-2009-BLG-387L b","MOA-2009-BLG-387L",268.4616250,-33.9903333,1980.00000000000,1.8000000000,13.20000000,830.00000000,,2010,"Microlensing",
"OGLE-2018-BLG-1647L b","OGLE-2018-BLG-1647L",268.9623750,-31.8170000,,1.3600000000,13.80000000,308.29355479,,2022,"Microlensing",
"Kepler-154 c","Kepler-154",289.7805393,49.8965624,62.30327600000,0.3030000000,2.95000000,9.01000000,454.00,2014,"Transit",0.000000
"Kepler-390 c","Kepler-390",291.6288086,41.2088351,13.06002200000,0.1010000000,0.79000000,0.41800000,630.00,2014,"Transit",0.000000
"Kepler-967 c","Kepler-967",286.5580128,38.4052418,198.71125020000,0.6253000000,3.65000000,12.90000000,258.00,2016,"Transit",0.000000
"Kepler-248 c","Kepler-248",293.0613138,43.5813577,16.23949400000,0.1230000000,4.07000000,15.60000000,598.00,2014,"Transit",0.000000
"Kepler-648 b","Kepler-648",283.8996207,45.0169137,17.42117490000,0.1332400000,3.22000000,10.50000000,674.00,2016,"Transit",0.000000
"OGLE-2017-BLG-0406L b","OGLE-2017-BLG-0406L",268.9996670,-29.8631389,,3.5000000000,14.20000000,130.00000000,,2020,"Microlensing",
"OGLE-2018-BLG-1367L b","OGLE-2018-BLG-1367L",269.7556250,-29.1683611,,1.2100000000,13.80000000,301.93698665,,2022,"Microlensing",
"OGLE-2018-BLG-0932L b","OGLE-2018-BLG-0932L",268.3512083,-29.0218056,,1.7500000000,13.90000000,282.86728223,,2022,"Microlensing",
"OGLE-2017-BLG-0364L b","OGLE-2017-BLG-0364L",265.2278750,-34.6175833,,3.7900000000,10.30000000,75.80000000,,2024,"Microlensing",
"Kepler-1814 c","Kepler-1814",285.2166767,41.2824449,0.62628176600,0.0133000000,1.76000000,3.75000000,1711.00,2023,"Transit",0.000000
"Kepler-1588 b","Kepler-1588",288.2327232,48.0021967,7.84931739000,0.0741900000,0.76000000,0.36300000,925.00,2016,"Transit",0.000000
"Kepler-436 b","Kepler-436",301.7207775,44.4120856,64.00205000000,0.3390000000,2.73000000,7.90000000,322.00,2015,"Transit",0.190000
"KOI-3503 c","KOI-3503",293.1507654,41.7291532,31.82800000000,0.1868800000,1.21000000,10.36000000,686.00,2021,"Transit",0.000000
"Kepler-1491 c","Kepler-1491",293.6297645,45.7406293,61.56976500000,0.3045000000,2.44000000,6.53000000,530.00,2023,"Transit",0.000000
"Kepler-158 c","Kepler-158",284.0323723,39.7815365,28.55138300000,0.1580000000,1.90000000,4.27000000,418.00,2014,"Transit",0.000000
"MOA-2011-BLG-293L b","MOA-2011-BLG-293L",268.9139580,-28.4768472,3000.00000000000,1.1000000000,12.90000000,1500.00000000,,2012,"Microlensing",
"OGLE-2017-BLG-0173L b","OGLE-2017-BLG-0173L",267.9706120,-29.2713604,,3.9130000000,1.62000000,3.26900000,,2018,"Microlensing",
"OGLE-2018-BLG-1269L b","OGLE-2018-BLG-1269L",269.6934170,-27.6179444,,4.5100000000,14.10000000,210.00000000,,2020,"Microlensing",
"KMT-2021-BLG-0119L b","KMT-2021-BLG-0119L",274.0005417,-29.7438889,,2.9200000000,12.80000000,1754.41280664,,2022,"Microlensing",
"Kepler-968 c","Kepler-968",285.6025889,50.1120401,5.70940491800,0.0520000000,1.69000000,3.50000000,644.00,2016,"Transit",0.000000
"Kepler-28 b","Kepler-28",292.1370409,42.4294835,5.91000000000,0.0568700000,1.95900000,1.63000000,585.00,2011,"Transit",0.000000
"MOA-2008-BLG-379L b","MOA-2008-BLG-379L",269.7060000,-30.1969306,,2.7000000000,13.00000000,1300.00000000,,2013,"Microlensing",
"MOA-2022-BLG-091L b","MOA-2022-BLG-091L",268.9422083,-32.3414389,,3.4400000000,13.00000000,1141.00398113,,2025,"Microlensing",
"KMT-2023-BLG-2209L b","KMT-2023-BLG-2209L",268.9942083,-29.3056694,,3.5100000000,13.90000000,254.26272560,,2025,"Microlensing",
"Kepler-1533 b","Kepler-1533",295.9755645,44.7133739,308.54710000000,0.9341600000,3.46000000,11.80000000,330.00,2016,"Transit",0.000000
"Kepler-558 b","Kepler-558",284.6579709,42.6526751,29.00790538000,0.1759000000,2.37000000,6.21000000,498.00,2016,"Transit",0.000000
"Kepler-177 c","Kepler-177",286.0471442,45.0532038,49.40926000000,0.2565500000,8.73000000,14.70000000,497.00,2013,"Transit",0.000000
"OGLE-2014-BLG-1722L b","OGLE-2014-BLG-1722L",268.7523800,-31.4690552,,1.5000000000,8.59000000,55.30000000,,2018,"Microlensing",
"OGLE-2015-BLG-1609L b","OGLE-2015-BLG-1609L",270.8237917,-26.9071111,,,10.40000000,76.27881768,,2025,"Microlensing",
"Kepler-690 b","Kepler-690",294.4899225,39.7714758,7.74809437400,0.0810000000,5.95000000,29.60000000,964.00,2016,"Transit",0.000000
"KMT-2025-BLG-1160L b","KMT-2025-BLG-1160L",268.8604583,-30.7249194,,2.5600000000,5.43000000,25.36000000,,2026,"Microlensing",
"Kepler-46 b","Kepler-46",289.2687388,42.6041819,33.60134000000,0.1968000000,9.05700000,1907.00000000,543.00,2012,"Transit",0.010000
"Kepler-188 c","Kepler-188",281.2797173,44.3154743,5.99655300000,0.0660000000,3.19000000,10.30000000,1025.00,2014,"Transit",0.000000
"Kepler-586 b","Kepler-586",293.0571982,45.5511266,2.10472218400,0.0331000000,2.79000000,8.20000000,1365.00,2016,"Transit",0.000000
"Kepler-245 d","Kepler-245",291.6389972,42.4363482,36.27710800000,0.2020000000,3.03000000,21.60000000,445.00,2014,"Transit",0.000000
"OGLE-2013-BLG-0341L B b","OGLE-2013-BLG-0341L B",268.0312080,-29.8461111,,0.7020000000,1.16000000,1.66000000,,2014,"Microlensing",
"KMT-2018-BLG-1976L b","KMT-2018-BLG-1976L",266.3546667,-35.7003306,,3.5400000000,13.30000000,705.57906354,,2021,"Microlensing",
"KMT-2017-BLG-0428L b","KMT-2017-BLG-0428L",271.3852500,-28.4902806,,1.8100000000,2.23000000,5.59000000,,2023,"Microlensing",
"KMT-2019-BLG-1806L b","KMT-2019-BLG-1806L",270.5375417,-29.4148889,,3.0200000000,2.00000000,4.67000000,,2023,"Microlensing",
"OGLE-2014-BLG-0124L b","OGLE-2014-BLG-0124L",270.6217083,-28.3962500,,3.4800000000,14.10000000,206.58846455,,2015,"Microlensing",
"Kepler-1616 b","Kepler-1616",286.5436691,45.3048716,6.76284377000,0.0731800000,1.02000000,1.04000000,1337.00,2016,"Transit",0.000000
"Kepler-362 b","Kepler-362",291.7716030,47.5299192,10.32718600000,0.0870000000,0.88000000,0.61500000,838.00,2014,"Transit",0.000000
"Kepler-612 b","Kepler-612",291.3546278,45.7478551,3.72215641300,0.0452000000,2.84000000,8.45000000,1046.00,2016,"Transit",0.000000
"Kepler-81 c","Kepler-81",293.6369437,42.8248275,12.04000000000,0.0834700000,2.37000000,4.30000000,502.00,2012,"Transit",0.000000
"OGLE-2013-BLG-1761L b","OGLE-2013-BLG-1761L",268.4094850,-28.8952713,,1.8000000000,13.20000000,860.00000000,,2017,"Microlensing",
"KMT-2016-BLG-1105L b","KMT-2016-BLG-1105L",266.4472500,-26.2663694,,2.4400000000,1.33000000,2.32000000,,2023,"Microlensing",
"TOI-5573 b","TOI-5573",136.4259999,55.3071309,8.79758977000,0.0712000000,9.75000000,112.00000000,528.00,2025,"Transit",0.072000
"Kepler-1144 b","Kepler-1144",290.0432936,47.2578857,17.14647302000,0.1291000000,1.99000000,4.62000000,811.00,2016,"Transit",0.000000
"Kepler-172 e","Kepler-172",283.3684093,41.8218390,35.11873600000,0.2110000000,2.76000000,8.05000000,550.00,2014,"Transit",0.000000
"Kepler-694 b","Kepler-694",291.1495269,40.4204569,6.36584161200,0.0659000000,2.80000000,8.25000000,914.00,2016,"Transit",0.000000
"K2-108 b","K2-108",123.3818484,16.4195160,4.73399900000,0.0581000000,5.33000000,59.40000000,1360.00,2017,"Transit",0.180000
"TOI-201 d","TOI-201",87.4017825,-54.9104230,5.84889000000,0.0698000000,1.39000000,5.80000000,1237.00,2026,"Transit",0.300000
"Kepler-373 b","Kepler-373",289.3879904,50.5970115,5.53530900000,0.0600000000,1.36000000,2.42000000,1054.00,2014,"Transit",0.000000
"Kepler-377 c","Kepler-377",295.4220717,38.7356737,27.01497600000,0.1820000000,2.06000000,4.90000000,677.00,2014,"Transit",0.000000
"Kepler-444 d","Kepler-444",289.7528323,41.6318840,6.18939200000,0.0600000000,0.53000000,0.20000000,783.00,2015,"Transit",0.180000
"Kepler-1649 b","Kepler-1649",292.5029676,41.8299933,8.68909900000,0.0514000000,1.01700000,1.03000000,307.00,2017,"Transit",0.000000
"Kepler-179 c","Kepler-179",298.6636163,47.7619329,6.40013000000,0.0640000000,2.00000000,4.66000000,810.00,2014,"Transit",0.000000
"K2-179 b","K2-179",58.7967878,23.7567524,5.17219100000,,2.51267885,6.86000000,,2018,"Transit",
"Kepler-219 d","Kepler-219",288.7389481,46.7625929,47.90364500000,0.2720000000,2.81000000,19.10000000,598.00,2014,"Transit",0.000000
"Kepler-50 b","Kepler-50",288.1009312,50.0336844,7.81254000000,0.0770000000,1.71000000,8.90000000,1196.00,2012,"Transit",0.000000
"Kepler-1787 b","Kepler-1787",289.0643042,47.1174041,39.31370163000,0.2270000000,2.31898181,5.99000000,540.00,2021,"Transit",0.000000
"Kepler-1542 b","Kepler-1542",285.7284757,42.6544651,3.95116882000,0.0476500000,0.76000000,0.36300000,1160.00,2016,"Transit",0.000000
"Kepler-1444 b","Kepler-1444",285.3306799,42.0405016,33.42035034000,0.2090600000,2.18000000,5.39000000,581.00,2016,"Transit",0.000000
"Kepler-1997 b","Kepler-1997",297.4808253,46.5891373,26.75758660000,0.1815000000,2.28000000,5.82000000,660.00,2023,"Transit",0.000000
"Kepler-241 b","Kepler-241",292.9131121,41.0609786,12.71809200000,0.0940000000,2.33000000,6.04000000,562.00,2014,"Transit",0.000000
"Kepler-1624 b","Kepler-1624",292.5798564,37.3762616,3.29031400000,0.0327000000,6.59000000,35.30000000,540.00,2016,"Transit",0.000000
"K2-168 b","K2-168",333.1100738,-16.3418863,15.85230000000,,1.86000000,4.12000000,766.35,2018,"Transit",
"K2-119 b","K2-119",132.0098683,16.9017663,7.72728300000,0.0698000000,2.53000000,6.94000000,666.00,2017,"Transit",0.070000
"Kepler-730 c","Kepler-730",285.5547895,45.5788420,2.85188338000,0.0399700000,1.56926000,3.09000000,1607.00,2018,"Transit",0.000000
"TOI-5319 b","TOI-5319",35.2135563,23.5204408,4.07853000000,0.0506000000,2.83000000,8.40000000,695.00,2024,"Transit",
"HD 80883 b","HD 80883",139.9331831,-59.4780815,6383.78352000000,6.4620000000,12.80000000,1748.05623850,88.66,2022,"Radial Velocity",0.203000
"Kepler-1585 b","Kepler-1585",296.1589897,44.5630457,3.58274630000,0.0445000000,1.79000000,3.86000000,1064.00,2016,"Transit",0.000000
"Kepler-1961 b","Kepler-1961",286.3300783,39.6831276,5.60471010200,0.0588000000,1.61878080,3.25000000,866.00,2021,"Transit",0.000000
"Kepler-1446 b","Kepler-1446",289.4240357,46.7260823,0.68996783200,0.0140500000,0.82000000,0.47700000,1539.00,2016,"Transit",0.000000
"Kepler-342 c","Kepler-342",292.6780488,46.7266813,26.23413800000,0.1850000000,1.96000000,4.50000000,754.00,2014,"Transit",0.000000
"K2-121 b","K2-121",126.9366624,17.5793267,5.18573800000,0.0525000000,7.16000000,51.00000000,716.00,2017,"Transit",0.220000
"Kepler-279 e","Kepler-279",287.3912950,42.1948220,98.35310000000,0.4390000000,4.13000000,56.00000000,552.00,2025,"Transit",0.000000
"KOI-3680 b","KOI-3680",293.2815266,45.3096572,141.24167100000,0.5340000000,11.09691000,613.41190000,347.00,2018,"Transit",0.496000
"Kepler-1638 b","Kepler-1638",295.4823299,48.5244695,259.33683000000,0.7450000000,1.87000000,4.16000000,304.00,2016,"Transit",0.000000
"K2-146 b","K2-146",130.0266951,19.0923416,2.64460000000,0.0248000000,2.05000000,5.77000000,534.00,2018,"Transit",0.129000
"Kepler-677 b","Kepler-677",290.0980478,50.3215731,6.57531678000,0.0670000000,5.38000000,25.00000000,1015.00,2016,"Transit",0.000000
"TOI-5344 b","TOI-5344",63.2662165,20.9151568,3.79262200000,0.0404100000,10.60369574,130.94530368,689.00,2023,"Transit",0.054000
"Kepler-1811 b","Kepler-1811",289.9793241,40.1427848,76.42230225000,0.3462000000,3.84829873,14.10000000,455.00,2021,"Transit",0.000000
"Kepler-481 b","Kepler-481",291.9069862,49.2620760,10.06082567000,0.0892600000,2.50000000,6.80000000,899.00,2016,"Transit",0.000000
"Kepler-375 c","Kepler-375",288.6178715,48.0983639,19.98632600000,0.1410000000,2.65000000,7.51000000,720.00,2014,"Transit",0.000000
"Kepler-113 c","Kepler-113",287.9978721,50.9441847,8.92507000000,0.0779600000,2.18000000,8.70000000,628.00,2014,"Transit",0.000000
"Kepler-9 b","Kepler-9",285.5739904,38.4008192,19.23891000000,0.1430000000,8.29000000,43.40000000,661.00,2010,"Transit",0.060900
"Kepler-1590 b","Kepler-1590",291.4079141,48.0178915,7.61760804000,0.0711600000,1.14000000,1.55000000,1020.00,2016,"Transit",0.000000
"Kepler-1514 b","Kepler-1514",292.6274943,37.8601653,217.83184000000,0.7530000000,12.41957200,1678.14240000,387.90,2016,"Transit",0.401000
"Kepler-175 b","Kepler-175",289.5532320,43.8761160,11.90351500000,0.1050000000,2.56000000,7.08000000,827.00,2014,"Transit",0.000000
"K2-83 b","K2-83",59.9013782,15.5587994,2.74697000000,0.0301400000,1.24400000,2.08000000,707.17,2016,"Transit",0.070000
"Kepler-231 c","Kepler-231",293.9733913,50.5318460,19.27156600000,0.1140000000,1.93000000,24.10000000,393.00,2014,"Transit",0.000000
"Kepler-1683 b","Kepler-1683",298.4501035,44.2840193,15.03370000000,0.1182000000,1.87477762,4.17000000,669.00,2020,"Transit",0.000000
"Kepler-1653 b","Kepler-1653",296.4577020,41.2660210,140.25240000000,0.4706000000,2.17000000,5.35000000,284.00,2017,"Transit",0.000000
"Kepler-150 c","Kepler-150",288.2341025,40.5208970,7.38199800000,0.0730000000,3.69000000,13.20000000,876.00,2014,"Transit",0.000000
"Kepler-239 b","Kepler-239",294.2020505,40.6633313,11.76305100000,0.0950000000,2.33000000,6.04000000,616.00,2014,"Transit",0.000000
"Kepler-343 c","Kepler-343",291.9606620,42.4329567,23.22182000000,0.1670000000,2.02000000,4.74000000,746.00,2014,"Transit",0.000000
"TOI-5380 b","TOI-5380",112.7611492,73.1287844,3.77229247873,,3.48093238,11.90000000,1479.00,2026,"Transit",
"Kepler-1022 b","Kepler-1022",289.3520595,46.9736345,10.99469878000,0.0805000000,2.36000000,6.17000000,512.00,2016,"Transit",0.000000
"Kepler-354 b","Kepler-354",285.7515347,41.3356739,5.47666000000,0.0540000000,1.84000000,4.04000000,741.00,2014,"Transit",0.000000
"Kepler-1434 b","Kepler-1434",295.5384415,51.2030002,8.05333618000,0.0917000000,1.11000000,1.41000000,1320.00,2016,"Transit",0.000000
"Kepler-1593 b","Kepler-1593",300.4882018,44.4606698,174.50983500000,0.5549400000,3.17000000,10.20000000,260.00,2016,"Transit",0.000000
"Kepler-1453 b","Kepler-1453",286.1255037,47.9475586,47.16116960000,0.2620000000,2.67000000,7.61000000,503.00,2016,"Transit",0.000000
"Kepler-1989 b","Kepler-1989",290.7351869,44.0912620,10.16102352800,0.0918000000,4.62000000,19.30000000,904.00,2023,"Transit",0.000000
"K2-122 b","K2-122",126.4762179,20.3593384,2.21930230000,0.0373000000,1.16000000,1.65000000,769.00,2017,"Transit",0.210000
"Kepler-1046 b","Kepler-1046",296.7558056,46.9982799,14.37508035000,0.1185800000,1.71000000,3.57000000,786.00,2016,"Transit",0.000000
"Kepler-1907 c","Kepler-1907",280.7085829,47.3279236,14.86390018000,0.1037100000,1.15547044,1.63000000,620.00,2021,"Transit",0.000000
"Kepler-1594 b","Kepler-1594",293.6230451,47.9619127,2.71603809000,0.0396000000,1.06000000,1.20000000,1360.00,2016,"Transit",0.000000
"Kepler-80 b","Kepler-80",296.1125759,39.9787451,7.05246000000,0.0648000000,2.67000000,6.93000000,547.00,2012,"Transit",0.004900
"Kepler-438 b","Kepler-438",281.6457236,41.9510686,35.23319000000,0.1660000000,1.12000000,1.46000000,288.00,2015,"Transit",0.030000
"Kepler-1455 b","Kepler-1455",294.0830662,50.5027572,49.27676400000,0.2149000000,2.16000000,5.31000000,298.00,2016,"Transit",0.000000
"Kepler-1490 b","Kepler-1490",295.6935734,42.6094543,92.43629730000,0.3729000000,3.04000000,9.48000000,348.00,2016,"Transit",0.000000
"Kepler-700 b","Kepler-700",287.1542240,41.5657775,80.87206390000,0.3577000000,5.99000000,30.00000000,452.00,2016,"Transit",0.000000
"K2-345 b","K2-345",132.7075876,21.7890367,10.36743700000,,2.11000000,5.10000000,437.00,2021,"Transit",
"Kepler-1133 b","Kepler-1133",293.3224114,42.8674925,11.55562343000,0.0983000000,1.97000000,4.54000000,703.00,2016,"Transit",0.000000
"Kepler-1953 b","Kepler-1953",287.9680995,46.4705959,6.24565982800,0.0607000000,1.28574667,2.20000000,731.00,2021,"Transit",0.000000
"Kepler-53 b","Kepler-53",290.4617926,40.5624966,18.64895250000,0.1361000000,2.89000000,111.00000000,701.00,2012,"Transit",0.000000
"Kepler-1518 b","Kepler-1518",300.3323404,44.9861065,5.11177904000,0.0593000000,3.05000000,9.53000000,1351.00,2016,"Transit",0.000000
"Kepler-251 b","Kepler-251",296.5662171,44.1058077,4.79093600000,0.0530000000,1.33000000,2.33000000,990.00,2014,"Transit",0.000000
"Kepler-370 c","Kepler-370",292.1710683,40.9162381,19.02293000000,0.1400000000,1.91000000,4.31000000,647.00,2014,"Transit",0.000000
"Kepler-1161 b","Kepler-1161",299.0770621,45.4405583,10.71252541000,0.0784000000,2.13000000,5.18000000,485.00,2016,"Transit",0.000000
"Kepler-1184 b","Kepler-1184",291.2820310,46.9659514,53.59910440000,0.2863000000,2.68000000,7.65000000,529.00,2016,"Transit",0.000000
"Kepler-1181 c","Kepler-1181",289.7473165,39.5234131,8.93484887000,0.0928000000,1.83000000,4.01000000,1124.00,2023,"Transit",0.000000
"Kepler-1599 b","Kepler-1599",286.2208685,41.1511886,122.36355300000,0.4823000000,1.62000000,3.26000000,407.00,2016,"Transit",0.000000
"Kepler-442 b","Kepler-442",285.3666029,39.2800704,112.30530000000,0.4090000000,1.34000000,2.36000000,241.00,2015,"Transit",0.040000
"Kepler-1185 b","Kepler-1185",287.2411783,39.3326977,104.35189760000,0.4297000000,1.33000000,2.33000000,355.00,2016,"Transit",0.000000
"K2-181 b","K2-181",127.5541103,10.9101444,6.89410000000,0.0706000000,2.69000000,7.70000000,949.00,2018,"Transit",0.400000
"Kepler-31 d","Kepler-31",294.0230229,45.8530535,87.64510000000,0.4000000000,3.90000000,2161.24400000,484.00,2014,"Transit",0.000000
"Kepler-1070 b","Kepler-1070",293.1953923,49.3165410,6.22161470000,0.0675300000,1.73000000,3.64000000,1101.00,2016,"Transit",0.000000
"Kepler-1162 b","Kepler-1162",283.2920273,45.4339813,32.56370690000,0.1900000000,2.21000000,5.52000000,490.00,2016,"Transit",0.000000
"Kepler-1560 b","Kepler-1560",292.7846013,43.2160100,3.03195744000,0.0417500000,0.89000000,0.64000000,1269.00,2016,"Transit",0.000000
"Kepler-1702 b","Kepler-1702",284.9724842,44.5674794,18.50120000000,0.1275000000,1.60190793,3.20000000,555.00,2020,"Transit",0.000000
"Kepler-1621 b","Kepler-1621",297.5885341,43.8411937,92.26371400000,0.4204000000,2.16000000,5.31000000,469.00,2016,"Transit",0.000000
"Kepler-240 c","Kepler-240",291.1587635,40.7502108,7.95352800000,0.0740000000,2.20000000,102.30000000,696.00,2014,"Transit",0.000000
"Kepler-1972 c","Kepler-1972",288.3953074,39.8725067,11.32950000000,0.1049300000,0.86800000,2.11000000,1215.00,2022,"Transit",0.043000
"K2-278 b","K2-278",203.3018653,-14.5041057,3.33496600000,0.0488000000,2.98000000,9.17000000,1711.00,2018,"Transit",
"Kepler-42 d","Kepler-42",292.2196000,44.6173667,1.86516900000,0.0154000000,0.57000000,0.35778500,450.00,2011,"Transit",0.020000
"Kepler-1050 b","Kepler-1050",282.9249847,48.6264015,15.37875460000,0.1235300000,1.60000000,3.19000000,1039.00,2016,"Transit",0.000000
"Kepler-1001 b","Kepler-1001",286.2739151,48.6186972,14.30511983000,0.1114700000,3.15000000,10.10000000,693.00,2016,"Transit",0.000000
"Kepler-478 b","Kepler-478",292.4870063,46.1961870,13.22175760000,0.1032000000,2.71000000,7.80000000,640.00,2016,"Transit",0.000000
"Kepler-1164 b","Kepler-1164",287.5296372,38.8945065,3.97599768000,0.0463500000,1.12000000,1.46000000,936.00,2016,"Transit",0.000000
"Kepler-692 b","Kepler-692",294.7768068,40.1537027,21.81293494000,0.1495000000,3.11000000,9.85000000,639.00,2016,"Transit",0.000000
"Kepler-1464 c","Kepler-1464",287.2356828,38.7540824,5.32786292000,0.0610100000,1.00000000,0.97200000,1023.00,2016,"Transit",0.000000
"K2-268 c","K2-268",133.7094899,11.8482712,9.32752700000,0.0819000000,2.69000000,7.70000000,696.00,2018,"Transit",
"Kepler-594 b","Kepler-594",288.9217259,49.7620237,13.64618192000,0.1089000000,2.18000000,5.39000000,678.00,2016,"Transit",0.000000
"Kepler-23 c","Kepler-23",294.2189131,49.4792536,10.74000000000,0.0950100000,3.00500000,7.81000000,1008.00,2011,"Transit",0.021000
"Kepler-150 b","Kepler-150",288.2341025,40.5208970,3.42805400000,0.0440000000,1.25000000,2.10000000,1131.00,2014,"Transit",0.000000
"Kepler-199 b","Kepler-199",295.5594278,40.2362490,23.63760400000,0.1580000000,3.11000000,9.85000000,595.00,2014,"Transit",0.000000
"Kepler-1499 b","Kepler-1499",283.9863480,41.6505091,44.20080000000,0.2322500000,1.19000000,1.81000000,409.00,2016,"Transit",0.000000
"Kepler-1498 b","Kepler-1498",284.7780883,44.9167513,48.05140500000,0.2528000000,1.33000000,2.33000000,564.00,2016,"Transit",0.000000
"Kepler-611 b","Kepler-611",286.0049121,45.4803043,2.43703330200,0.0351000000,1.65000000,3.36000000,1513.00,2016,"Transit",0.000000
"TOI-5502 b","TOI-5502",135.2040560,27.9983339,11.62592988285,,4.12873780,15.90000000,870.00,2026,"Transit",
"Kepler-1141 b","Kepler-1141",290.5436836,47.7259073,2.34451194400,0.0349600000,0.82000000,0.47700000,1471.00,2016,"Transit",0.000000
"Kepler-1073 b","Kepler-1073",294.1527259,38.2330886,8.67888593000,0.0805000000,2.30000000,5.90000000,905.00,2016,"Transit",0.000000
"Kepler-1170 b","Kepler-1170",292.1685422,43.7795963,9.98969327000,0.0880000000,2.41000000,6.39000000,705.00,2016,"Transit",0.000000
"Kepler-157 d","Kepler-157",291.0972257,38.8756049,7.02573474000,0.0706000000,1.46000000,2.73000000,969.00,2016,"Transit",0.000000
"Kepler-549 c","Kepler-549",283.0228527,47.2611431,117.04049800000,0.4533200000,2.93000000,8.91000000,349.00,2016,"Transit",0.000000
"Kepler-688 b","Kepler-688",294.6552312,39.3083446,3.89593684400,0.0460000000,9.76000000,68.70000000,1005.00,2016,"Transit",0.000000
"Kepler-632 b","Kepler-632",297.2526130,40.2886050,30.99660733000,0.1885000000,2.21000000,5.52000000,500.00,2016,"Transit",0.000000
"Kepler-1502 b","Kepler-1502",296.1079271,39.3199201,41.70836290000,0.2482000000,3.18000000,10.20000000,608.00,2016,"Transit",0.000000
"Kepler-253 b","Kepler-253",291.8419337,44.8581240,3.78398600000,0.0460000000,1.63000000,3.29000000,949.00,2014,"Transit",0.000000
"Kepler-1119 b","Kepler-1119",297.0191018,44.3274936,8.32651530000,0.0812000000,1.92000000,4.35000000,938.00,2016,"Transit",0.000000
"Kepler-543 b","Kepler-543",287.2187273,38.8625366,13.89961966000,0.1023000000,2.50000000,6.80000000,521.00,2016,"Transit",0.000000
"Kepler-693 b","Kepler-693",283.2535270,40.3582155,15.37563332000,0.1121000000,10.18000000,73.80000000,600.00,2016,"Transit",0.000000
"Kepler-1710 b","Kepler-1710",291.6832878,37.7514726,14.91110039000,0.1158300000,3.19744103,3.49494179,694.00,2021,"Transit",0.000000
"Kepler-1928 b","Kepler-1928",290.4406294,38.5235721,19.57783000000,0.1940000000,1.99200000,4.63000000,621.00,2021,"Transit",0.430000
"Kepler-1999 b","Kepler-1999",282.3705675,48.2592340,8.73967580000,0.0713000000,3.29000000,10.80000000,577.00,2023,"Transit",0.000000
"KOI-7368 b","KOI-7368",293.9476365,48.0652589,6.84303440000,0.0678000000,2.22000000,5.56000000,805.00,2022,"Transit",0.000000
"K2-198 b","K2-198",198.8436817,-6.4649888,17.04286830000,,4.18900000,16.30000000,715.80,2018,"Transit",
"Kepler-227 c","Kepler-227",291.9342748,48.1416760,54.41869400000,0.2900000000,3.04000000,9.48000000,443.00,2014,"Transit",0.000000
"Kepler-26 d","Kepler-26",284.9410627,46.5664505,3.54391900000,0.0390000000,1.07000000,1.24000000,652.00,2014,"Transit",0.000000
"KELT-17 b","KELT-17",125.6174070,13.7353093,3.08017160000,0.0488100000,17.09372500,416.35730000,2087.00,2016,"Transit",
"IC 4651 9122 b","IC 4651 9122",261.2086139,-49.9489317,734.00000000000,2.0380000000,12.70000000,2002.32900000,513.04,2018,"Radial Velocity",0.180000
"GJ 229 b","GJ 229",92.6435993,-21.8677233,579.47495000000,1.0860000000,3.97000000,14.93793513,111.85,2014,"Radial Velocity",0.404000
"GJ 180 c","GJ 180",73.4600970,-17.7761940,24.32900000000,0.1290000000,2.41000000,6.40000000,290.87,2014,"Radial Velocity",0.090000
"HD 68988 c","HD 68988",124.5935429,61.4608518,16000.00000000000,13.2000000000,12.20000000,4776.96095721,87.50,2021,"Radial Velocity",0.450000
"KIC 5479689 b","KIC 5479689",299.3254983,40.6381229,1.70153100000,,14.20000000,158.91420350,,2021,"Orbital Brightness Modulation",
"HD 93385 b","HD 93385",161.5627065,-41.4646040,7.34260000000,0.0756000000,1.88000000,4.20000000,1141.00,2021,"Radial Velocity",0.295000
"Kepler-294 c","Kepler-294",287.3920392,46.0592578,6.62640000000,0.0710000000,2.71000000,7.80000000,895.00,2014,"Transit",0.000000
"TOI-4311 c","TOI-4311",41.6855224,-31.1793201,15.07042500000,0.1116000000,2.47000000,13.58000000,671.00,2026,"Transit",0.220000
"WASP-118 b","WASP-118",19.5505861,2.7027847,4.04604350000,0.0545300000,16.14096000,163.36462000,1729.00,2016,"Transit",0.000000
"TAP 26 b","TAP 26",64.7154450,17.3878826,10.79000000000,0.0968000000,13.50000000,527.59780000,774.52,2017,"Radial Velocity",
"HD 92788 c","HD 92788",160.7021351,-2.1847173,11611.29750000000,10.5000000000,13.00000000,1166.43610000,91.27,2019,"Radial Velocity",0.460000
"GJ 422 b","GJ 422",168.9810458,-57.5425629,20.12900000000,0.1110000000,3.33000000,11.07000000,292.68,2014,"Radial Velocity",0.110000
"GJ 414 A c","GJ 414 A",167.7745044,30.4451688,749.83000000000,1.4000000000,8.40000000,53.83000000,124.70,2021,"Radial Velocity",0.105000
"TOI-3593 b","TOI-3593",331.5063640,34.2116583,3.82128670000,0.0481000000,11.02963701,565.73456446,1170.00,2025,"Transit",0.105000
"WASP-195 b","WASP-195",247.5496427,49.8957910,5.05192800000,0.0630000000,10.31226224,33.05415433,1522.00,2025,"Transit",0.000000
"TOI-4529 b","TOI-4529",16.9688462,12.8809549,5.87957700000,,1.77000000,4.90000000,511.00,2026,"Transit",
"HD 27631 b","HD 27631",64.9392168,-41.9606604,2198.14000000000,3.2420000000,13.50000000,495.81231492,147.61,2012,"Radial Velocity",0.141000
"Wolf 503 b","Wolf 503",206.8461979,-6.1393369,6.00127000000,0.0570600000,2.04300000,6.26000000,790.00,2018,"Transit",0.410000
"WASP-183 b","WASP-183",163.7888521,-0.7370663,4.11177710000,0.0463200000,16.47723000,159.55066000,1111.00,2019,"Transit",
"Kepler-1747 b","Kepler-1747",284.2096557,45.2580820,6.23031997700,0.0660000000,4.26508000,16.80000000,875.00,2021,"Transit",0.000000
"Kepler-906 b","Kepler-906",291.4055614,40.1254254,41.69799760000,0.2236300000,2.11000000,5.10000000,537.00,2016,"Transit",0.000000
"TOI-4551 b","TOI-4551",184.9787579,-25.8278531,9.95581000000,0.0994000000,11.85910158,473.56432643,1655.00,2023,"Transit",0.101000
"HD 98649 b","HD 98649",170.2147665,-23.2181063,5384.00000000000,5.9700000000,12.50000000,3082.93554790,114.22,2012,"Radial Velocity",0.852000
"Kepler-780 b","Kepler-780",281.7663511,44.2924898,0.67737516400,0.0150000000,0.89000000,0.64000000,2099.00,2016,"Transit",0.000000
"NGTS-16 b","NGTS-16",58.2639299,-30.8046405,4.84532000000,0.0523000000,14.57167491,211.99154747,1177.00,2021,"Transit",0.000000
"TOI-1634 b","TOI-1634",56.3906096,37.1122803,0.98934551000,0.0154400000,1.75900000,4.90000000,900.00,2021,"Transit",0.000000
"Kepler-275 b","Kepler-275",292.4797004,38.5149018,10.30068200000,0.0980000000,2.34000000,6.08000000,1015.00,2014,"Transit",0.000000
"Kepler-121 c","Kepler-121",286.1621273,39.6780204,41.00801100000,0.2160000000,2.27000000,5.77000000,425.00,2014,"Transit",0.000000
"TOI-4342 c","TOI-4342",324.3894196,-77.9791468,10.68866200000,0.0804000000,2.34900000,4.80000000,514.00,2023,"Transit",0.000000
"Kepler-168 b","Kepler-168",294.7101832,39.8250437,4.42539100000,0.0560000000,1.46000000,2.73000000,1240.00,2014,"Transit",0.000000
"Kepler-471 b","Kepler-471",299.0975167,43.4975851,5.01423457500,0.0626000000,14.96000000,,1308.00,2016,"Transit",0.000000
"HD 42012 b","HD 42012",92.4854730,34.1341722,857.50000000000,1.6700000000,13.50000000,508.52800000,182.63,2017,"Radial Velocity",0.200000
"Qatar-10 b","Qatar-10",284.4439052,69.5708373,1.64532100000,0.0286000000,17.29548700,233.92288000,1955.00,2019,"Transit",0.000000
"GJ 720 A b","GJ 720 A",278.8294172,45.7456038,19.46600000000,0.1190000000,3.77000000,13.64000000,401.00,2021,"Radial Velocity",0.120000
"HD 137496 b","HD 137496",231.7420543,-16.5090014,1.62116000000,0.0273200000,1.31000000,4.04000000,2130.00,2021,"Transit",0.000000
"K2-389 b","K2-389",355.6304152,-9.7135814,8.58289000000,,2.33000000,6.04000000,932.00,2022,"Transit",
"Kepler-17 b","Kepler-17",298.3952437,47.8149865,1.48571080000,0.0259100000,14.68000000,778.65000000,1570.00,2011,"Transit",0.011000
"Kepler-176 b","Kepler-176",294.6679021,43.8532104,5.43307400000,0.0580000000,1.43000000,290.53700000,841.00,2014,"Transit",0.000000
"NN Ser d","NN Ser",238.2337015,12.9120871,2880.00000000000,3.3900000000,13.30000000,724.62200000,,2010,"Eclipse Timing Variations",0.240000
"HD 214823 b","HD 214823",340.0832062,31.7875183,1854.84424000000,3.0800000000,12.10000000,5914.78665427,243.90,2016,"Radial Velocity",0.161000
"Kepler-761 b","Kepler-761",290.5035990,44.1436249,10.12804789000,0.0874000000,2.03000000,4.78000000,767.00,2016,"Transit",0.000000
"TOI-216.01","TOI-216",73.9800129,-63.2603301,34.52552800000,0.2069000000,10.10000000,177.98390792,497.00,2019,"Transit",0.004600
"TOI-1259 A b","TOI-1259 A",282.1001665,79.2564761,3.47797920000,0.0408000000,11.60000000,141.00000000,963.00,2021,"Transit",0.000000
"Kepler-107 e","Kepler-107",297.0281620,48.2086019,14.74914300000,0.1263800000,2.90300000,14.10000000,955.00,2014,"Transit",0.100000
"Kepler-450 c","Kepler-450",295.4865821,51.0135237,15.41313500000,0.1335100000,2.62000000,12.50000000,944.00,2015,"Transit",0.020000
"TOI-4578 b","TOI-4578",184.2109675,75.1402358,8.62392630369,,2.26974262,5.77000000,842.42,2026,"Transit",
"HD 1605 b","HD 1605",5.1317548,30.9750611,577.20000000000,1.4920000000,13.80000000,296.85322000,362.48,2015,"Radial Velocity",0.095000
"HD 210193 b","HD 210193",332.3951324,-41.2252050,649.91800000000,1.4870000000,14.30000000,153.10000000,235.69,2019,"Radial Velocity",0.240000
"HD 108236 c","HD 108236",186.5740627,-51.3630519,6.20344900000,0.0620000000,2.07100000,4.94000000,932.00,2020,"Transit",0.034000
"K2-392 b","K2-392",354.6499065,-7.4788816,15.39872300000,,1.85000000,4.08000000,,2022,"Transit",
"TOI-4145 A b","TOI-4145 A",39.4297435,80.2673838,4.06644280000,0.0482300000,13.30506009,136.66621501,1074.00,2023,"Transit",0.000000
"TOI-4379 b","TOI-4379",252.0478813,-32.4337532,3.25352000000,,16.69017226,353.74301699,1869.38,2024,"Transit",0.018000
"Kepler-1663 b","Kepler-1663",290.4015156,48.8227234,17.60460000000,0.1072000000,3.30395896,10.90000000,362.00,2020,"Transit",0.000000
"Kepler-273 c","Kepler-273",291.3021458,47.6976573,8.01492700000,0.0730000000,1.98000000,4.58000000,865.00,2014,"Transit",0.000000
"GJ 3138 c","GJ 3138",32.2977385,-16.3392495,5.97400000000,0.0570000000,1.88000000,4.18000000,530.85,2017,"Radial Velocity",0.110000
"K2-291 b","K2-291",76.4459400,21.5481990,2.22517700000,0.0326100000,1.58900000,6.49000000,1278.00,2019,"Transit",0.000000
"HD 39855 b","HD 39855",88.6260731,-19.7044472,3.24980000000,0.0410000000,2.85000000,8.50000000,1145.89,2019,"Radial Velocity",0.140000
"HIP 90988 b","HIP 90988",278.3892816,-50.2116920,455.73816000000,1.3600000000,13.40000000,668.07531151,400.77,2021,"Radial Velocity",0.081000
"TOI-558 b","TOI-558",42.2915093,-58.0246828,14.57407100000,0.1291000000,12.17295304,1147.36054927,1061.00,2021,"Transit",0.298000
"GPX-1 b","GPX-1",38.3691648,56.0257080,1.74457900000,0.0338000000,16.47720163,6261.21961790,2300.00,2021,"Transit",0.000000
"TOI-3819 b","TOI-3819",121.8632568,29.3886446,3.24431410000,0.0461100000,13.13692538,352.78953177,1633.00,2023,"Transit",0.000000
"Kepler-181 b","Kepler-181",296.1512831,50.0957806,3.13787300000,0.0400000000,1.27000000,2.15000000,1041.00,2014,"Transit",0.000000
"K2-38 c","K2-38",240.0333095,-23.1894196,10.56103000000,0.0951400000,2.29000000,8.30000000,916.00,2016,"Transit",0.161000
"HD 224538 b","HD 224538",359.7164302,-61.5868613,1202.05199000000,2.3750000000,12.70000000,2075.73732612,236.74,2016,"Radial Velocity",0.476000
"GJ 273 b","GJ 273",111.8520910,5.2258070,18.64980000000,0.0911010000,1.51000000,2.89000000,292.47,2017,"Radial Velocity",0.100000
"K2-292 b","K2-292",205.3758786,-9.9460704,16.98410000000,0.1300000000,2.63000000,24.50000000,795.00,2019,"Transit",0.040000
"GJ 4276 b","GJ 4276",336.3221454,59.4125030,13.35200000000,0.0820000000,4.22000000,16.57000000,363.86,2019,"Radial Velocity",0.370000
"HD 102843 b","HD 102843",177.5854673,-1.2522989,3090.94200000000,4.0740000000,13.10000000,113.90000000,127.34,2019,"Radial Velocity",0.110000
"Kepler-271 b","Kepler-271",283.0029316,44.2841080,10.43547805000,0.0878400000,1.23000000,2.04000000,759.00,2014,"Transit",0.000000
"CFHTWIR-Oph 98 b","CFHTWIR-Oph 98 A",246.9342770,-23.9811500,8040000.00000000000,200.0000000000,20.84870410,2479.06157460,1800.00,2020,"Imaging",
"TOI-1431 b","TOI-1431",316.2036922,55.5880221,2.65023700000,0.0460000000,16.70138124,991.62462984,2370.00,2021,"Transit",0.002200
"K2-395 c","K2-395",70.4438684,16.6743415,8.49128200000,,3.39500000,11.40000000,,2022,"Transit",
"TOI-4406 b","TOI-4406",18.0485164,-56.9253875,30.08364000000,0.2010000000,11.20898070,95.34852210,904.00,2023,"Transit",0.150000
"Kepler-149 d","Kepler-149",285.8537014,38.3840916,160.01803200000,0.5710000000,3.96000000,14.90000000,306.00,2014,"Transit",0.000000
"TOI-4405 b","TOI-4405",101.5953368,-75.4441271,5.92143995316,,2.55505441,7.06000000,671.87,2026,"Transit",
"TOI-5027 b","TOI-5027",243.8850212,-69.2170972,10.24368000000,0.0930000000,10.76062147,642.01338214,1056.00,2025,"Transit",0.385000
"GJ 273 c","GJ 273",111.8520910,5.2258070,4.72340000000,0.0364670000,1.06000000,1.18000000,462.26,2017,"Radial Velocity",0.170000
"HD 20781 d","HD 20781",50.0139757,-28.7841175,29.15800000000,0.1647000000,3.25000000,10.61000000,570.19,2019,"Radial Velocity",0.110000
"HD 110113 b","HD 110113",190.0365636,-44.3120777,2.54100000000,0.0350000000,2.05000000,4.55000000,1371.00,2021,"Transit",0.093000
"HAT-P-63 b","HAT-P-63",269.5720695,5.7613709,3.37772800000,0.0429400000,12.54284940,195.14664190,1237.00,2021,"Transit",0.069000
"K2-398 b","K2-398",161.7349738,1.9367044,6.39302500000,,2.27400000,5.79000000,,2022,"Transit",
"TOI-3862 b","TOI-3862",185.9005633,50.5446246,1.55745774000,0.0253900000,5.53000000,53.70000000,1539.00,2026,"Transit",0.023200
"Kepler-284 c","Kepler-284",293.1465698,47.7297053,37.51445600000,0.2130000000,2.61000000,7.32000000,478.00,2014,"Transit",0.000000
"TOI-4662 b","TOI-4662",57.5160311,-31.0940247,4.70343764575,,2.87998299,8.65000000,741.00,2026,"Transit",
"HD 7924 c","HD 7924",20.4956562,76.7101475,15.29900000000,0.1134000000,,1762.67634522,583.60,2015,"Radial Velocity",0.098000
"NGC 2682 YBP 401 b","NGC 2682 YBP 401",132.8293081,11.6710271,4.08700000000,,14.30000000,146.20180000,,2016,"Radial Velocity",0.150000
"WASP-142 b","WASP-142",140.5063164,-23.9461020,2.05286800000,0.0347000000,17.14977000,266.97720000,2000.00,2016,"Transit",0.000000
"WASP-171 b","WASP-171",171.8450533,-44.0887035,3.81862440000,0.0504000000,10.98482000,344.52772000,1642.00,2019,"Transit",0.000000
"TOI-1789 b","TOI-1789",142.7434060,26.5399951,3.20866400000,0.0488200000,16.14093221,222.47988490,1927.00,2021,"Transit",
"HD 35843 c","HD 35843",81.3488924,-44.4312849,46.96220000000,0.2500000000,2.54000000,11.32000000,479.00,2025,"Transit",0.153000
"TOI-4666 b","TOI-4666",56.2898862,-39.0631799,2.90891650000,0.0340000000,12.53164042,155.41809102,695.00,2025,"Transit",0.023000
"BD+20 594 b","BD+20 594",53.6511231,20.5990205,41.68550000000,0.2410000000,2.57807000,22.24810000,546.00,2016,"Transit",0.000000
"Kepler-19 d","Kepler-19",290.4209694,37.8516556,62.95000000000,,5.06000000,22.50000000,,2017,"Radial Velocity",0.050000
"GJ 143 b","GJ 143",51.7501882,-63.5001660,35.61253000000,0.1915000000,2.61000000,22.70000000,422.00,2019,"Transit",0.188000
"WASP-182 b","WASP-182",311.6733450,-41.8209828,3.37698480000,0.0451000000,9.52765000,47.03884000,1479.00,2019,"Transit",0.000000
"HD 107148 c","HD 107148",184.8059773,-3.3199927,18.32670000000,0.1407000000,4.70000000,19.89605828,799.68,2021,"Radial Velocity",0.340000
"Kepler-833 b","Kepler-833",290.4799052,45.6005798,18.75469980000,0.1139000000,2.02000000,4.74000000,382.00,2016,"Transit",0.000000
"Kepler-94 b","Kepler-94",281.1947316,47.4972606,2.50806000000,0.0337700000,3.51000000,10.84000000,997.00,2014,"Transit",0.000000
"TOI-4463 A b","TOI-4463 A",279.3581286,18.7299522,2.88071980000,0.0403600000,13.26022417,252.35575516,1395.00,2023,"Transit",0.000000
"HATS-9 b","HATS-9",290.8101704,-20.1663771,1.91529100000,0.0312000000,13.85000000,266.02371000,1746.00,2015,"Transit",0.075000
"TYC 0434-04538-1 b","TYC 0434-04538-1",271.3396528,2.0622774,193.20000000000,0.6600000000,12.70000000,1938.76300000,877.80,2021,"Radial Velocity",0.080000
"Kepler-839 b","Kepler-839",291.0746840,45.2425440,37.81445140000,0.2316000000,2.57000000,7.13000000,626.00,2016,"Transit",0.000000
"HD 27969 b","HD 27969",66.7068364,42.9087200,654.50000000000,1.5520000000,12.90000000,1525.57635360,261.00,2021,"Radial Velocity",0.182000
"TOI-3912 b","TOI-3912",215.8014956,24.0765639,3.49362640000,0.0463000000,14.28024141,129.03833324,1512.00,2023,"Transit",0.000000
"Kepler-294 b","Kepler-294",287.3920392,46.0592578,3.70121200000,0.0480000000,1.77000000,3.78000000,1087.00,2014,"Transit",0.000000
"TOI-4487 A b","TOI-4487 A",306.4220814,45.9710306,3.95407090000,0.0544800000,14.60530185,397.28550875,1639.00,2025,"Transit",0.083000
"K2-251 b","K2-251",190.6892403,-8.5359826,9.30075000000,0.0694000000,2.35000000,6.12000000,437.00,2018,"Transit",
"GJ 3512 b","GJ 3512",130.3316616,59.4918364,203.10900000000,0.3376000000,14.30000000,146.51889563,97.19,2019,"Radial Velocity",0.427900
"HD 145675 c","14 Her",242.6021014,43.8163621,15732.45889000000,20.0000000000,12.60000000,2510.84441530,55.51,2021,"Radial Velocity",0.520000
"HD 95544 b","HD 95544",166.3231784,81.0389868,2041.54152000000,3.1660000000,12.80000000,1913.64483855,156.50,2021,"Radial Velocity",0.049000
"Kepler-309 b","Kepler-309",297.5098911,46.9614121,5.92365300000,0.0590000000,1.56000000,3.05000000,531.00,2014,"Transit",0.000000
"Qatar-7 b","Qatar-7",358.5151344,37.0218242,2.03204600000,0.0352000000,19.05530000,597.52040000,2053.00,2019,"Transit",0.000000
"Kepler-270 b","Kepler-270",282.2001207,44.4222795,11.47609400000,0.1070000000,2.01000000,4.70000000,984.00,2014,"Transit",0.000000
"TOI-628 b","TOI-628",99.2630608,1.7675497,3.40956750000,0.0486000000,11.88154000,2011.86390000,1586.00,2021,"Transit",0.072000
"HD 168009 b","HD 168009",273.8847918,45.2088229,15.14790000000,0.1192000000,3.05000000,9.53485221,887.57,2021,"Radial Velocity",0.120000
"HD 164922 e","HD 164922",270.6304652,26.3104077,41.76300000000,0.2292000000,3.23000000,10.52012027,543.73,2021,"Radial Velocity",0.086000
"HD 115954 b","HD 115954",199.9853694,38.3691383,3700.00000000000,5.0000000000,12.60000000,2685.65003915,144.90,2021,"Radial Velocity",0.487000
"TOI-1278 b","TOI-1278",320.4784442,35.6486250,14.47567000000,0.0950000000,12.21778896,5879.82552950,407.87,2021,"Transit",0.013000
"LHS 1678 b","LHS 1678",68.1789866,-39.7908744,0.86023250000,0.0123900000,0.68500000,0.35000000,830.44,2021,"Transit",0.033000
"TOI-3980 b","TOI-3980",12.8419374,59.5758606,3.60892540000,0.0494000000,14.45958510,187.51876013,1621.00,2025,"Transit",0.160000
"Kepler-903 b","Kepler-903",288.7710137,40.6641771,10.35077210000,0.0908100000,2.01000000,4.70000000,842.00,2016,"Transit",0.000000
"Kepler-84 c","Kepler-84",298.2520208,40.4960842,12.88300000000,0.1072000000,2.36000000,20.20000000,865.00,2012,"Transit",0.000000
"TOI-4507 b","TOI-4507",80.4513677,-69.9882175,104.61611000000,0.4560000000,8.20000000,20.00000000,464.80,2025,"Transit",0.090000
"TOI-5160 b","TOI-5160",114.6393985,31.3944536,4.28077325600,,2.39729851,6.33000000,1016.00,2026,"Transit",
"EPIC 211822797 b","EPIC 211822797",130.4102091,17.6399744,21.17019630000,0.1195000000,1.92000000,4.35000000,431.00,2016,"Transit",0.060000
"K2-254 c","K2-254",185.5507926,-4.7172908,12.11839000000,0.0923000000,2.19000000,5.43000000,551.00,2018,"Transit",
"GJ 160.2 b","GJ 160.2",61.6454173,-20.8564724,5.23540000000,0.0530000000,3.17000000,10.20000000,736.99,2014,"Radial Velocity",0.060000
"HD 39194 d","HD 39194",86.1290710,-70.1382377,33.87400000000,0.1949000000,2.12000000,5.16000000,503.31,2021,"Radial Velocity",0.159000
"Kepler-304 b","Kepler-304",294.4418031,40.5575408,3.29570900000,0.0390000000,2.86000000,8.55000000,875.00,2014,"Transit",0.000000
"Kepler-1756 b","Kepler-1756",294.3649040,40.7208898,2.35575008400,0.0319000000,1.47199944,2.77000000,1093.00,2021,"Transit",0.000000
"EPIC 206317286 c","EPIC 206317286",337.6178427,-7.9724560,17.51547200000,,2.09400000,5.03000000,,2022,"Transit",
"Kepler-195 b","Kepler-195",288.1209339,47.9666141,8.30787200000,0.0770000000,2.03000000,4.78000000,751.00,2014,"Transit",0.000000
"K2-28 b","K2-28",335.6233145,-7.9563525,2.26045500000,0.0214000000,2.32000000,5.99000000,568.00,2016,"Transit",0.000000
"Kepler-1724 b","Kepler-1724",296.1207272,47.9214736,6.45442009000,0.0683000000,2.83677238,8.43000000,999.00,2021,"Transit",0.000000
"HAT-P-7 b","HAT-P-7",292.2471900,47.9695429,2.20474000000,0.0380900000,16.92559000,584.80720000,2733.00,2008,"Transit",0.000000
"Kepler-551 b","Kepler-551",285.4850450,48.0543774,12.37646610000,0.0893000000,2.73000000,7.90000000,483.00,2016,"Transit",0.000000
"K2-44 b","K2-44",174.0116610,-2.5209338,5.65700000000,0.0600000000,2.43300000,6.50000000,1211.00,2016,"Transit",
"K2-27 b","K2-27",171.5151874,1.2306237,6.77134700000,0.0670200000,4.74000000,30.20000000,836.00,2016,"Transit",0.251000
"K2-378 b","K2-378",205.1596569,-11.1172332,2.06043800000,,2.88000000,8.65000000,,2022,"Transit",
"K2-42 b","K2-42",176.6657559,-5.1720463,6.68796000000,0.0617000000,2.15000000,5.27000000,718.09,2016,"Transit",
"K2-193 b","K2-193",205.2371043,-11.0093342,14.78688900000,0.1184000000,3.95000000,14.80000000,739.00,2018,"Transit",
"Kepler-452 b","Kepler-452",296.0037520,44.2775861,384.84300000000,1.0460000000,1.63000000,3.29000000,265.00,2015,"Transit",0.000000
"Kepler-220 c","Kepler-220",291.5060432,46.8956262,9.03419900000,0.0760000000,1.57000000,3.09000000,586.00,2014,"Transit",0.000000
"Kepler-228 d","Kepler-228",296.2860853,48.2246328,11.09428600000,0.1010000000,4.04000000,15.40000000,835.00,2014,"Transit",0.000000
"Kepler-565 b","Kepler-565",283.6180825,47.1967793,4.24374722600,0.0501000000,3.64000000,12.90000000,1063.00,2016,"Transit",0.000000
"K2-35 b","K2-35",170.1031027,1.2858679,2.39996400000,0.0310000000,1.32000000,2.30000000,979.00,2016,"Transit",0.130000
"Kepler-1720 b","Kepler-1720",296.8086813,47.1718557,12.70639992000,0.1043000000,3.21585295,10.40000000,697.00,2021,"Transit",0.000000
"K2-368 b","K2-368",332.6357627,-11.1661157,5.02559800000,,1.33200000,2.34000000,,2022,"Transit",
"OGLE-2016-BLG-0261L b","OGLE-2016-BLG-0261L",267.8162083,-30.4085000,,0.7200000000,9.60000000,66.74396547,,2026,"Microlensing",
"KMT-2025-BLG-0026L b","KMT-2025-BLG-0026L",261.7665000,-29.2740806,,0.9600000000,13.30000000,676.97450691,,2026,"Microlensing",
"KMT-2025-BLG-0030L b","KMT-2025-BLG-0030L",262.5867500,-29.4817306,,2.3500000000,13.70000000,365.50266805,,2026,"Microlensing",
"KMT-2025-BLG-2272L b","KMT-2025-BLG-2272L",269.5751667,-27.7738306,,3.8900000000,13.30000000,785.03616529,,2026,"Microlensing",
"TOI-3894 b","TOI-3894",201.3748265,52.7681036,4.33454000000,0.0535400000,15.27784069,260.61929374,1531.00,2024,"Transit",0.050000
"TOI-5301 b","TOI-5301",12.9908008,13.0783712,5.85885800000,0.0730000000,13.09208946,1182.32167404,1648.00,2024,"Transit",0.330000
"HD 7449 b","HD 7449",18.6214650,-5.0479716,1270.55195000000,2.4380000000,12.60000000,2597.92939882,183.23,2011,"Radial Velocity",0.752000
"KMT-2023-BLG-1118L b","KMT-2023-BLG-1118L",272.6143333,-26.2726694,,0.9000000000,9.60000000,66.74396547,,2026,"Microlensing",
"TOI-4468 b","TOI-4468",260.5750231,72.6453728,2.77085931000,0.0359200000,11.29000000,170.10000000,1153.00,2026,"Transit",0.030000
"TOI-4616 b","TOI-4616",14.8180883,13.8607948,1.55382000000,,1.22000000,1.98000000,525.00,2026,"Transit",0.000000
"TOI-5646 b","TOI-5646",198.4471387,5.7021318,2.42770270000,0.0427000000,6.61000000,45.93000000,1935.00,2026,"Transit",0.120000
"TOI-4468 c","TOI-4468",260.5750231,72.6453728,7.01390000000,0.0667000000,3.09000000,9.75000000,846.00,2026,"Transit",0.122000
"TOI-789 b","TOI-789",115.2702252,-71.3037640,5.44703400000,0.0430000000,1.18000000,3.70000000,448.00,2026,"Transit",0.050000
"TOI-789 d","TOI-789",115.2702252,-71.3037640,12.97068900000,0.0770000000,1.40000000,6.60000000,336.00,2026,"Transit",0.050000
"TOI-789 c","TOI-789",115.2702252,-71.3037640,8.04323440000,0.0560000000,1.15000000,3.00000000,394.00,2026,"Transit",0.050000
